record_id,openalex_id,doi,title,year,venue,type,search_strategies,has_abstract,decision_code,decision,duplicate_of,in_evidence_map
m0,https://openalex.org/W1451075151,10.1016/j.geothermics.2015.06.010,3D thermo-poroelastic analysis of fracture network deformation and induced micro-seismicity in enhanced geothermal systems,2015,Geothermics,article,S3_title_only,0,Xs,excluded: setting out of scope,,0
m1,https://openalex.org/W2566410222,,Dynamic rupture modeling of injection-induced seismicity: Influence of pressure diffusion below porous aquifers,2015,TNO Repository,conference-paper,S3_title_only,0,Xs,excluded: setting out of scope,,0
m2,https://openalex.org/W3126705040,,"Integrating horizontal borehole imagery and cluster analysis with microseismic data for Niobrara/Codell reservoir characterization, Wattenberg Field, Colorado, USA",2015,Digital Collections of Colorado (Colorado State University),article,S3_title_only,0,Xt,excluded: task out of scope,,0
m3,https://openalex.org/W4237559165,10.2118/178594-ms,"Integration of Microseismic Data and an Unconventional Fracture Modeling Tool to Generate the Hydraulically Induced Fracture Network: A Case Study from the Cardium Formation, West Central Alberta, Canada",2015,Unconventional Resources Technology Conference,conference-paper,S3_title_only,0,Xt,excluded: task out of scope,,0
m4,https://openalex.org/W2179753185,10.2118/178130-ms,"Microseismic Monitoring Reveals Hydraulic Fracture Development in Clustered Horizontal Well Completed in High-Temperature Tight Gas Reservoir, Sultanate of Oman",2015,,conference-paper,S3_title_only,1,Xn,excluded: no ML or DL component,,0
m5,https://openalex.org/W2595439177,,Pore-pressure diffusion based on analysis and characterization of microseismicity in central Arkansas,2015,PhDT,article,S3_title_only,0,Xs,excluded: setting out of scope,,0
m6,https://openalex.org/W2371029527,,Research on Microseismic Prediction Based on Support Vector Machine,2015,Mining Research and Development,article,S3_title_only,1,Xt,excluded: task out of scope,,0
m7,https://openalex.org/W1988342085,10.2118/0115-0050-jpt,Techbits: Learnings From the SEG/SPE/ARMA Injection-Induced Seismicity Workshop,2015,Journal of Petroleum Technology,article,S3_title_only,1,Xp,"excluded: secondary study (review, survey)",,0
m8,https://openalex.org/W2560559189,,3D Analysis of Thermo-poroelastic Processes on Fracture Network Deformation and Induced Micro-Seismicity Potential in EGS,2016,50th U.S. Rock Mechanics/Geomechanics Symposium,conference-paper,S3_title_only,0,Xs,excluded: setting out of scope,,0
m9,https://openalex.org/W2741292913,,A method to interpret induced seismicity clouds as a fracture network,2016,,article,S3_title_only,0,Xt,excluded: task out of scope,,0
m10,https://openalex.org/W2509311138,10.1016/j.jngse.2016.08.024,An integrated workflow for characterization and simulation of complex fracture networks utilizing microseismic and horizontal core data,2016,Journal of Natural Gas Science and Engineering,article,S3_title_only,0,Xt,excluded: task out of scope,,0
m11,https://openalex.org/W2562991830,10.1007/s10950-016-9632-2,Automatic event detection in low SNR microseismic signals based on multi-scale permutation entropy and a support vector machine,2016,Journal of Seismology,article,S3_title_only,0,I,included,,1
m12,https://openalex.org/W2533471832,10.1109/lgrs.2016.2616510,Automatic Time Picking for Microseismic Data Based on a Fuzzy C-Means Clustering Algorithm,2016,IEEE Geoscience and Remote Sensing Letters,article,S3_title_only,1,I,included,,1
m13,https://openalex.org/W2512548693,10.2118/181693-ms,Complementary Surveillance Microseismic and Flowback Data Analysis: An Approach to Evaluate Complex Fracture Networks,2016,SPE Annual Technical Conference and Exhibition,conference-paper,S3_title_only,1,Xt,excluded: task out of scope,,0
m14,https://openalex.org/W2597044206,10.15530/urtec-2016-2455932,Development of Limited Discrete Fracture Network Using Surface Microseismic Event Detection Testing in Canadian Horn River Basin,2016,,conference-paper,S3_title_only,0,Xn,excluded: no ML or DL component,,0
m15,https://openalex.org/W2595024710,10.15530/urtec-2016-2449239,Discrete Fracture Network Generation Using Microseismic Data from a Single Monitoring Well,2016,,conference-paper,S3_title_only,0,Xt,excluded: task out of scope,,0
m16,https://openalex.org/W2332454417,10.1007/s00024-016-1281-4,Fault Reactivation Analysis Using Microearthquake Clustering Based on Signal-to-Noise Weighted Waveform Similarity,2016,Pure and Applied Geophysics,article,S3_title_only,0,Xt,excluded: task out of scope,,0
m17,https://openalex.org/W1793878743,10.15530/urtec-2016-2460727,"Integrating Horizontal Borehole Imagery and Cluster Analysis with Microseismic Data for Niobrara Reservoir Characterization, Wattenberg Field, Colorado, USA",2016,,conference-paper,S3_title_only,0,Xt,excluded: task out of scope,,0
m18,https://openalex.org/W2468562839,10.1016/j.juogr.2016.07.001,Integration of microseismic and well production data for fracture network calibration with an L-system and rate transient analysis,2016,Journal of Unconventional Oil and Gas Resources,article,S3_title_only,0,Xt,excluded: task out of scope,,0
m19,https://openalex.org/W2580462794,10.1209/0295-5075/116/59002,Investigating the time clustering of induced microseismicity generated by hydraulic fracturing,2016,Europhysics Letters (EPL),article,S3_title_only,1,Xt,excluded: task out of scope,,0
m20,https://openalex.org/W2509013370,10.1190/segam2016-13866107.1,"Microseismic and model stimulation of natural fracture networks in the Marcellus Shale, West Virginia",2016,,conference-paper,S3_title_only,1,Xn,excluded: no ML or DL component,,0
m21,https://openalex.org/W2516966453,10.1190/segam2016-13944667.1,Microseismic network design in complex 3D velocity models,2016,,conference-paper,S3_title_only,1,Xn,excluded: no ML or DL component,,0
m22,https://openalex.org/W2528827837,10.1002/2016gl070983,Nontrivial clustering of microseismicity induced by hydraulic fracturing,2016,Geophysical Research Letters,article,S3_title_only,1,Xt,excluded: task out of scope,,0
m23,https://openalex.org/W2512338400,10.1016/j.enganabound.2016.07.004,Simulation of micro-seismicity in response to injection/production in large-scale fracture networks using the fast multipole displacement discontinuity method (FMDDM),2016,Engineering Analysis with Boundary Elements,article,S3_title_only,0,Xs,excluded: setting out of scope,,0
m24,https://openalex.org/W2566301703,10.3997/2214-4609.201600577,The CO2CRC Otway Project deployment of a Distributed Acoustic Sensing Network Coupled with Permanent Rotary Sources,2016,78th EAGE Conference and Exhibition 2016,conference-paper,S3_title_only,1,Xn,excluded: no ML or DL component,,0
m25,https://openalex.org/W3041438515,,"Time-lapse seismic tomography using the data of microseismic monitoring network and analysis of mine-induced events, seismic tomography results and technological data in Pyhäsalmi mine, Finland",2016,EGUGA,article,S3_title_only,0,Xa,"excluded: insufficient information (conference abstract, or no abstract and no method named in the title)",,0
m26,https://openalex.org/W2509045778,10.1190/segam2016-13850323.1,Waveform-based Bayesian full moment tensor inversion and uncertainty quantification of the induced seismicity using a surface network in an oil/gas field in Oman,2016,,conference-paper,S3_title_only,1,Xt,excluded: task out of scope,,0
m27,https://openalex.org/W2779956218,10.1186/s40677-017-0091-z,A method for locating rockfall impacts using signals recorded by a microseismic network,2017,Geoenvironmental Disasters,article,S3_title_only,1,Xn,excluded: no ML or DL component,,0
m28,https://openalex.org/W2750424527,10.21859/cej-03098,A Modern Method to Improve of Detecting and Categorizing Mechanism for Micro Seismic Events Data Using Boost Learning System,2017,Civil Engineering Journal,article,S3_title_only,1,I,included,,1
m29,https://openalex.org/W3122353410,10.20944/preprints201708.0072.v1,A Modern Method to Improve of Detecting and Categorizing Mechanism for Micro Seismic Events Data Using Boost Learning System,2017,Preprints.org,preprint,S3_title_only,1,Xd,collapsed: second report of an included study,m28,0
m30,https://openalex.org/W2586596397,10.48550/arxiv.1702.01856,A multi-channel approach for automatic microseismic event association using RANSAC-based arrival time event clustering(RATEC),2017,arXiv (Cornell University),preprint,S3_title_only,1,Xn,excluded: no ML or DL component,,0
m31,https://openalex.org/W2599622912,10.33799/jokull2017.67.001,"A peculiar cluster of microearthquakes on the eastern flank of Katla volcano, southern Iceland",2017,,article,S3_title_only,1,Xs,excluded: setting out of scope,,0
m32,https://openalex.org/W2749056081,10.1190/segam2017-17761195.1,A robust neural network-based approach for microseismic event detection,2017,,conference-paper,S3_title_only,1,I,included,,1
m33,https://openalex.org/W2644262029,10.1109/lgrs.2017.2705703,A Time Picking Method Based on Spectral Multimanifold Clustering in Microseismic Data,2017,IEEE Geoscience and Remote Sensing Letters,article,S3_title_only,1,I,included,,1
m34,https://openalex.org/W2767292437,10.1093/gji/ggx487,An automatic microseismic or acoustic emission arrival identification scheme with deep recurrent neural networks,2017,Geophysical Journal International,article,S3_title_only,1,I,included,,1
m35,https://openalex.org/W2611328407,10.1002/2016jb013731,Characterization of induced seismicity patterns derived from internal structure in event clusters,2017,Journal of Geophysical Research Solid Earth,article,S3_title_only,1,Xt,excluded: task out of scope,,0
m36,https://openalex.org/W2747963008,10.15530/urtec-2017-2697672,Characterizing Reservoir Behaviour With Cluster-based Microseismic Analysis,2017,,conference-paper,S3_title_only,0,Xt,excluded: task out of scope,,0
m37,https://openalex.org/W2888559623,,Constraining the stochastic fracture network using induced microseismicity in the Basel geothermal reservoir,2017,,article,S3_title_only,0,Xt,excluded: task out of scope,,0
m38,https://openalex.org/W2004484084,10.2118/0117-0022-jpt,E&P Notes (January 2017),2017,Journal of Petroleum Technology,article,"S1_original_blocks; S2_relaxed_task",1,Xp,"excluded: secondary study (review, survey)",,0
m39,https://openalex.org/W2778590635,10.1088/1755-1315/95/4/042058,Forecasting of Energy Expenditure of Induced Seismicity with Use of Artificial Neural Network,2017,IOP Conference Series Earth and Environmental Science,conference-paper,S3_title_only,1,Xt,excluded: task out of scope,,0
m40,https://openalex.org/W2615808098,10.1016/j.soildyn.2017.05.008,Improving microseismic event and quarry blast classification using Artificial Neural Networks based on Principal Component Analysis,2017,Soil Dynamics and Earthquake Engineering,article,S3_title_only,0,I,included,,1
m41,https://openalex.org/W2903427015,,"Jeddi, Zeinab, Sgattoni, Giulia, Gudmundsson, Olafur, Tryggvason, Ari, Lund, Björn, 2017. A peculiar cluster of microearthquakes on the eastern flank of Katla volcano, southern Iceland, Jökull 67, 1-16.",2017,JOKULL,article,S3_title_only,1,Xs,excluded: setting out of scope,,0
m42,https://openalex.org/W2772829152,10.1190/int-2016-0199.1,Marcellus Shale model stimulation tests and microseismic response yield insights into mechanical properties and the reservoir discrete fracture network,2017,Interpretation,article,S3_title_only,1,Xt,excluded: task out of scope,,0
m43,https://openalex.org/W2746782328,10.1190/segam2017-17537960.1,"Microseismic cluster analysis and in-situ stress inversion: A case study from the Cardium Formation, west central Alberta, Canada",2017,,conference-paper,S3_title_only,1,Xt,excluded: task out of scope,,0
m44,https://openalex.org/W2569749013,10.1016/j.fuel.2016.12.059,Semi-analytical modeling of shale gas flow through fractal induced fracture networks with microseismic data,2017,Fuel,article,S3_title_only,0,Xs,excluded: setting out of scope,,0
m45,https://openalex.org/W2768025220,10.3997/2214-4609.201702479,"Successful Deployment of a Microseismic Network for Monitoring Steam Enhanced Oil Recovery, Sultanate of Oman",2017,Proceedings,conference-paper,S3_title_only,0,Xn,excluded: no ML or DL component,,0
m46,https://openalex.org/W2619697831,10.3997/2214-4609.201701676,Verification of Network Design for Induced Seismicity,2017,Proceedings,conference-paper,S3_title_only,1,Xn,excluded: no ML or DL component,,0
m47,https://openalex.org/W2884582435,10.1109/lgrs.2018.2854834,A Time Picking Method for Microseismic Data Based on LLE and Improved PSO Clustering Algorithm,2018,IEEE Geoscience and Remote Sensing Letters,article,S3_title_only,1,I,included,,1
m48,https://openalex.org/W2901571995,10.1007/s00542-018-4225-3,Adaptive microseismic data compressed sensing method based on dictionary learning,2018,Microsystem Technologies,article,S3_title_only,0,Xt,excluded: task out of scope,,0
m49,https://openalex.org/W2805267115,10.3390/s18061828,An Efficient Neural-Network-Based Microseismic Monitoring Platform for Hydraulic Fracture on an Edge Computing Architecture,2018,Sensors,article,S3_title_only,1,I,included,,1
m50,https://openalex.org/W2910709085,,An Enhanced RANSAC Method for Complex Hydraulic Network Characterization Based on Microseismic Data,2018,,article,S3_title_only,0,Xt,excluded: task out of scope,,0
m51,https://openalex.org/W2891863585,10.1190/segam2018-2997548.1,Automatic microseismic detection and location via the deep-convolutional neural network,2018,,conference-paper,S3_title_only,1,I,included,,1
m52,https://openalex.org/W2891520470,10.1190/segam2018-2998279.1,Automatic microseismic-event detection via supervised machine learning,2018,,conference-paper,S3_title_only,1,Xr,excluded: linked to a retracted study,,0
m53,https://openalex.org/W2898199878,10.1016/j.cageo.2018.10.008,Automatic recognition and classification of multi-channel microseismic waveform based on DCNN and SVM,2018,Computers & Geosciences,article,S3_title_only,0,I,included,,1
m54,https://openalex.org/W2914760449,,Characterizing Microseismic-Derived Fracture Networks in the Context of Connectivity and Fluid Flow,2018,,article,S3_title_only,0,Xt,excluded: task out of scope,,0
m55,https://openalex.org/W2894538223,10.2118/191680-ms,Cloud-Based Solution for Advanced Real-Time Fracturing Evaluation,2018,SPE Annual Technical Conference and Exhibition,conference-paper,S2_relaxed_task,1,Xn,excluded: no ML or DL component,,0
m56,https://openalex.org/W2891778632,10.1093/gji/ggy388,Clustering-based stress inversion from focal mechanisms in microseismic monitoring of hydrofracturing,2018,Geophysical Journal International,article,S3_title_only,1,Xt,excluded: task out of scope,,0
m57,https://openalex.org/W2900820321,10.3997/2214-4609.201803007,Data-Driven Signal Recognition- A Machine Learning Application For The Real-Time Microseismic Monitoring,2018,Proceedings,conference-paper,S3_title_only,1,I,included,,1
m58,https://openalex.org/W4403564604,10.19606/j.cnki.jmst.2018.06.002,Deep belief neural network-based arrival picking for microseismic data,2018,DOAJ (DOAJ: Directory of Open Access Journals),article,S3_title_only,1,Xl,excluded: full text not in English,,0
m59,https://openalex.org/W2891644197,10.1190/segam2018-2998357.1,Deep learning applied to induced-seismicity location in the Groningen gas field in the Netherlands,2018,,conference-paper,S3_title_only,1,I,included,,1
m60,https://openalex.org/W2890188788,10.1007/s00603-018-1585-z,Distribution Characteristics of Mining-Induced Seismicity Revealed by 3-D Ray-Tracing Relocation and the FCM Clustering Method,2018,Rock Mechanics and Rock Engineering,article,S3_title_only,0,Xt,excluded: task out of scope,,0
m61,https://openalex.org/W2793722342,10.1190/int-2017-0164.1,Experiences and learnings from induced seismicity regulation in Alberta,2018,Interpretation,article,S3_title_only,1,Xp,"excluded: secondary study (review, survey)",,0
m62,https://openalex.org/W2897815232,10.3997/2214-4609.201801057,Full Waveform Event Location and Cluster Analysis for Groningen Induced Seismicity,2018,Proceedings,conference-paper,S3_title_only,1,Xt,excluded: task out of scope,,0
m63,https://openalex.org/W2943711664,,Imaging Discrete Fracture Network using the Location and the Moment Tensor of Microseismic Events,2018,,article,S3_title_only,0,Xt,excluded: task out of scope,,0
m64,https://openalex.org/W2874528452,10.1029/2018gl077609,Maximum Magnitude Forecast in Hydraulic Stimulation Based on Clustering and Size Distribution of Early Microseismicity,2018,Geophysical Research Letters,article,S3_title_only,1,Xt,excluded: task out of scope,,0
m65,https://openalex.org/W2883142087,10.1016/j.tust.2018.07.006,Micro-seismic event detection and location in underground mines by using Convolutional Neural Networks (CNN) and deep learning,2018,Tunnelling and Underground Space Technology,article,S3_title_only,0,I,included,,1
m66,https://openalex.org/W2794378476,10.1002/2017jb014491,Microseismic Monitoring of Stimulating Shale Gas Reservoir in SW China: 2. Spatial Clustering Controlled by the Preexisting Faults and Fractures,2018,Journal of Geophysical Research Solid Earth,article,S3_title_only,1,Xt,excluded: task out of scope,,0
m67,https://openalex.org/W2788677725,10.1190/int-2017-0172.1,Microseismicity-derived fracture network characterization of unconventional reservoirs by topology,2018,Interpretation,article,S3_title_only,1,Xt,excluded: task out of scope,,0
m68,https://openalex.org/W2910860286,,Modeling Nonlinear Diffusion in Fractured Rock With Deformable Fractures and Applications To Injection Induced Seismicity,2018,,article,S3_title_only,0,Xs,excluded: setting out of scope,,0
m69,https://openalex.org/W2890545378,10.1190/segam2018-2998626.1,Neural networks for moment-tensor Inversion of surface microseismic data,2018,,conference-paper,S3_title_only,1,Xt,excluded: task out of scope,,0
m70,https://openalex.org/W2904472732,10.1190/igc2018-116,Non-parametric Bayesian dictionary learning for surface microseismic data denoising,2018,"International Geophysical Conference, Beijing, China, 24-27 April 2018",conference-paper,S3_title_only,1,Xt,excluded: task out of scope,,0
m71,https://openalex.org/W2783417771,10.2118/189850-ms,"Qualifying Diversion in Multi Clusters Horizontal Well Hydraulic Fracturing in Haynesville Shale Using Water Hammer Analysis, Step-Down Test and Microseismic Data",2018,SPE Hydraulic Fracturing Technology Conference and Exhibition,conference-paper,S3_title_only,1,Xn,excluded: no ML or DL component,,0
m72,https://openalex.org/W2888707384,10.1016/j.eng.2018.08.004,Research Developments and Prospects on Microseismic Source Location in Mines,2018,Engineering,article,"S1_original_blocks; S2_relaxed_task",1,Xp,"excluded: secondary study (review, survey)",,0
m73,https://openalex.org/W4251193459,10.5194/esurf-2018-60,Systematic Identification of External Influences in Multi-Year Micro-Seismic Recordings Using Convolutional Neural Networks,2018,,preprint,S3_title_only,1,Xd,collapsed: second report of an included study,m103,0
m74,https://openalex.org/W2804121637,10.1016/j.jngse.2018.04.019,Using Embedded Discrete Fracture Model (EDFM) in numerical simulation of complex hydraulic fracture networks calibrated by microseismic monitoring data,2018,Journal of Natural Gas Science and Engineering,article,S3_title_only,0,Xt,excluded: task out of scope,,0
m75,https://openalex.org/W2891944366,10.1190/segam2018-2992584.1,Using machine learning to estimate the flow of stress using microseismicity recorded during hydraulic fracturing,2018,,conference-paper,S3_title_only,1,Xt,excluded: task out of scope,,0
m76,https://openalex.org/W2948505361,10.3390/su11113212,A Method for Rockburst Prediction in the Deep Tunnels of Hydropower Stations Based on the Monitored Microseismicity and an Optimized Probabilistic Neural Network Model,2019,Sustainability,article,S3_title_only,1,Xt,excluded: task out of scope,,0
m77,https://openalex.org/W2938780757,10.2118/195522-ms,A Novel Approach to Discovery of Hidden Structures in Microseismic Data Using Machine Learning Techniques,2019,SPE Europec featured at 81st EAGE Conference and Exhibition,conference-paper,S3_title_only,1,Xt,excluded: task out of scope,,0
m78,https://openalex.org/W2953470902,10.1093/gji/ggz293,Adaptive moment-tensor joint inversion of clustered microseismic events for monitoring geological carbon storage,2019,Geophysical Journal International,article,S3_title_only,1,Xt,excluded: task out of scope,,0
m79,https://openalex.org/W2970196103,10.3997/2214-4609.201900757,Automatic Classification of Microseismic Signals Related to Mining Activities by Supervised Learning,2019,81st EAGE Conference and Exhibition 2019,conference-paper,S3_title_only,1,I,included,,1
m80,https://openalex.org/W2947161164,10.3997/2214-4609.201900761,Automatic Microseismic Event Detection Using Deep Learning: a Classification is Detection Method,2019,81st EAGE Conference and Exhibition 2019,conference-paper,S3_title_only,1,I,included,,1
m81,https://openalex.org/W2967364702,10.1190/segam2019-3216455.1,Bayesian deep learning and uncertainty quantification applied to induced seismicity locations in the Groningen gas field in the Netherlands: What do we need for safe AI?,2019,,conference-paper,S3_title_only,1,I,included,,1
m82,https://openalex.org/W2968759306,10.1190/segam2019-3215187.1,Clustering in fluid-induced seismicity and what it tells us about its source,2019,,conference-paper,S3_title_only,1,Xt,excluded: task out of scope,,0
m83,https://openalex.org/W2981720378,10.1016/j.jsg.2019.103923,Comparative study of Basel EGS reservoir faults inferred from analysis of microseismic cluster datasets with fracture zones obtained from well log analysis,2019,Journal of Structural Geology,article,S3_title_only,0,Xt,excluded: task out of scope,,0
m84,https://openalex.org/W2985941066,10.1093/gji/ggz441,Deep neural networks design and analysis for automatic phase pickers from three-component microseismic recordings,2019,Geophysical Journal International,article,S3_title_only,1,I,included,,1
m85,https://openalex.org/W2968965474,10.1190/segam2019-3214863.1,Detecting microseismic events in downhole distributed acoustic sensing data using convolutional neural networks,2019,,conference-paper,"S1_original_blocks; S2_relaxed_task; S3_title_only",1,Xd,collapsed: second report of an included study,m118,0
m86,https://openalex.org/W2996349079,10.15530/ap-urtec-2019-198202,Discrimination of Microseismicity Caused by Proppant Injection Using Microseismic Waveform Clustering: The Horn River Basin Case Study,2019,Proceedings of the SPE/AAPG/SEG Asia Pacific Unconventional Resources Technology Conference,conference-paper,S3_title_only,0,Xt,excluded: task out of scope,,0
m87,https://openalex.org/W2918683519,10.6038/pg2018bb0607,Discrimination of shallow and deep induced-microearthquakes based on autoencoder network,2019,Progress in geophysics,article,S3_title_only,0,Xl,excluded: full text not in English,,0
m88,https://openalex.org/W2924081881,10.2523/iptc-19445-ms,Fracture Network Mapping Using Integrated Micro-Seismic Events Inverse with Rate-Transient Analysis,2019,International Petroleum Technology Conference,conference-paper,S3_title_only,1,Xt,excluded: task out of scope,,0
m89,https://openalex.org/W4236154888,10.2523/19445-ms,Fracture Network Mapping Using Integrated Micro-Seismic Events Inverse with Rate-Transient Analysis,2019,International Petroleum Technology Conference,conference-paper,S3_title_only,0,Xt,excluded: task out of scope,,0
m90,https://openalex.org/W2971261699,10.3997/2214-4609.201901506,Intelligent Microseismic Event Detection Using Kirchhoff Migration Style Stacking in Combination with Iterative Clustering based Segmentation,2019,81st EAGE Conference and Exhibition 2019,conference-paper,S3_title_only,1,I,included,,1
m91,https://openalex.org/W2962155213,10.1190/tle38070520.1,Machine learning-based fracture-hit detection algorithm using LFDAS signal,2019,The Leading Edge,article,S2_relaxed_task,1,Xs,excluded: setting out of scope,,0
m92,https://openalex.org/W2908216744,10.1007/s00603-018-1712-x,Method for Generating a Discrete Fracture Network from Microseismic Data and its Application in Analyzing the Permeability of Rock Masses: a Case Study,2019,Rock Mechanics and Rock Engineering,article,S3_title_only,0,Xt,excluded: task out of scope,,0
m93,https://openalex.org/W2967348191,10.1190/segam2019-3213158.1,Microseismic and seismic noise attenuation by supervised deep learning with noisy natural images,2019,,conference-paper,S3_title_only,1,Xt,excluded: task out of scope,,0
m94,https://openalex.org/W2971355877,10.3997/2214-4609.201901010,Microseismic Data Reconstruction and Location Based on Bayesian Non-Parametric Dictionary Learning,2019,81st EAGE Conference and Exhibition 2019,conference-paper,S3_title_only,1,Xn,excluded: no ML or DL component,,0
m95,https://openalex.org/W2979406847,10.1109/lgrs.2019.2943851,Microseismic Denoising and Reconstruction by Unsupervised Machine Learning,2019,IEEE Geoscience and Remote Sensing Letters,article,S3_title_only,1,Xt,excluded: task out of scope,,0
m96,https://openalex.org/W2947120014,10.1186/s40562-019-0137-z,Multi-channel waveform clustering: a first look at microseismic multiplets from coalbed methane stimulation,2019,Geoscience Letters,article,S3_title_only,1,Xt,excluded: task out of scope,,0
m97,https://openalex.org/W2970762295,10.1029/2019gl083406,Quantifying Fracture Networks Inferred From Microseismic Point Clouds by a Gaussian Mixture Model With Physical Constraints,2019,Geophysical Research Letters,article,S3_title_only,1,Xt,excluded: task out of scope,,0
m98,https://openalex.org/W2923354344,10.1109/access.2019.2906066,Research on Microseismic Source Locations Based on Deep Reinforcement Learning,2019,IEEE Access,article,S3_title_only,1,I,included,,1
m99,https://openalex.org/W2979544167,10.1016/j.gete.2019.100155,Scaling properties and anomalous diffusion of the Florina micro-seismic activity: Fluid driven?,2019,Geomechanics for Energy and the Environment,article,S3_title_only,0,Xt,excluded: task out of scope,,0
m100,https://openalex.org/W2983893818,10.1007/s10950-019-09880-9,Seismic networks layout optimization for a high-resolution monitoring of induced micro-seismicity,2019,Journal of Seismology,article,S3_title_only,0,Xn,excluded: no ML or DL component,,0
m101,https://openalex.org/W2940419603,10.1190/geo2018-0621.1,Signal-to-noise ratio enhancement for 3C downhole microseismic data based on the 3D shearlet transform and improved back-propagation neural networks,2019,Geophysics,article,S3_title_only,1,Xt,excluded: task out of scope,,0
m102,https://openalex.org/W2972711621,10.1190/geo2018-0512.1,Simultaneous denoising of multicomponent microseismic data by joint sparse representation with dictionary learning,2019,Geophysics,article,S3_title_only,1,Xt,excluded: task out of scope,,0
m103,https://openalex.org/W2885122465,10.5194/esurf-7-171-2019,Systematic identification of external influences in multi-year microseismic recordings using convolutional neural networks,2019,Earth Surface Dynamics,article,S3_title_only,1,I,included,,1
m104,https://openalex.org/W2910310850,10.2205/2019es000649,The automated detection of microearthquakes on continuous noisy records of local OBS and coastal networks,2019,Rossijskij žurnal nauk o zemle/Russian journal of earth sciences,article,S3_title_only,0,Xs,excluded: setting out of scope,,0
m105,https://openalex.org/W4256504122,10.5194/essd-2019-113,The INSIEME seismic network: a research infrastructure for studying induced seismicity in the High AgriValley (southern Italy),2019,,preprint,S3_title_only,1,Xn,excluded: no ML or DL component,,0
m106,https://openalex.org/W2966512522,10.1016/j.lithos.2019.105154,Variable spatio-temporal clustering of microseismicity in the Hellenic Subduction Zone as possible indicator for fluid migration,2019,Lithos,article,S3_title_only,0,Xs,excluded: setting out of scope,,0
m107,https://openalex.org/W2999557200,10.2523/iptc-20257-ms,Advances of Straddle Packer Microfrac Stress Measurements for Reservoir Development – The Pursuit of Subsurface Tectonic Strain Behavior,2020,International Petroleum Technology Conference,conference-paper,S2_relaxed_task,1,Xs,excluded: setting out of scope,,0
m108,https://openalex.org/W3118077085,10.1190/bhgp2020-17.1,Analysis the effects of perforation cluster numbers on fracture network expansion based on microseismic technology—a case study of shale gas reservoir in Sichuan Basin,2020,,conference-paper,S3_title_only,1,Xs,excluded: setting out of scope,,0
m109,https://openalex.org/W3092333852,10.1093/gji/ggaa449,Application of a convolutional neural network for seismic phase picking of mining-induced seismicity,2020,Geophysical Journal International,article,S3_title_only,1,I,included,,1
m110,https://openalex.org/W3080249044,10.2118/202486-pa,"Application of Interpretable Machine-Learning Workflows To Identify Brittle, Fracturable, and Producible Rock in Horizontal Wells Using Surface Drilling Data",2020,SPE Reservoir Evaluation & Engineering,article,S2_relaxed_task,1,Xs,excluded: setting out of scope,,0
m111,https://openalex.org/W3190543054,10.2172/1833167,Application of unsupervised machine learning approach for characteristics of microseismic events at a CO2 injection site.,2020,,conference-paper,S3_title_only,1,Xt,excluded: task out of scope,,0
m112,https://openalex.org/W3000045246,10.1109/access.2020.2967121,Automatic Classification of Microseismic Records in Underground Mining: A Deep Learning Approach,2020,IEEE Access,article,S3_title_only,1,I,included,,1
m113,https://openalex.org/W3096883001,,Automatic detection and classification of microseismic events from Super-Sauze landslide using convolutional neural networks,2020,Strathprints: The University of Strathclyde institutional repository (University of Strathclyde),conference-paper,S3_title_only,1,I,included,,1
m114,https://openalex.org/W3048385479,10.1190/geo2020-0288.1,Automatic waveform-based source-location imaging using deep learning extracted microseismic signals,2020,Geophysics,article,S3_title_only,1,I,included,,1
m115,https://openalex.org/W3049168396,10.1109/ccdc49329.2020.9164062,Classification of Microseismic Events and Blasts Using Deep Belief Network,2020,,conference-paper,S3_title_only,1,I,included,,1
m116,https://openalex.org/W3002239596,10.1093/gji/ggaa038,Clustering characteristics of gas-extraction induced seismicity in the Groningen gas field,2020,Geophysical Journal International,article,S3_title_only,1,Xt,excluded: task out of scope,,0
m117,https://openalex.org/W3009433454,10.1785/0220190353,Comparison of Single-Trace and Multiple-Trace Polarity Determination for Surface Microseismic Data Using Deep Learning,2020,Seismological Research Letters,article,S3_title_only,1,Xt,excluded: task out of scope,,0
m118,https://openalex.org/W3082115395,10.1111/1365-2478.13027,Convolutional neural networks for automated microseismic detection in downhole distributed acoustic sensing data and comparison to a surface geophone array,2020,Geophysical Prospecting,article,"S1_original_blocks; S2_relaxed_task; S3_title_only",1,I,included,,1
m119,https://openalex.org/W3100254575,10.1007/s00024-020-02617-7,Deep Convolutional Neural Network for Microseismic Signal Detection and Classification,2020,Pure and Applied Geophysics,article,S3_title_only,0,I,included,,1
m120,https://openalex.org/W4240206357,10.2118/201925-ms,Deep Neural Network for Real-Time Location and Moment Tensor Inversion of Borehole Microseismic Events Induced by Hydraulic Fracturing,2020,SPE Russian Petroleum Technology Conference,conference-paper,S3_title_only,1,I,included,,1
m121,https://openalex.org/W3088701322,10.2118/201925-ru,Deep Neural Network for Real-Time Location and Moment Tensor Inversion of Borehole Microseismic Events Induced by Hydraulic Fracturing (Russian),2020,SPE Russian Petroleum Technology Conference,conference-paper,S3_title_only,0,Xd,collapsed: second report of an included study,m120,0
m122,https://openalex.org/W3106374739,10.1007/s11771-020-4530-8,Discrimination of mining microseismic events and blasts using convolutional neural networks and original waveform,2020,Journal of Central South University,article,S3_title_only,0,I,included,,1
m123,https://openalex.org/W3093996274,10.1016/j.jestch.2020.10.002,Dynamic early warning of rockburst using microseismic multi-parameters based on Bayesian network,2020,Engineering Science and Technology an International Journal,article,S3_title_only,1,Xt,excluded: task out of scope,,0
m124,https://openalex.org/W4287813477,10.15121/1632061,EGS Collab Experiment 1: 3D Seismic Velocity Model and Updated Microseismic Catalog Using Transfer-Learning Aided Double-Difference Tomography,2020,OSTI OAI (U.S. Department of Energy Office of Scientific and Technical Information),article,S3_title_only,1,Xa,"excluded: insufficient information (conference abstract, or no abstract and no method named in the title)",,0
m125,https://openalex.org/W3121934640,10.3997/2214-4609.202010892,Enhanced Microseismic Event Detection Using Deep Neural Networks,2020,,conference-paper,S3_title_only,1,I,included,,1
m126,https://openalex.org/W3083046978,10.1016/j.ins.2020.08.109,Explainable time–frequency convolutional neural network for microseismic waveform classification,2020,Information Sciences,article,S3_title_only,0,I,included,,1
m127,https://openalex.org/W3082360578,,Extracting geomechanical information from borehole microseismic data with machine learning,2020,,article,S3_title_only,1,Xt,excluded: task out of scope,,0
m128,https://openalex.org/W3096577789,10.1130/abs/2020am-354967,"FAULT-FRACTURE NETWORKS AT THE BASEMENT-SEDIMENTARY INTERFACE, OKLAHOMA: IMPLICATIONS FOR INDUCED SEISMICITY",2020,Abstracts with programs - Geological Society of America,conference-paper,S3_title_only,0,Xs,excluded: setting out of scope,,0
m129,https://openalex.org/W3036939155,10.1016/j.petrol.2020.107527,First arrival picking of microseismic signals based on nested U-Net and Wasserstein Generative Adversarial Network,2020,Journal of Petroleum Science and Engineering,article,S3_title_only,0,I,included,,1
m130,https://openalex.org/W3089592947,10.1007/s00603-020-02259-0,Identification of Microseismic Events in Rock Engineering by a Convolutional Neural Network Combined with an Attention Mechanism,2020,Rock Mechanics and Rock Engineering,article,S3_title_only,0,I,included,,1
m131,https://openalex.org/W3002866353,10.1016/j.cageo.2020.104418,Identifying microseismic events in a mining scenario using a convolutional neural network,2020,Computers & Geosciences,article,S3_title_only,0,I,included,,1
m132,https://openalex.org/W3121371611,10.3997/2214-4609.202010241,Identifying Microseismic Events in Time-Reversed Source Images Using Support Vector Machine,2020,,conference-paper,S3_title_only,1,I,included,,1
m133,https://openalex.org/W3026683836,10.1080/08123985.2020.1761760,Imaging discrete fracture networks using the location and moment tensors of microseismic events,2020,Exploration Geophysics,article,S3_title_only,1,Xt,excluded: task out of scope,,0
m134,https://openalex.org/W3036271057,10.3389/feart.2020.00227,Injection-Induced Seismic Risk Management Using Machine Learning Methodology – A Perspective Study,2020,Frontiers in Earth Science,article,S3_title_only,1,Xp,"excluded: secondary study (review, survey)",,0
m135,https://openalex.org/W4288293298,,Integrated geomechanical and geophysical processes with machine learning approaches for induced seismicity study.,2020,OSTI OAI (U.S. Department of Energy Office of Scientific and Technical Information),article,S3_title_only,1,Xt,excluded: task out of scope,,0
m136,https://openalex.org/W4239725079,10.1002/essoar.10503383.1,Integrated Processing Method for Microseismic Signal Based on Deep Neural Network,2020,,preprint,S3_title_only,1,Xd,collapsed: second report of an included study,m200,0
m137,https://openalex.org/W3011092893,10.1109/access.2020.2982366,Investigate Contribution of Multi-Microseismic Data to Rockburst Risk Prediction Using Support Vector Machine With Genetic Algorithm,2020,IEEE Access,article,S3_title_only,1,Xt,excluded: task out of scope,,0
m138,https://openalex.org/W3012143846,10.2118/200021-ms,Learning from Behavioral Frac Maps: A Montney Case Study in Integration of Modern Microseismic and Production Data Analyses,2020,,conference-paper,S3_title_only,1,Xt,excluded: task out of scope,,0
m139,https://openalex.org/W3216373198,10.2172/1830919,Machin Learning Applications for Acoustic Emission and Induced Seismic Data.,2020,,conference-paper,S3_title_only,1,Xa,"excluded: insufficient information (conference abstract, or no abstract and no method named in the title)",,0
m140,https://openalex.org/W4288293551,,Machine Learning Based Analysis Of Acoustic Emissions During Induced Seismicity.,2020,OSTI OAI (U.S. Department of Energy Office of Scientific and Technical Information),article,S3_title_only,1,Xs,excluded: setting out of scope,,0
m141,https://openalex.org/W3094337950,10.2118/201456-ms,"Machine Learning Workflow to Identify Brittle, Fracable and Producible Rock in Horizontal Wells Using Surface Drilling Data",2020,SPE Annual Technical Conference and Exhibition,conference-paper,S2_relaxed_task,1,Xs,excluded: setting out of scope,,0
m142,https://openalex.org/W3098143493,10.1029/2020gl089651,"Machine Learning‐Based Analysis of Geological Susceptibility to Induced Seismicity in the Montney Formation, Canada",2020,Geophysical Research Letters,article,S3_title_only,1,Xt,excluded: task out of scope,,0
m143,https://openalex.org/W4253506342,10.20431/2454-9460.0603005,Micro Seismic Source Location Based on Teaching Learning-Based Optimization Technique,2020,International Journal of Mining Science,article,S3_title_only,1,Xn,excluded: no ML or DL component,,0
m144,https://openalex.org/W3122717346,10.3997/2214-4609.202010583,Microseismic Hypocenter Location Using an Artificial Neural Network,2020,,conference-paper,S3_title_only,1,I,included,,1
m145,https://openalex.org/W3079222797,10.1038/s41598-020-70916-z,Microseismic records classification using capsule network with limited training samples in underground mining,2020,Scientific Reports,article,S3_title_only,1,I,included,,1
m146,https://openalex.org/W3088399721,10.3390/app10186621,Microseismic Signal Denoising and Separation Based on Fully Convolutional Encoder–Decoder Network,2020,Applied Sciences,article,S3_title_only,1,Xt,excluded: task out of scope,,0
m147,https://openalex.org/W3008041819,10.1080/22797254.2020.1730707,Microseismic strength prediction based on radial basis probabilistic neural network,2020,European Journal of Remote Sensing,article,S3_title_only,1,Xt,excluded: task out of scope,,0
m148,https://openalex.org/W3094105650,10.1016/j.jvolgeores.2020.107092,On finding possible frequencies for recognizing microearthquakes at Cotopaxi volcano: A machine learning based approach,2020,Journal of Volcanology and Geothermal Research,article,S3_title_only,0,Xs,excluded: setting out of scope,,0
m149,https://openalex.org/W3006442081,10.1016/j.ijggc.2020.102981,Optimal design of microseismic monitoring network: Synthetic study for the Kimberlina CO2 storage demonstration site,2020,International journal of greenhouse gas control,article,S3_title_only,0,Xn,excluded: no ML or DL component,,0
m150,https://openalex.org/W3010241012,10.1109/access.2020.2978392,Recognition of Microseismic and Blasting Signals in Mines Based on Convolutional Neural Network and Stockwell Transform,2020,IEEE Access,article,S3_title_only,1,I,included,,1
m151,https://openalex.org/W2999573048,10.1190/geo2019-0213.1,Self-training and learning the waveform features of microseismic data using an adaptive dictionary,2020,Geophysics,article,S3_title_only,1,Xt,excluded: task out of scope,,0
m152,https://openalex.org/W3090082643,10.1190/segam2020-3427542.1,Sensitivity analysis for successful microseismic moment tensor inversion using machine learning,2020,,conference-paper,S3_title_only,1,Xt,excluded: task out of scope,,0
m153,https://openalex.org/W3024131680,10.1007/s42452-020-2878-x,Soil fatigue hazard screening analyses framework for spacio-temporally clustered induced seismicity with examples of damage potential due to liquefaction,2020,SN Applied Sciences,article,S3_title_only,0,Xt,excluded: task out of scope,,0
m154,https://openalex.org/W3114717255,10.1016/j.jappgeo.2020.104249,Spatio-temporal hierarchical cluster analysis of mining-induced seismicity in coal mines using Ward's minimum variance method,2020,Journal of Applied Geophysics,article,S3_title_only,0,Xt,excluded: task out of scope,,0
m155,https://openalex.org/W4205151680,10.2172/1833166,Supervised Machine Learning Application forEvent Detection in Induced Microseismic Data.,2020,,conference-paper,S3_title_only,1,I,included,,1
m156,https://openalex.org/W2956048231,10.5194/essd-12-519-2020,The INSIEME seismic network: a research infrastructure for studying induced seismicity in the High Agri Valley (southern Italy),2020,Earth system science data,article,S3_title_only,1,Xn,excluded: no ML or DL component,,0
m157,https://openalex.org/W3101517210,,The Scientific Induced Seismicity Monitoring Network (SCISMN),2020,,article,S3_title_only,0,Xn,excluded: no ML or DL component,,0
m158,https://openalex.org/W3090229859,10.1190/segam2020-3422534.1,The value of information from horizontal distributed acoustic sensing compared to multicomponent geophones via machine learning,2020,,conference-paper,S3_title_only,1,Xd,collapsed: second report of an included study,m159,0
m159,https://openalex.org/W3048013174,10.1115/1.4048051,The Value of Information From Horizontal Distributed Acoustic Sensing Compared to Multicomponent Geophones Via Machine Learning,2020,Journal of Energy Resources Technology,article,S3_title_only,1,Xt,excluded: task out of scope,,0
m160,https://openalex.org/W3036305972,10.1190/geo2019-0427.1,Traveltime-table compression using artificial neural networks for Kirchhoff-migration processing of microseismic data,2020,Geophysics,article,S3_title_only,1,I,included,,1
m161,https://openalex.org/W2998319369,10.1016/j.jappgeo.2019.103879,Unsupervised machine learning for waveform extraction in microseismic denoising,2020,Journal of Applied Geophysics,article,S3_title_only,0,Xt,excluded: task out of scope,,0
m162,https://openalex.org/W3033458089,10.5802/crgeos.3,Use of the shearlet energy entropy and of the support vector machine classifier to process weak microseismic and desert seismic signals,2020,Comptes Rendus Géoscience,article,S3_title_only,1,I,included,,1
m163,https://openalex.org/W3005306053,10.1016/j.enggeo.2020.105519,Using machine learning approach for microseismic events recognition in underground excavations: Comparison of ten frequently-used models,2020,Engineering Geology,article,S3_title_only,0,I,included,,1
m164,https://openalex.org/W3091369286,10.1190/segam2020-3417918.1,Using neural networks to detect microseismicity and pick P-wave arrival times in Oklahoma,2020,,conference-paper,S3_title_only,1,Xm,excluded: other sensing modality or regional networks only,,0
m165,https://openalex.org/W3199410129,10.1080/19475705.2021.1968043,A hybrid recognition model of microseismic signals for underground mining based on CNN and LSTM networks,2021,Geomatics Natural Hazards and Risk,article,S3_title_only,1,I,included,,1
m166,https://openalex.org/W3196266918,10.1016/j.eqrea.2021.100008,A multi-channel approach for automatic microseismic event association using RANSAC-based Arrival Time Event Clustering (RATEC),2021,Earthquake research advances,article,S3_title_only,1,Xn,excluded: no ML or DL component,,0
m167,https://openalex.org/W4206549512,10.1093/gji/ggab511,"A multibranch, multitarget neural network for rapid point-source inversion in a microseismic environment: examples from the Hengill Geothermal Field, Iceland",2021,Geophysical Journal International,article,S3_title_only,1,I,included,,1
m168,https://openalex.org/W3212923935,10.15530/ap-urtec-2021-208400,A Practical Workflow for Determining the Individual-Stage Fracture Network Using Flowback Dynamics and Microseismic Data: A Case Study,2021,Proceedings of the 2021 Asia Pacific Unconventional Resources Technology Conference,conference-paper,S3_title_only,0,Xt,excluded: task out of scope,,0
m169,https://openalex.org/W4226072390,10.1109/tnnls.2021.3132832,A Self-Supervised Deep Learning Approach for Blind Denoising and Waveform Coherence Enhancement in Distributed Acoustic Sensing Data,2021,IEEE Transactions on Neural Networks and Learning Systems,article,"S2_relaxed_task; S3_title_only",1,Xt,excluded: task out of scope,,0
m170,https://openalex.org/W3135667966,10.31223/x55k63,A Self-Supervised Deep Learning Approach for Blind Denoising and Waveform Coherence Enhancement in Distributed Acoustic Sensing Data,2021,,preprint,"S2_relaxed_task; S3_title_only",1,Xd,collapsed: second report of an included study,m169,0
m171,https://openalex.org/W3138534629,10.5194/se-12-1683-2021,Accelerating Bayesian microseismic event location with deep learning,2021,Solid Earth,article,S3_title_only,1,I,included,,1
m172,https://openalex.org/W4235264752,10.5194/se-2021-24,Accelerating Bayesian microseismic event location with deep learning,2021,,preprint,S3_title_only,1,Xd,collapsed: second report of an included study,m171,0
m173,https://openalex.org/W3158298132,10.1016/j.jappgeo.2021.104343,Accurate identification of microseismic waveforms based on an improved neural network model,2021,Journal of Applied Geophysics,article,S3_title_only,0,I,included,,1
m174,https://openalex.org/W3131384768,10.1016/j.ijrmms.2021.104685,An auto-detection network to provide an automated real-time early warning of rock engineering hazards using microseismic monitoring,2021,International Journal of Rock Mechanics and Mining Sciences,article,S3_title_only,0,I,included,,1
m175,https://openalex.org/W3188865089,10.1016/j.jngse.2021.104182,An integrated 3D fracture network reconstruction method based on microseismic events,2021,Journal of Natural Gas Science and Engineering,article,S3_title_only,0,Xt,excluded: task out of scope,,0
m176,https://openalex.org/W3121879313,10.3997/2214-4609.202010740,Analysis of Geological Susceptibility to Induced Seismicity in the Montney Formation Using Supervised Machine Learning,2021,,conference-paper,S3_title_only,1,Xt,excluded: task out of scope,,0
m177,https://openalex.org/W3157668224,10.1007/s11600-021-00591-9,Application of residual learning to microseismic random noise attenuation,2021,Acta Geophysica,article,S3_title_only,0,Xt,excluded: task out of scope,,0
m178,https://openalex.org/W3169854401,10.1007/s00024-021-02773-4,Automatic Detection and Location of Microseismic Events from Sparse Network and Its Application to Post-mining Monitoring,2021,Pure and Applied Geophysics,article,S3_title_only,0,Xn,excluded: no ML or DL component,,0
m179,https://openalex.org/W3134808158,10.3997/2214-4609.202132010,Automatic microseismic signals classification with Deep Learning using multi-input Convolutional Neural Networks,2021,,conference-paper,S3_title_only,1,I,included,,1
m180,https://openalex.org/W3205993486,10.2118/205136-ms,Classification and Localization of Low-Frequency DAS Strain Rate Patterns with Convolutional Neural Networks,2021,SPE Europec featured at 82nd EAGE Conference and Exhibition,conference-paper,"S1_original_blocks; S2_relaxed_task",1,Xs,excluded: setting out of scope,,0
m181,https://openalex.org/W3205091050,10.1016/j.jrmge.2021.09.002,Classification of clustered microseismic events in a coal mine using machine learning,2021,Journal of Rock Mechanics and Geotechnical Engineering,article,S3_title_only,1,I,included,,1
m182,https://openalex.org/W3207483973,10.1364/oecc.2021.t3f.3,Comparison of SVM method for picking up the microseismic events collected by fiber-optic and electronic monitoring system,2021,26th Optoelectronics and Communications Conference,conference-paper,"S2_relaxed_task; S3_title_only",1,Xd,collapsed: second report of an included study,m281,0
m183,https://openalex.org/W3198282030,10.1190/segam2021-3573385.1,Convolutional neural network for guided-wave energy identification in microseismic DAS data,2021,,conference-paper,"S2_relaxed_task; S3_title_only",1,Xt,excluded: task out of scope,,0
m184,https://openalex.org/W3135224336,10.3390/en14051499,Data-Driven Signal–Noise Classification for Microseismic Data Using Machine Learning,2021,Energies,article,S3_title_only,1,I,included,,1
m185,https://openalex.org/W3136256577,10.48550/arxiv.2103.07897,Deep learning for low-magnitude earthquake detection on a multi-level sensor network,2021,arXiv (Cornell University),preprint,S2_relaxed_task,1,Xd,collapsed: second report of an included study,m196,0
m186,https://openalex.org/W4287270372,10.48550/arxiv.2103.07897,Deep learning for low-magnitude earthquake detection on a multi-level\n sensor network,2021,arXiv (Cornell University),preprint,S2_relaxed_task,1,Xd,collapsed: second report of an included study,m196,0
m187,https://openalex.org/W3174398213,10.2118/0321-0031-jpt,Deep Neural Network Trains To Pinpoint Microseismic Events in Real Time,2021,Journal of Petroleum Technology,article,S3_title_only,1,Xp,"excluded: secondary study (review, survey)",,0
m188,https://openalex.org/W3212936383,10.3997/2214-4609.2021613016,Deep neural networks for inversion of borehole microseismic data recorded by DAS,2021,,conference-paper,S3_title_only,1,XdB,collapsed: second report of a Corpus B study,P26,0
m189,https://openalex.org/W3196507497,10.1190/segam2021-3583060.1,Detecting microseismic events on DAS fiber with super-human accuracy,2021,,conference-paper,S2_relaxed_task,1,I,included,,1
m190,https://openalex.org/W3215372956,10.1190/segj2021-048.1,Development of microseismic monitoring system using deep learning P- and S-waves picker in geothermal fields,2021,,conference-paper,S3_title_only,1,I,included,,1
m191,https://openalex.org/W3185014703,10.1190/geo2020-0636.1,Direct microseismic event location and characterization from passive seismic data using convolutional neural networks,2021,Geophysics,article,S3_title_only,1,I,included,,1
m192,https://openalex.org/W3119213154,10.1109/tim.2021.3050154,Domain Adaptation in Intelligent Ultrasonic Logging Tool: From Microseismic to Pulse-Echo,2021,IEEE Transactions on Instrumentation and Measurement,article,S3_title_only,1,Xs,excluded: setting out of scope,,0
m193,https://openalex.org/W3198825222,10.1190/segam2021-3592849.1,Estimation of DAS microseismic source mechanisms using unsupervised deep learning,2021,,conference-paper,S3_title_only,1,Xt,excluded: task out of scope,,0
m194,https://openalex.org/W3137839003,10.1155/2021/5548346,First-Arrival Picking for Microseismic Monitoring Based on Deep Learning,2021,International Journal of Geophysics,article,S3_title_only,1,Xr,excluded: linked to a retracted study,,0
m195,https://openalex.org/W3175333889,10.1190/geo2020-0955.1,Generalized neural network trained with a small amount of base samples: Application to event detection and phase picking in downhole microseismic monitoring,2021,Geophysics,article,S3_title_only,1,I,included,,1
m196,https://openalex.org/W4200087134,10.3390/s21238080,GroningenNet: Deep Learning for Low-Magnitude Earthquake Detection on a Multi-Level Sensor Network,2021,Sensors,article,S2_relaxed_task,1,I,included,,1
m197,https://openalex.org/W4311434148,10.2172/1902198,Hidden Markov Model Application for Unsupervised Clustering of Microseismic Events at CO2 Injection Site Reveals Hidden Zones of Weakness.,2021,,conference-paper,S3_title_only,1,Xt,excluded: task out of scope,,0
m198,https://openalex.org/W3205804750,10.1016/j.tecto.2021.229107,Identifying geological structures through microseismic cluster and burst analyses complementing active seismic interpretation,2021,Tectonophysics,article,S3_title_only,1,Xt,excluded: task out of scope,,0
m199,https://openalex.org/W3196690635,10.1190/segam2021-3587266.1,Image-based fracture hit warning system with distributed acoustic sensing,2021,,conference-paper,S2_relaxed_task,1,Xs,excluded: setting out of scope,,0
m200,https://openalex.org/W3094791945,10.1093/gji/ggab099,Integrated processing method for microseismic signal based on deep neural network,2021,Geophysical Journal International,article,S3_title_only,1,I,included,,1
m201,https://openalex.org/W3195392212,10.1364/cleo_at.2021.ath1s.4,Intelligent Structure Monitoring for Tunnel Steel Loop Based on Distributed Acoustic Sensing,2021,Conference on Lasers and Electro-Optics,conference-paper,S3_title_only,1,Xs,excluded: setting out of scope,,0
m202,https://openalex.org/W3167132566,,Investigating Icequakes on Enceladus Using an Antarctic Analog: Application of Seismic and Machine-Learning Techniques to Characterize Tidally Induced Seismicity Along Icy Rifts,2021,Lunar and Planetary Science Conference,conference-paper,S3_title_only,0,Xs,excluded: setting out of scope,,0
m203,https://openalex.org/W3204679024,10.33764/2618-981x-2021-2-2-32-38,LOCALIZATION OF MICROSEISMIC EVENTS USING PHYSICS-INFORMED NEURAL NETWORK SOLUTION TO THE EIKONAL EQUATION,2021,Interexpo GEO-Siberia,article,S3_title_only,1,Xd,collapsed: second report of an included study,m204,0
m204,https://openalex.org/W3203476646,10.3997/2214-4609.202113191,Localization of microseismic events using the physics-informed neural-network for traveltime computation,2021,,conference-paper,S3_title_only,1,I,included,,1
m205,https://openalex.org/W3205756533,10.3390/s21216967,Machine Learning Based Identification of Microseismic Signals Using Characteristic Parameters,2021,Sensors,article,S3_title_only,1,I,included,,1
m206,https://openalex.org/W3122225051,10.3997/2214-4609.202010721,Machine Learning Enabled Wiener Filters for Attenuating Random Noises in Das Seismic,2021,,conference-paper,"S1_original_blocks; S2_relaxed_task",1,Xt,excluded: task out of scope,,0
m207,https://openalex.org/W3198925820,10.2118/206049-ms,Mechanistic Modeling of Distributed Strain Sensing DSS and Distributed Acoustic Sensing DAS to Assist Machine Learning Schemes Interpreting Unconventional Reservoir Datasets,2021,SPE Annual Technical Conference and Exhibition,conference-paper,"S2_relaxed_task; S3_title_only",1,Xs,excluded: setting out of scope,,0
m208,https://openalex.org/W4210334409,10.1111/1755-6724.14882,Micro‐seismic Event Detection of Hot Dry Rock based on the Gated Recurrent Unit Model and a Support Vector Machine,2021,Acta Geologica Sinica - English Edition,article,S3_title_only,1,I,included,,1
m209,https://openalex.org/W4388246727,10.2172/2001637,Microseismic Event Detection and Phase Picking Using Deep Learning Methods.,2021,,conference-paper,S3_title_only,1,I,included,,1
m210,https://openalex.org/W3198546935,10.1190/segam2021-3582729.1,Microseismic event location using artificial neural networks,2021,,conference-paper,S3_title_only,1,I,included,,1
m211,https://openalex.org/W4234250536,10.21203/rs.3.rs-968364/v1,Microseismic network sensitivity in case of no seismic activity,2021,Research Square,preprint,S3_title_only,0,Xn,excluded: no ML or DL component,,0
m212,https://openalex.org/W3183431367,10.1155/2021/6697948,Microseismic Signal Classification Based on Artificial Neural Networks,2021,Shock and Vibration,article,S3_title_only,1,I,included,,1
m213,https://openalex.org/W3204003832,10.3997/2214-4609.202112513,Moment Tensor Prediction from Borehole Microseismic Data with Machine Learning,2021,,conference-paper,S3_title_only,1,Xt,excluded: task out of scope,,0
m214,https://openalex.org/W3207413658,10.3390/s21206762,Multi-Classification of Complex Microseismic Waveforms Using Convolutional Neural Network: A Case Study in Tunnel Engineering,2021,Sensors,article,S3_title_only,1,I,included,,1
m215,https://openalex.org/W4200471804,10.3390/en14248297,Numerical Investigation on Propagation Behaviors of a Three-Dimensional Fracture Network Coupled with Microseismicity in Fractured Shale Reservoirs,2021,Energies,article,S3_title_only,1,Xt,excluded: task out of scope,,0
m216,https://openalex.org/W3200454113,,Prediction by reservoir porosity using micro-seismic attribute analysis by machine learning algorithms in an Iraqi Oil Field.,2021,Turkish Journal of Computer and Mathematics Education (TURCOMAT),article,S3_title_only,1,Xt,excluded: task out of scope,,0
m217,https://openalex.org/W3175896616,10.1016/j.cageo.2021.104862,Quality control of microseismic P-phase arrival picks in coal mine based on machine learning,2021,Computers & Geosciences,article,S3_title_only,0,I,included,,1
m218,https://openalex.org/W4244416196,10.1002/essoar.10507748.1,Raton Basin induced seismicity is hosted by networks of short basement faults and mimics tectonic earthquake statistics,2021,,preprint,S3_title_only,1,Xt,excluded: task out of scope,,0
m219,https://openalex.org/W3194491437,10.1029/2021jb022839,Raton Basin Induced Seismicity Is Hosted by Networks of Short Basement Faults and Mimics Tectonic Earthquake Statistics,2021,Journal of Geophysical Research Solid Earth,article,S3_title_only,1,Xt,excluded: task out of scope,,0
m220,https://openalex.org/W3197768792,10.1190/geo2021-0094.1,Real-time analysis and forecasting of the microseismic cloud size: Physics-based models versus machine learning,2021,Geophysics,article,S3_title_only,1,Xt,excluded: task out of scope,,0
m221,https://openalex.org/W3195264297,10.1016/j.tust.2021.104133,Real-time prediction of rockburst intensity using an integrated CNN-Adam-BO algorithm based on microseismic data and its engineering application,2021,Tunnelling and Underground Space Technology,article,S3_title_only,0,Xt,excluded: task out of scope,,0
m222,https://openalex.org/W3196777734,10.1190/segam2021-3583194.1,Real-time prediction of the microseismic cloud size: A comparison between a physics-based model and a machine learning approach,2021,,conference-paper,S3_title_only,1,Xt,excluded: task out of scope,,0
m223,https://openalex.org/W3166994732,10.1109/access.2021.3086630,Recognition of Rock Micro-Fracture Signal Based on Deep Convolution Neural Network Inception Algorithm,2021,IEEE Access,article,S2_relaxed_task,1,I,included,,1
m224,https://openalex.org/W3203320519,10.1155/2021/9544997,Research on Feature Fusion Method of Mine Microseismic Signal Based on Unsupervised Learning,2021,Shock and Vibration,article,S3_title_only,1,I,included,,1
m225,https://openalex.org/W3208832051,10.1088/1755-1315/861/5/052097,Research on prediction of rockburst microseismic parameters based on CNN-LSTM hybrid model,2021,IOP Conference Series Earth and Environmental Science,conference-paper,S3_title_only,1,Xt,excluded: task out of scope,,0
m226,https://openalex.org/W3135297126,10.33271/mining15.01.019,Review of machine learning and deep learning application in mine microseismic event classification,2021,Mining of Mineral Deposits,article,S3_title_only,1,Xp,"excluded: secondary study (review, survey)",,0
m227,https://openalex.org/W3137982435,10.1029/2020jb021362,Spatiotemporal Analysis of Seismotectonic State of Injection‐Induced Seismicity Clusters in the Western Canada Sedimentary Basin,2021,Journal of Geophysical Research Solid Earth,article,S3_title_only,1,Xt,excluded: task out of scope,,0
m228,https://openalex.org/W3165547594,10.1002/essoar.10506812.1,"Tidal Triggering of Microseismicity at the Equatorial Mid-Atlantic Ridge, Inferred from OBS Network",2021,,preprint,S3_title_only,1,Xs,excluded: setting out of scope,,0
m229,https://openalex.org/W3126380429,10.1002/essoar.10505994.1,Time series prediction of microseismic multi-parameter in rockburst based on deep learning,2021,,preprint,S3_title_only,1,Xt,excluded: task out of scope,,0
m230,https://openalex.org/W3194167738,10.1007/s00603-021-02614-9,Time Series Prediction of Microseismic Multi-parameter Related to Rockburst Based on Deep Learning,2021,Rock Mechanics and Rock Engineering,article,S3_title_only,0,Xt,excluded: task out of scope,,0
m231,https://openalex.org/W3183150491,10.1109/lgrs.2021.3098809,Time Series Segmentation Clustering: A New Method for S-Phase Picking in Microseismic Data,2021,IEEE Geoscience and Remote Sensing Letters,article,S3_title_only,1,I,included,,1
m232,https://openalex.org/W3118539201,,Towards fast machine-learning-assisted Bayesian posterior inference of realistic microseismic events.,2021,arXiv (Cornell University),preprint,S3_title_only,1,Xd,collapsed: second report of an included study,m306,0
m233,https://openalex.org/W3196434791,10.1190/geo2021-0021.1,Uncovering the microseismic signals from noisy data for high-fidelity 3D source-location imaging using deep learning,2021,Geophysics,article,S3_title_only,1,I,included,,1
m234,https://openalex.org/W3119935369,10.1007/s10596-020-10023-0,Using machine learning for model benchmarking and forecasting of depletion-induced seismicity in the Groningen gas field,2021,Computational Geosciences,article,S3_title_only,1,Xt,excluded: task out of scope,,0
m235,https://openalex.org/W4200363480,10.2118/208147-ms,Utilizing Lean & Machine Learning to Monitor and Managing Production Induced Subsidence in a Mature Oil and Gas Field and to Ensure Safety of 200+ Field Staff and Safeguard More Than 200 Mln BOE Natih & Shuaiba,2021,,conference-paper,"S1_original_blocks; S2_relaxed_task",1,Xs,excluded: setting out of scope,,0
m236,https://openalex.org/W4309740747,10.3389/feart.2022.917608,A data-driven artificial neural network model for the prediction of ground motion from induced seismicity: The case of The Geysers geothermal field,2022,Frontiers in Earth Science,article,S3_title_only,1,Xt,excluded: task out of scope,,0
m237,https://openalex.org/W4298146452,10.3389/feart.2022.999530,A deep learning approach for signal identification in the fluid injection process during hydraulic fracturing using distributed acoustic sensing data,2022,Frontiers in Earth Science,article,"S2_relaxed_task; S3_title_only",1,Xs,excluded: setting out of scope,,0
m238,https://openalex.org/W4307664518,10.2118/210989-ms,A Machine Learning-Based Data Augmentation Approach for Unconventional Reservoir Characterization Using Microseismic Data and EDFM,2022,,conference-paper,S3_title_only,1,Xt,excluded: task out of scope,,0
m239,https://openalex.org/W4297348862,10.56952/arma-2022-0166,A Machine Learning-Based Microseismic Event Location and Wave Velocity Prediction,2022,,conference-paper,S3_title_only,1,I,included,,1
m240,https://openalex.org/W4296086663,10.3389/feart.2022.961277,A multi-model fitting algorithm for extracting a fracture network from microseismic data,2022,Frontiers in Earth Science,article,S3_title_only,1,Xt,excluded: task out of scope,,0
m241,https://openalex.org/W4306252067,10.1016/j.tust.2022.104791,A novel microseismic classification model based on bimodal neurons in an artificial neural network,2022,Tunnelling and Underground Space Technology,article,S3_title_only,0,I,included,,1
m242,https://openalex.org/W4213239089,10.1111/1365-2478.13191,A physics‐guided neural network‐based approach to velocity model calibration for microseismic data,2022,Geophysical Prospecting,article,S3_title_only,1,Xt,excluded: task out of scope,,0
m243,https://openalex.org/W4297903260,10.1007/s00024-022-03140-7,"A Workflow to Integrate Numerical Simulation, Machine Learning Regression and Bayesian Inversion for Induced Seismicity Study: Principles and a Case Study",2022,Pure and Applied Geophysics,article,S3_title_only,0,Xt,excluded: task out of scope,,0
m244,https://openalex.org/W4220858362,10.1080/19475705.2022.2057241,An automatic P-wave onset time picking method for mining-induced microseismic data based on long short-term memory deep neural network,2022,Geomatics Natural Hazards and Risk,article,S3_title_only,1,I,included,,1
m245,https://openalex.org/W4297348824,10.56952/arma-2022-0067,An Efficient Simulator for Microseismic Mapping of Fracture Networks,2022,,conference-paper,S3_title_only,1,Xt,excluded: task out of scope,,0
m246,https://openalex.org/W4309269513,10.5194/tc-2022-212,Analysis of micro-seismicity in sea ice with deep learning and Bayesian inference: application to high-resolution thickness monitoring,2022,,preprint,S3_title_only,1,Xs,excluded: setting out of scope,,0
m247,https://openalex.org/W4321260932,10.1109/ichce57331.2022.10042535,Application of Deep Learning in Microseismic Waveform Classification: A Case Study of The Yebatan Hydropower Station Project,2022,2022 8th International Conference on Hydraulic and Civil Engineering: Deep Space Intelligent Development and Utilization Forum (ICHCE),conference-paper,S3_title_only,1,I,included,,1
m248,https://openalex.org/W4226049810,10.5194/esurf-2022-15,"Automated classification of seismic signals recorded on the Åknes rockslope, Western Norway, using a Convolutional Neural Network",2022,,preprint,S2_relaxed_task,1,Xd,collapsed: second report of an included study,m318,0
m249,https://openalex.org/W4311299322,10.1155/2022/8000477,Automated Detection of Microseismic Arrival Based on Convolutional Neural Networks,2022,Shock and Vibration,article,S3_title_only,1,I,included,,1
m250,https://openalex.org/W4220797655,10.3390/en15072326,Automatic Events Recognition in Low SNR Microseismic Signals of Coal Mine Based on Wavelet Scattering Transform and SVM,2022,Energies,article,S3_title_only,1,I,included,,1
m251,https://openalex.org/W4285292362,10.3997/2214-4609.202210621,Automatic Microseismic Event Location Using Deep Neural Networks in Anisotropic Media,2022,"83rd EAGE Annual Conference &amp; Exhibition",conference-paper,S3_title_only,1,I,included,,1
m252,https://openalex.org/W4327841394,,Basin-Scale Machine Learning Prediction for Injection-Induced Seismicity in Oklahoma,2022,HAL (Le Centre pour la Communication Scientifique Directe),conference-paper,S3_title_only,1,Xt,excluded: task out of scope,,0
m253,https://openalex.org/W4285587024,10.2113/2022/1409534,Calibration of Complex Discrete Fracture Network Using Microseismic Events and Fracture Propagation Modelling with Seamless Reservoir Production Simulation,2022,Lithosphere,article,S3_title_only,1,Xt,excluded: task out of scope,,0
m254,https://openalex.org/W4280535460,10.1016/j.ijrmms.2022.105127,Can DAS be used to monitor mining induced seismicity?,2022,International Journal of Rock Mechanics and Mining Sciences,article,S2_relaxed_task,0,Xn,excluded: no ML or DL component,,0
m255,https://openalex.org/W4313413042,10.3390/su15010436,Case Study on Dynamic Identification of Overburden Fracture and Strong Mine Pressure Mechanism of Isolated Working Face Based on Microseismic Clustering,2022,Sustainability,article,S3_title_only,1,Xt,excluded: task out of scope,,0
m256,https://openalex.org/W4366823910,10.1017/aog.2023.15,Characterising sediment thickness beneath a Greenlandic outlet glacier using distributed acoustic sensing: preliminary observations and progress towards an efficient machine learning approach,2022,Annals of Glaciology,article,S3_title_only,1,Xs,excluded: setting out of scope,,0
m257,https://openalex.org/W4206813543,10.2118/205136-pa,Classification and Localization of Fracture-Hit Events in Low-Frequency Distributed Acoustic Sensing Strain Rate with Convolutional Neural Networks,2022,SPE Journal,article,"S1_original_blocks; S2_relaxed_task; S3_title_only",1,Xs,excluded: setting out of scope,,0
m258,https://openalex.org/W4377013699,10.1007/s11770-022-0952-4,Cluster analysis of the domain of microseismic event attributes for floor water inrush warning in the working face,2022,Applied Geophysics,article,S3_title_only,0,Xt,excluded: task out of scope,,0
m259,https://openalex.org/W4293567507,10.1007/s11600-022-00898-1,Coal mine microseismic identification and first-arrival picking based on Conv-LSTM-Unet,2022,Acta Geophysica,article,S3_title_only,0,I,included,,1
m260,https://openalex.org/W4213114428,10.1088/1742-6596/2196/1/012016,Convolutional neural network microseismic event detection based on variance fractal dimension,2022,Journal of Physics Conference Series,conference-paper,S3_title_only,1,I,included,,1
m261,https://openalex.org/W4281773160,10.1080/08123985.2022.2086798,Convolutional neural network-based moment tensor inversion using domain adaptation for microseismicity monitoring,2022,Exploration Geophysics,article,S3_title_only,1,Xt,excluded: task out of scope,,0
m262,https://openalex.org/W4294955882,10.1038/s41598-022-19421-z,Deep compressed seismic learning for fast location and moment tensor inferences with natural and induced seismicity,2022,Scientific Reports,article,"S2_relaxed_task; S3_title_only",1,I,included,,0
m263,https://openalex.org/W4280491885,10.31223/x5v34q,Deep Compressed Seismic Learning for fast location and moment tensor inferences with natural and induced seismicity,2022,,preprint,"S2_relaxed_task; S3_title_only",1,Xd,collapsed: second report of an included study,m262,0
m264,https://openalex.org/W4281663772,10.2118/0422-0066-jpt,Deep Convolutional Network Improves Completion Design,2022,Journal of Petroleum Technology,article,S2_relaxed_task,1,Xp,"excluded: secondary study (review, survey)",,0
m265,https://openalex.org/W4220807546,10.1029/2021jb022649,Deep Learning for Efficient Microseismic Location Using Source Migration‐Based Imaging,2022,Journal of Geophysical Research Solid Earth,article,S3_title_only,1,I,included,,1
m266,https://openalex.org/W4229038324,10.1785/0220220075,"Delineating the Controlling Factors of Hydraulic Fracturing-Induced Seismicity in the Northern Montney Play, Northeastern British Columbia, Canada, With Machine Learning",2022,Seismological Research Letters,article,S3_title_only,1,Xt,excluded: task out of scope,,0
m267,https://openalex.org/W4296546741,10.1190/geo2022-0138.1,Denoising of distributed acoustic sensing data using supervised deep learning,2022,Geophysics,article,S3_title_only,1,Xt,excluded: task out of scope,,0
m268,https://openalex.org/W4223430943,10.1007/s00024-022-03012-0,Designing the Expanded Microseismic Monitoring Network for an Unstable Rock Face in Northern Italy,2022,Pure and Applied Geophysics,article,S3_title_only,0,Xn,excluded: no ML or DL component,,0
m269,https://openalex.org/W4297348654,10.56952/arma-2022-0711,Dynamic Fracture Network Evolution: Monitoring and Characterizing Using a Geomechanically Constrained Time-Lapsed Windowed Microseismic Imaging,2022,,conference-paper,S3_title_only,1,Xt,excluded: task out of scope,,0
m270,https://openalex.org/W4291753938,10.1190/image2022-3745367.1,Effectiveness of dip-in DAS observations for low-frequency strain and microseismic analysis: The CanDiD experiment,2022,,conference-paper,S2_relaxed_task,1,Xn,excluded: no ML or DL component,,0
m271,https://openalex.org/W4311046772,10.1007/s11004-022-10037-7,Ensemble and Self-supervised Learning for Improved Classification of Seismic Signals from the Åknes Rockslope,2022,Mathematical Geosciences,article,S2_relaxed_task,1,I,included,,1
m272,https://openalex.org/W4206907536,10.2118/209119-ms,Estimation of Far-Field Fiber Optics Distributed Acoustic Sensing DAS Response Using Spatio-Temporal Machine Learning Schemes and Improvement of Hydraulic Fracture Geometric Characterization,2022,SPE Hydraulic Fracturing Technology Conference and Exhibition,conference-paper,S3_title_only,1,Xt,excluded: task out of scope,,0
m273,https://openalex.org/W3212842369,10.1038/s41598-022-13435-3,Forecasting induced seismicity in Oklahoma using machine learning methods,2022,Scientific Reports,article,S3_title_only,1,Xt,excluded: task out of scope,,0
m274,https://openalex.org/W4313183977,10.2139/ssrn.4250876,Fracture Network Imaging from Micro-Seismic Events in Enhanced Geothermal Reservoirs,2022,SSRN Electronic Journal,preprint,S3_title_only,0,Xt,excluded: task out of scope,,0
m275,https://openalex.org/W4291753042,10.1190/image2022-3750851.1,Hydraulic fracture-hit detection system using low-frequency DAS data,2022,,conference-paper,S2_relaxed_task,1,Xs,excluded: setting out of scope,,0
m276,https://openalex.org/W4282595837,10.1016/j.cageo.2022.105164,Identifying microseismic events using a dual-channel CNN with wavelet packets decomposition coefficients,2022,Computers & Geosciences,article,S3_title_only,0,I,included,,1
m277,https://openalex.org/W4313203261,10.1109/besc57393.2022.9995230,Improved mine microseismic event recognition method combining neural network and transfer learning,2022,,conference-paper,S3_title_only,1,I,included,,1
m278,https://openalex.org/W4388346540,10.2172/2005961,Improving Detection Accuracy of Microseismic Activity During Geologic Carbon Storage Using a Machine Learning Method.,2022,,conference-paper,S3_title_only,1,I,included,,1
m279,https://openalex.org/W4285253204,10.15530/urtec-2022-3722789,"Integrating Induced Seismicity Observations and Discrete Fracture Network Modelling to Characterize the Natural Fracture Architecture of the Montney Formation, British Columbia",2022,,conference-paper,S3_title_only,0,Xt,excluded: task out of scope,,0
m280,https://openalex.org/W4281291762,10.1007/s00603-022-02911-x,Intelligent Location of Microseismic Events Based on a Fully Convolutional Neural Network (FCNN),2022,Rock Mechanics and Rock Engineering,article,S3_title_only,0,I,included,,1
m281,https://openalex.org/W4210752639,10.1109/jphot.2022.3148315,Intelligent Microseismic Events Recognition in Fiber-Optic Microseismic Monitoring System Compared With Electronic One,2022,IEEE photonics journal,article,"S2_relaxed_task; S3_title_only",1,I,included,,1
m282,https://openalex.org/W4312632645,10.1109/tgrs.2022.3225415,Localizing Microseismic Events Using Semi-Supervised Generative Adversarial Networks,2022,IEEE Transactions on Geoscience and Remote Sensing,article,S3_title_only,1,I,included,,1
m283,https://openalex.org/W4388346228,10.2172/2006232,Machine learning applications for event detection and phase arrival time estimation of microseismic waveform data at a CO2 injection site.,2022,,conference-paper,S3_title_only,1,I,included,,1
m284,https://openalex.org/W4388309177,10.2172/2002380,Machine Learning Applications for Induced Seismic Data Analysis at Illinois Basin Decatur Project Site.,2022,,conference-paper,S3_title_only,1,Xa,"excluded: insufficient information (conference abstract, or no abstract and no method named in the title)",,0
m285,https://openalex.org/W4312820370,10.2139/ssrn.4281129,"Machine Learning-Based, Near Real-time Leakage Detection for Caprock Integrity Monitoring using Distributed Acoustic Sensing (DAS) Data from Carbon Capture and Sequestration (CCS) Operations",2022,SSRN Electronic Journal,preprint,S3_title_only,0,Xs,excluded: setting out of scope,,0
m286,https://openalex.org/W4220693998,10.1002/essoar.10510958.1,MAGMA: Machine learning Automatic picker for Geothermal Microseismicity Analysis for practical procedure to reveal fine reservoir structures,2022,,preprint,S3_title_only,1,Xd,collapsed: second report of an included study,m350,0
m287,https://openalex.org/W4285218993,10.1109/tgrs.2022.3182991,Microseismic Source Location Using Deep Reinforcement Learning,2022,IEEE Transactions on Geoscience and Remote Sensing,article,S3_title_only,1,I,included,,1
m288,https://openalex.org/W4283592261,10.1007/s11600-022-00817-4,Microseismicity-based short-term rockburst prediction using non-linear support vector machine,2022,Acta Geophysica,article,S3_title_only,0,Xt,excluded: task out of scope,,0
m289,https://openalex.org/W4295254386,10.25018/0236_1493_2022_9_0_74,Modern capabilities of the Karelian Regional Seismic Network in recording of blasting-induced seismicity in Karelia,2022,Горный информационно-аналитический бюллетень (научно-технический журнал),article,S3_title_only,0,Xl,excluded: full text not in English,,0
m290,https://openalex.org/W4312578891,10.2139/ssrn.4286315,Monitoring CO2 injection at CAMI FRS using Distributed Acoustic Sensing networks,2022,SSRN Electronic Journal,preprint,S3_title_only,0,Xn,excluded: no ML or DL component,,0
m291,https://openalex.org/W4214549145,10.1007/s00603-022-02790-2,Novel Transfer Learning Framework for Microseismic Event Recognition Between Multiple Monitoring Projects,2022,Rock Mechanics and Rock Engineering,article,S3_title_only,0,I,included,,1
m292,https://openalex.org/W4225775382,10.1093/jge/gxac009,Phase arrival picking for bridging multi-source downhole microseismic data using deep transfer learning,2022,Journal of Geophysics and Engineering,article,S3_title_only,1,I,included,,1
m293,https://openalex.org/W4291753076,10.1190/image2022-3751111.1,Real-time hydraulic fracturing monitoring using deep learning clustering of microseismic data,2022,,conference-paper,"S2_relaxed_task; S3_title_only",1,I,included,,1
m294,https://openalex.org/W4364355066,10.19606/j.cnki.jmst.2022.02.003,Research on classification and identification of mine microseismic signals based on deep learning method,2022,DOAJ (DOAJ: Directory of Open Access Journals),article,S3_title_only,1,Xl,excluded: full text not in English,,0
m295,https://openalex.org/W4366770530,10.19606/j.cnki.jmst.2022.01.003,Research on microseismic event imaging based on waveform clustering analysis,2022,DOAJ (DOAJ: Directory of Open Access Journals),article,S3_title_only,1,Xl,excluded: full text not in English,,0
m296,https://openalex.org/W4297499641,10.1016/j.geogeo.2022.100138,Roof fall threat analysis using fractal pattern recognition and neural network over mine microseismicity in a Central Indian longwall panel overlain by massive sandstone roof,2022,Geosystems and Geoenvironment,article,S3_title_only,1,Xt,excluded: task out of scope,,0
m297,https://openalex.org/W4213268714,10.3389/fmars.2022.798167,Sea Wave Data Reconstruction Using Micro-Seismic Measurements and Machine Learning Methods,2022,Frontiers in Marine Science,article,S3_title_only,1,Xs,excluded: setting out of scope,,0
m298,https://openalex.org/W4312007164,10.22541/essoar.167065821.11251161/v2,Statistical and clustering analysis of microseismicity from a Saskatchewan potash mine,2022,,preprint,S3_title_only,1,Xt,excluded: task out of scope,,0
m299,https://openalex.org/W4312068045,10.22541/essoar.167065821.11251161/v1,Statistical and clustering analysis of microseismicity from a Saskatchewan potash mine,2022,,preprint,S3_title_only,1,Xt,excluded: task out of scope,,0
m300,https://openalex.org/W4288071720,10.1109/tgrs.2022.3194351,Strong Noise-Tolerance Deep Learning Network for Automatic Microseismic Events Classification,2022,IEEE Transactions on Geoscience and Remote Sensing,article,S3_title_only,1,I,included,,1
m301,https://openalex.org/W4206918396,10.1002/essoar.10510257.1,Strong noise-tolerant deep learning network for automatic microseismic events classification,2022,,preprint,S3_title_only,1,Xd,collapsed: second report of an included study,m300,0
m302,https://openalex.org/W4226050757,10.1002/essoar.10510257.2,Strong noise-tolerant deep learning network for automatic microseismic events classification,2022,,preprint,S3_title_only,1,Xd,collapsed: second report of an included study,m300,0
m303,https://openalex.org/W4312212698,10.58531/ijge10310001,Study on Denoising Microseismic Signal Based on Autoencoder Convolutional Neural Networks,2022,International Journal of Geo-Energy,article,S3_title_only,1,Xt,excluded: task out of scope,,0
m304,https://openalex.org/W4283316872,10.1080/21642583.2022.2087786,Surface microseismic data denoising based on sparse autoencoder and Kalman filter,2022,Systems Science & Control Engineering,article,S3_title_only,1,Xt,excluded: task out of scope,,0
m305,https://openalex.org/W4294569285,10.1007/s00024-022-03135-4,The Intense 2020–2021 Earthquake Swarm in Corinth Gulf: Cluster Analysis and Seismotectonic Implications from High Resolution Microseismicity,2022,Pure and Applied Geophysics,article,S3_title_only,0,Xs,excluded: setting out of scope,,0
m306,https://openalex.org/W4302760192,10.1093/gji/ggac385,Towards fast machine-learning-assisted Bayesian posterior inference of microseismic event location and source mechanism,2022,Geophysical Journal International,article,S3_title_only,1,I,included,,1
m307,https://openalex.org/W4285126534,10.3997/2214-4609.202210058,Using Convolution Neural Network Method to Detect Borehole Microseismic Events,2022,"83rd EAGE Annual Conference &amp; Exhibition",conference-paper,S3_title_only,1,I,included,,1
m308,https://openalex.org/W4308019796,10.1190/tle41110792.1,Workshop Review: Recent Injection Induced Seismicity Workshop marks a decade of learnings,2022,The Leading Edge,article,S3_title_only,1,Xp,"excluded: secondary study (review, survey)",,0
m309,https://openalex.org/W4392413200,10.2172/2310376,"A case study of denoising microseismic data in the Farnsworth, TX CO2 EOR site",2023,,report,S2_relaxed_task,1,Xt,excluded: task out of scope,,0
m310,https://openalex.org/W4385413477,10.1109/tgrs.2023.3300012,A Deep Learning-Based Data-Driven Approach for Predicting Mining Water Inrush From Coal Seam Floor Using Microseismic Monitoring Data,2023,IEEE Transactions on Geoscience and Remote Sensing,article,S3_title_only,1,Xt,excluded: task out of scope,,0
m311,https://openalex.org/W4384408625,10.1016/j.renene.2023.119046,A deep-learning based model for fracture network characterization constrained by induced micro-seismicity and tracer test data in enhanced geothermal system,2023,Renewable Energy,article,S3_title_only,0,Xt,excluded: task out of scope,,0
m312,https://openalex.org/W4319166158,10.1016/j.petsci.2023.02.003,A machine learning-based study of multifactor susceptibility and risk control of induced seismicity in unconventional reservoirs,2023,Petroleum Science,article,S3_title_only,1,Xt,excluded: task out of scope,,0
m313,https://openalex.org/W4322707293,10.1109/tgrs.2023.3250457,A Reliable Online Dictionary Learning Denoising Strategy for Noisy Microseismic Data,2023,IEEE Transactions on Geoscience and Remote Sensing,article,S3_title_only,1,Xt,excluded: task out of scope,,0
m314,https://openalex.org/W4390060317,10.1785/0120230128,Achieving a Comprehensive Microseismicity Catalog through a Deep-Learning-Based Workflow: Applications in the Central Ecuadorian Subduction Zone,2023,Bulletin of the Seismological Society of America,article,S3_title_only,1,Xs,excluded: setting out of scope,,0
m315,https://openalex.org/W4353072264,10.5194/tc-17-1327-2023,Analysis of microseismicity in sea ice with deep learning and Bayesian inference: application to high-resolution thickness monitoring,2023,The cryosphere,article,S3_title_only,1,Xs,excluded: setting out of scope,,0
m316,https://openalex.org/W4313550672,10.1016/j.jrmge.2022.12.005,Analysis of rockburst mechanism and warning based on microseismic moment tensors and dynamic Bayesian networks,2023,Journal of Rock Mechanics and Geotechnical Engineering,article,S3_title_only,1,Xt,excluded: task out of scope,,0
m317,https://openalex.org/W4385578719,10.3389/fdata.2023.1174478,Arrival times by Recurrent Neural Network for induced seismic events from a permanent network,2023,Frontiers in Big Data,article,S3_title_only,1,I,included,,1
m318,https://openalex.org/W4322626928,10.5194/esurf-11-89-2023,"Automated classification of seismic signals recorded on the Åknes rock slope, Western Norway, using a convolutional neural network",2023,Earth Surface Dynamics,article,S2_relaxed_task,1,I,included,,1
m319,https://openalex.org/W4313594748,10.1016/j.compgeo.2022.105223,Automatic classification with an autoencoder of seismic signals on a distributed acoustic sensing cable,2023,Computers and Geotechnics,article,"S2_relaxed_task; S3_title_only",1,I,included,,1
m320,https://openalex.org/W4378230877,10.3997/2214-4609.2023101440,Automatic detection of microseismic waveform based on machine learning,2023,,conference-paper,S3_title_only,1,I,included,,1
m321,https://openalex.org/W4361185656,10.1117/12.2667714,Automatic picking method of microseismic first arrival based on support vector machine based on particle swarm optimization,2023,,conference-paper,S3_title_only,1,I,included,,1
m322,https://openalex.org/W4392054880,10.3997/2214-4609.202376039,Automatic Picking of Distributed Fiber Microseismic Events Based on Deep Learning,2023,,conference-paper,S3_title_only,0,I,included,,1
m323,https://openalex.org/W4387230197,10.2118/216500-ms,Characterizing the Stimulated Reservoir Volume Using Manifold Learning on 3d Motions of Microseismic Sources,2023,,conference-paper,S3_title_only,1,Xt,excluded: task out of scope,,0
m324,https://openalex.org/W4378902291,10.3390/electronics12112468,CNN-Transformer for Microseismic Signal Classification,2023,Electronics,article,S3_title_only,1,I,included,,1
m325,https://openalex.org/W4322749243,10.2139/ssrn.4374491,"Comprehensive Early Warning Method of Microseismic, Acoustic Emission and Electromagnetic Radiation Signals of Rock Burst Based on Deep Learning",2023,SSRN Electronic Journal,preprint,S3_title_only,0,Xt,excluded: task out of scope,,0
m326,https://openalex.org/W4383678368,10.1016/j.ijrmms.2023.105519,"Comprehensive early warning method of microseismic, acoustic emission, and electromagnetic radiation signals of rock burst based on deep learning",2023,International Journal of Rock Mechanics and Mining Sciences,article,S3_title_only,0,Xt,excluded: task out of scope,,0
m327,https://openalex.org/W4389969201,10.1093/gji/ggad460,DAS-N2N: machine learning distributed acoustic sensing (DAS) signal denoising without clean data,2023,Geophysical Journal International,article,"S2_relaxed_task; S3_title_only",1,Xt,excluded: task out of scope,,0
m328,https://openalex.org/W4366400418,10.48550/arxiv.2304.08120,DAS-N2N: Machine learning Distributed Acoustic Sensing (DAS) signal denoising without clean data,2023,arXiv (Cornell University),preprint,"S2_relaxed_task; S3_title_only",1,Xd,collapsed: second report of an included study,m327,0
m329,https://openalex.org/W4389102454,10.1121/10.0023178,Deep clustering analysis for data exploration and anomaly detection in distributed acoustic sensing (DAS) systems,2023,The Journal of the Acoustical Society of America,conference-abstract,S3_title_only,1,Xs,excluded: setting out of scope,,0
m330,https://openalex.org/W4389767315,10.1190/image2023-3910882.1,Deep learning based microearthquake location prediction at Newberry EGS using physics-informed synthetic dataset,2023,,conference-paper,S3_title_only,1,I,included,,1
m331,https://openalex.org/W4388141041,10.1785/0120230134,"Deep Learning-Based Microseismic Detection and Location Reveal the Seismic Characteristics and Causes in the Xiluodu Reservoir, China",2023,Bulletin of the Seismological Society of America,article,S3_title_only,1,I,included,,1
m332,https://openalex.org/W4377984901,10.1007/s44196-023-00275-w,Denoising Method for Microseismic Signals with Convolutional Neural Network Based on Transfer Learning,2023,International Journal of Computational Intelligence Systems,article,S3_title_only,1,Xt,excluded: task out of scope,,0
m333,https://openalex.org/W4387465128,10.2139/ssrn.4596384,Development and Validation of Intelligent Models for Predicting Rockburst Location Based on Microseismic Monitoring and Machine Learning,2023,SSRN Electronic Journal,preprint,S3_title_only,0,Xt,excluded: task out of scope,,0
m334,https://openalex.org/W4385362114,10.3997/2214-4609.202320030,"Distributed Acoustic Sensing and Machine Learning: Rockfall Detection at Mt. Meager, B.C.",2023,,conference-paper,S3_title_only,1,I,included,,1
m335,https://openalex.org/W4392083889,10.3997/2214-4609.202376044,Distributed Acoustic Sensing Microseismic Data Denoising Using a GAN-Based Deep Learning Network with Spectral Constraint,2023,,conference-paper,S3_title_only,0,Xt,excluded: task out of scope,,0
m336,https://openalex.org/W4377713346,10.1109/lgrs.2023.3279068,Domain Knowledge Informed Multitask Learning for Landslide-Induced Seismic Classification,2023,IEEE Geoscience and Remote Sensing Letters,article,S3_title_only,1,I,included,,1
m337,https://openalex.org/W4385173226,10.1016/j.geothermics.2023.102791,Efficient fracture network characterization in enhanced geothermal reservoirs by the integration of microseismic and borehole logs data,2023,Geothermics,article,S3_title_only,0,Xt,excluded: task out of scope,,0
m338,https://openalex.org/W4387705625,10.3390/su152014959,Enhancing Microseismic Signal Classification in Metal Mines Using Transformer-Based Deep Learning,2023,Sustainability,article,S3_title_only,1,I,included,,1
m339,https://openalex.org/W4316664564,10.3390/rs15020502,Fine Classification Method for Massive Microseismic Signals Based on Short-Time Fourier Transform and Deep Learning,2023,Remote Sensing,article,S3_title_only,1,I,included,,1
m340,https://openalex.org/W4386348561,10.1029/2022wr034339,Fracture Network Characterization in Reservoirs by Joint Inversion of Microseismicity and Thermal Breakthrough Data: Method Development and Verification,2023,Water Resources Research,article,S3_title_only,1,Xt,excluded: task out of scope,,0
m341,https://openalex.org/W4384575454,10.1016/j.ijrmms.2023.105541,"Identification method for microseismic, acoustic emission and electromagnetic radiation interference signals of rock burst based on deep neural networks",2023,International Journal of Rock Mechanics and Mining Sciences,article,S3_title_only,0,I,included,,1
m342,https://openalex.org/W4387522776,10.21203/rs.3.rs-3404321/v1,Impact of climatic anomalies and reservoir induced seismicity on earthquake generation using Federated Learning,2023,Research Square,preprint,S3_title_only,1,Xt,excluded: task out of scope,,0
m343,https://openalex.org/W4390460634,10.1016/j.tecto.2023.230197,"Induced seismicity in the Changning salt mining zone, China, could be driven by the pore-pressure diffusion",2023,Tectonophysics,article,S3_title_only,0,Xt,excluded: task out of scope,,0
m344,https://openalex.org/W4403410657,10.2172/2463057,Integrated machine learning models of event detection and source location identification for fault imaging using raw continuous IBDP microseismic data,2023,,conference-paper,S3_title_only,1,I,included,,1
m345,https://openalex.org/W4385286852,10.2118/0623-0074-jpt,Integrated Optimization System Improves Hydraulic Fracturing Operations,2023,Journal of Petroleum Technology,article,S2_relaxed_task,1,Xp,"excluded: secondary study (review, survey)",,0
m346,https://openalex.org/W4366348165,10.21203/rs.3.rs-2695219/v1,Intelligent Microseismic Monitoring of Mineral Equipment Manufacturing Industry Based on Deep Learning in the Artificial Intelligence Environment,2023,Research Square,preprint,S3_title_only,1,Xs,excluded: setting out of scope,,0
m347,https://openalex.org/W4364375111,10.1190/geo2022-0296.1,Joint denoising and classification network: Application to microseismic event detection in hydraulic fracturing distributed acoustic sensing monitoring,2023,Geophysics,article,"S1_original_blocks; S2_relaxed_task; S3_title_only",1,I,included,,1
m348,https://openalex.org/W4378229774,10.3997/2214-4609.202310096,Joint Microseismic Event Detection and Location Based on a Detection Transformer,2023,,conference-paper,S3_title_only,1,XdB,collapsed: second report of a Corpus B study,P81,0
m349,https://openalex.org/W4387917991,10.1109/lgrs.2023.3327044,Landslide-Induced Seismic Signal Clustering With Outlier Removal,2023,IEEE Geoscience and Remote Sensing Letters,article,S3_title_only,1,I,included,,1
m350,https://openalex.org/W4387423839,10.1016/j.geothermics.2023.102832,Machine learning automatic picker for geothermal microseismicity analysis for practical procedure to reveal fine reservoir structures,2023,Geothermics,article,S3_title_only,0,I,included,,1
m351,https://openalex.org/W4387831175,10.2139/ssrn.4608110,Machine Learning Insights for Safer Subsurface Fluid Injection: Predictive Analysis of Injection Induced Seismic Precursor Environments,2023,SSRN Electronic Journal,preprint,S3_title_only,0,Xt,excluded: task out of scope,,0
m352,https://openalex.org/W4319163943,10.1029/2022jb025436,Machine Learning Reveals Additional Hydraulic Fracture‐Induced Seismicity in the Eagle Ford Shale,2023,Journal of Geophysical Research Solid Earth,article,S3_title_only,1,Xm,excluded: other sensing modality or regional networks only,,0
m353,https://openalex.org/W4388945730,10.1080/19475705.2023.2284120,Machine learning versus manual earthquake location workflow: testing LOC-FLOW on an unusually productive microseismic sequence in northeastern Italy,2023,Geomatics Natural Hazards and Risk,article,S3_title_only,1,Xs,excluded: setting out of scope,,0
m354,https://openalex.org/W4391665560,10.1007/s11770-023-1056-5,"Machine learning-based microseismic catalog and passive seismic tomography evaluating the effect of grouting in Zhangji coal mine, China",2023,Applied Geophysics,article,S3_title_only,0,I,included,,1
m355,https://openalex.org/W4385547343,10.15530/urtec-2023-3855873,Machine-Learning-Assisted Induced Seismicity Characterization and Forecasting of the Ellenburger Formation in Northern Midland Basin,2023,,conference-paper,S3_title_only,0,Xt,excluded: task out of scope,,0
m356,https://openalex.org/W4389153535,10.14770/jgsk.2023.045,Microearthquakes in the Mt. Songnisan area Using temporary seismic network data and their implications to the 1978 ML 5.2 earthquake,2023,Journal of the geological society of Korea,article,S3_title_only,0,Xs,excluded: setting out of scope,,0
m357,https://openalex.org/W4387542132,10.3390/app132011166,Microseismic Data-Direct Velocity Modeling Method Based on a Modified Attention U-Net Architecture,2023,Applied Sciences,article,S3_title_only,1,Xt,excluded: task out of scope,,0
m358,https://openalex.org/W4392416745,10.52202/073371-0160,Microseismic Detection of Non-natural Earthquakes in Datong Mining Area Based on Deep Learning,2023,,conference-paper,S3_title_only,0,I,included,,1
m359,https://openalex.org/W4360995458,10.1109/tgrs.2023.3262412,"Microseismic Event Classification With Time-, Frequency-, and Wavelet-Domain Convolutional Neural Networks",2023,IEEE Transactions on Geoscience and Remote Sensing,article,S3_title_only,1,I,included,,1
m360,https://openalex.org/W4387710331,10.1016/j.ijmst.2023.09.003,Microseismic event waveform classification using CNN-based transfer learning models,2023,International Journal of Mining Science and Technology,article,S3_title_only,1,I,included,,1
m361,https://openalex.org/W4386590644,10.1109/tgrs.2023.3314149,Microseismic Events Recognition via Joint Deep Clustering With Residual Shrinkage Dense Network,2023,IEEE Transactions on Geoscience and Remote Sensing,article,S3_title_only,1,I,included,,1
m362,https://openalex.org/W4386400659,10.1007/s00603-023-03483-0,Microseismic Location in Hardrock Metal Mines by Machine Learning Models Based on Hyperparameter Optimization Using Bayesian Optimizer,2023,Rock Mechanics and Rock Engineering,article,S3_title_only,0,I,included,,1
m363,https://openalex.org/W4383890305,10.1109/tnnls.2023.3288142,Microseismic Signal Reconstruction From Strong Complex Noise Using Low-Rank Structure Extraction and Dual Convolutional Neural Networks,2023,IEEE Transactions on Neural Networks and Learning Systems,article,S3_title_only,1,Xt,excluded: task out of scope,,0
m364,https://openalex.org/W4364383563,10.48550/arxiv.2304.04315,Microseismic source imaging using physics-informed neural networks with hard constraints,2023,arXiv (Cornell University),preprint,S3_title_only,1,Xd,collapsed: second report of an included study,m465,0
m365,https://openalex.org/W4378229739,10.3997/2214-4609.202310204,Microseismic source imaging using physics-informed neural networks with hard constraints: a field application,2023,,conference-paper,S3_title_only,1,Xd,collapsed: second report of an included study,m465,0
m366,https://openalex.org/W4378230517,10.3997/2214-4609.2023101052,Microseismic source localization using Fourier Neural Operators,2023,,conference-paper,S3_title_only,1,Xd,collapsed: second report of an included study,m593,0
m367,https://openalex.org/W4366498089,10.1016/j.tecto.2023.229849,Microseismicity clustering and mechanic properties reveal fault segmentation in southern Italy,2023,Tectonophysics,article,S3_title_only,1,Xs,excluded: setting out of scope,,0
m368,https://openalex.org/W4386278580,10.1155/2023/6225923,Mine Microseismic Signal Denoising Based on a Deep Convolutional Autoencoder,2023,Shock and Vibration,article,S3_title_only,1,Xt,excluded: task out of scope,,0
m369,https://openalex.org/W4321231889,10.1007/978-981-99-0301-6_34,Mine-Microseismic-Signal Recognition Based on Meta-learning,2023,Communications in computer and information science,conference-paper,S3_title_only,0,I,included,,1
m370,https://openalex.org/W4386590155,10.1109/lgrs.2023.3314029,MSNet: A Seismic Phase Picking Network Applicable to Microseismic Monitoring,2023,IEEE Geoscience and Remote Sensing Letters,article,S3_title_only,1,I,included,,1
m371,https://openalex.org/W4390177038,10.11591/ijai.v13.i1.pp1038-1049,Multi-channel microseismic signals classification with convolutional neural networks,2023,IAES International Journal of Artificial Intelligence,article,S3_title_only,1,I,included,,1
m372,https://openalex.org/W4321599934,10.3390/rs15051215,Parallel Processing Method for Microseismic Signal Based on Deep Neural Network,2023,Remote Sensing,article,S3_title_only,1,I,included,,1
m373,https://openalex.org/W4389741434,10.1007/s12205-023-0719-3,Performance and Applicability of Recognizing Microseismic Waveforms Using Neural Networks in Tunnels,2023,KSCE Journal of Civil Engineering,article,S3_title_only,1,I,included,,1
m374,https://openalex.org/W4385202448,10.1016/j.jrmge.2023.05.012,"Predicting microseismic, acoustic emission and electromagnetic radiation data using neural networks",2023,Journal of Rock Mechanics and Geotechnical Engineering,article,S3_title_only,1,Xt,excluded: task out of scope,,0
m375,https://openalex.org/W4380323667,10.1038/s41598-023-35500-1,Prediction of microseismic events in rock burst mines based on MEA-BP neural network,2023,Scientific Reports,article,S3_title_only,1,Xt,excluded: task out of scope,,0
m376,https://openalex.org/W4390467941,10.3390/math12010130,PSSegNet: Segmenting the P- and S-Phases in Microseismic Signals through Deep Learning,2023,Mathematics,article,S3_title_only,1,I,included,,1
m377,https://openalex.org/W4318173857,10.1093/gji/ggad023,Quantifying rupture characteristics of microearthquakes in the Parkfield Area using a high-resolution borehole network,2023,Geophysical Journal International,article,S3_title_only,1,Xs,excluded: setting out of scope,,0
m378,https://openalex.org/W4387540232,10.3390/app132011158,Research on Automatic Classification of Coal Mine Microseismic Events Based on Data Enhancement and FCN-LSTM Network,2023,Applied Sciences,article,S3_title_only,1,I,included,,1
m379,https://openalex.org/W4394817072,10.3997/2214-4609.202332053,Revisiting Induced Seismicity in Groningen Field Using 3D CNN,2023,,conference-paper,S3_title_only,1,Xs,excluded: setting out of scope,,0
m380,https://openalex.org/W4315783854,10.1109/tgrs.2023.3236572,RFloc3D: A Machine-Learning Method for 3-D Microseismic Source Location Using P- and S-Wave Arrivals,2023,IEEE Transactions on Geoscience and Remote Sensing,article,S3_title_only,1,I,included,,1
m381,https://openalex.org/W4322579580,10.1007/s11771-023-5233-8,Rockburst prediction model using machine learning based on microseismic parameters of Qinling water conveyance tunnel,2023,Journal of Central South University,article,S3_title_only,0,Xt,excluded: task out of scope,,0
m382,https://openalex.org/W4375956624,10.1080/19475705.2023.2207715,Semi-automated template matching and machine-learning based analysis of the August 2020 Castelsaraceno microearthquake sequence (southern Italy),2023,Geomatics Natural Hazards and Risk,article,S3_title_only,1,Xs,excluded: setting out of scope,,0
m383,https://openalex.org/W4361271262,10.3389/fams.2023.1126952,Statistical and clustering analysis of microseismicity from a Saskatchewan potash mine,2023,Frontiers in Applied Mathematics and Statistics,article,S3_title_only,1,Xt,excluded: task out of scope,,0
m384,https://openalex.org/W4388414386,10.1007/s40948-023-00684-3,Study on deep learning methods for coal burst risk prediction based on mining-induced seismicity quantification,2023,Geomechanics and Geophysics for Geo-Energy and Geo-Resources,article,S3_title_only,1,Xt,excluded: task out of scope,,0
m385,https://openalex.org/W4384204364,10.21203/rs.3.rs-3062646/v1,Study on deep learning methods for rockburst risk prediction based on mining-induced seismicity quantification,2023,Research Square,preprint,S3_title_only,1,Xt,excluded: task out of scope,,0
m386,https://openalex.org/W4386869593,10.1109/access.2023.3317084,The CGAS Deep Learning Algorithm for P-Wave Arrival Time Picking of Mining Microseismic Events,2023,IEEE Access,article,S3_title_only,1,I,included,,1
m387,https://openalex.org/W4386397973,10.1016/j.engappai.2023.107088,UACNet: A universal automatic classification network for microseismic signals regardless of waveform size and sampling rate,2023,Engineering Applications of Artificial Intelligence,article,S3_title_only,0,I,included,,1
m388,https://openalex.org/W4318586183,10.1109/tgrs.2023.3240728,Unsupervised Clustering of Microseismic Signals Using a Contrastive Learning Model,2023,IEEE Transactions on Geoscience and Remote Sensing,article,S3_title_only,1,I,included,,1
m389,https://openalex.org/W4378231035,10.3997/2214-4609.202310273,Unsupervised learning framework for denoising distributed acoustic sensing (DAS) data,2023,,conference-paper,S3_title_only,1,Xt,excluded: task out of scope,,0
m390,https://openalex.org/W4387230028,10.2118/216656-ms,Use of Double Machine Learning for Microseismic Data Analysis: What Factors Influence Microseismic Events?,2023,,conference-paper,S3_title_only,1,Xt,excluded: task out of scope,,0
m391,https://openalex.org/W4367278308,10.1007/s11771-023-5254-3,Waveform recognition and process interpretation of microseismic monitoring based on an improved LeNet5 convolutional neural network,2023,Journal of Central South University,article,S3_title_only,0,I,included,,1
m392,https://openalex.org/W4389233044,10.1109/access.2023.3338628,Wavelet Transform-Based Fuzzy Clustering Microseismic First-Arrival Picking Method,2023,IEEE Access,article,S3_title_only,1,I,included,,1
m393,https://openalex.org/W4399187338,10.3997/2214-4609.202410606,3D Microseismic Event Direct Location with 3-Component Surface and Borehole Data Using Deep Learning,2024,,conference-paper,S3_title_only,1,XdB,collapsed: second report of a Corpus B study,P68,0
m394,https://openalex.org/W4403390456,10.1109/access.2024.3479209,A Complex Fracture Network Modeling Method Based on Dimensionality Enhancement of Microseismic Event Location Information,2024,IEEE Access,article,S3_title_only,1,Xt,excluded: task out of scope,,0
m395,https://openalex.org/W4405419376,10.3390/app142411689,A Dual-Task Approach for Onset Time Picking and the Detection of Microseismic Waveforms Based on Deep Learning,2024,Applied Sciences,article,S3_title_only,1,I,included,,1
m396,https://openalex.org/W4405871104,10.1016/j.cageo.2024.105844,A first arrival picking method of microseismic signals based on semi-supervised learning using FreeMatch and MS-Picking,2024,Computers & Geosciences,article,S3_title_only,0,I,included,,1
m397,https://openalex.org/W4392281609,10.2139/ssrn.4743981,A Human-on-The-Loop Approach for Labelling Landslide-Induced Seismic Recordings Via a Multi-Class Deep-Learning Based Classification Model,2024,SSRN Electronic Journal,preprint,S3_title_only,0,I,included,,1
m398,https://openalex.org/W4401114748,10.1093/jge/gxae082,A method for assessing the operational status of a microseismic monitoring system using energy distribution changes of observed data,2024,Journal of Geophysics and Engineering,article,S2_relaxed_task,1,Xt,excluded: task out of scope,,0
m399,https://openalex.org/W4392019129,10.1016/j.jappgeo.2024.105329,A novel identification method of microseismic events based on empirical mode decomposition and artificial neural network features,2024,Journal of Applied Geophysics,article,S3_title_only,0,I,included,,1
m400,https://openalex.org/W4403130485,10.1049/2024/5574909,A Preliminary Study on 2D Convolutional Neural Network‐Based Discontinuous Rail Position Classification for Detection on Rail Breaks Using Distributed Acoustic Sensing Data,2024,IET Electrical Systems in Transportation,article,S3_title_only,1,Xs,excluded: setting out of scope,,0
m401,https://openalex.org/W4398976834,10.1016/j.geoen.2024.212983,Advanced Deep Learning for microseismic events prediction for hydraulic fracture treatment via Continuous Wavelet Transform,2024,Geoenergy Science and Engineering,article,S3_title_only,1,Xt,excluded: task out of scope,,0
m402,https://openalex.org/W4402594735,10.1109/icet61945.2024.10672939,An adaptive first arrival time picking method for microseismic data based on stepwise fuzzy clustering,2024,,conference-paper,S3_title_only,1,I,included,,1
m403,https://openalex.org/W4402263318,10.1109/igarss53475.2024.10641958,An Adaptive Noise Reduction Method for Microseismic Data Using Parameter-Free Fuzzy Clustering,2024,,conference-paper,S3_title_only,1,Xt,excluded: task out of scope,,0
m404,https://openalex.org/W4399186031,10.3997/2214-4609.202410956,An Efficient Approach to Uncertainty Quantification for Deep Learning Based Microseismic Source Location,2024,,conference-paper,S3_title_only,1,I,included,,1
m405,https://openalex.org/W4416026053,10.2172/3001157,An integrated deep learning approach for estimating the source locations of microseismicity at the Illinois Basin-Decatur Project site,2024,,report,S3_title_only,1,Xa,"excluded: insufficient information (conference abstract, or no abstract and no method named in the title)",,0
m406,https://openalex.org/W4402843439,10.1016/j.tust.2024.106095,An intelligent approach using micro-seismic monitoring signal clustering and an optimized K-means model to guide the selection of support patterns in underground mines,2024,Tunnelling and Underground Space Technology,article,S3_title_only,1,Xt,excluded: task out of scope,,0
m407,https://openalex.org/W4390885931,10.22541/essoar.170534056.68199902/v1,"Analyzing low-magnitude induced seismicity using deep learning phase picking: a case study from Preston New Road, UK",2024,,preprint,S3_title_only,0,Xd,collapsed: second report of an included study,m546,0
m408,https://openalex.org/W4399187551,10.3997/2214-4609.2024101189,Application of Fourier Neural Operator-Based Microseismic Source Localization at the FORGE Geothermal Underground Laboratory,2024,,conference-paper,S3_title_only,1,Xd,collapsed: second report of an included study,m593,0
m409,https://openalex.org/W4401931772,10.1007/s10596-024-10318-6,Application of supervised machine learning to assess and manage fluid-injection-induced seismicity hazards based on the Montney region of northeastern British Columbia,2024,Computational Geosciences,article,S3_title_only,0,Xt,excluded: task out of scope,,0
m410,https://openalex.org/W4401354713,10.1007/s11069-024-06794-9,Applying machine learning approach in predicting short-term rockburst risks using microseismic information: a comparison of parametric and non-parametric models,2024,Natural Hazards,article,S3_title_only,0,Xt,excluded: task out of scope,,0
m411,https://openalex.org/W4403185683,10.1190/geo2024-0426.1,"Assessing the value of combined use of distributed acoustic sensing and multicomponent vertical seismic profiling data with network-based full-waveform inversion and uncertainty quantification: A case study in Alberta, Canada",2024,Geophysics,article,S3_title_only,1,Xs,excluded: setting out of scope,,0
m412,https://openalex.org/W4405469233,10.1190/image2024-4095418.1,Automatic detection of DAS-recorded microseismic fracture reflections,2024,,conference-paper,"S1_original_blocks; S2_relaxed_task",1,Xt,excluded: task out of scope,,0
m413,https://openalex.org/W4392573876,10.1016/j.tust.2024.105692,Automatic early warning of rockbursts from microseismic events by learning the feature-augmented point cloud representation,2024,Tunnelling and Underground Space Technology,article,S3_title_only,0,Xt,excluded: task out of scope,,0
m414,https://openalex.org/W4405901161,10.1016/j.eqrea.2024.100355,Automatic location of surface-monitored microseismicity with deep learning,2024,Earthquake research advances,article,S3_title_only,1,I,included,,1
m415,https://openalex.org/W4399934806,10.22541/essoar.171820821.18866285/v2,Automatic Monitoring of Rock-Slope Failures Using Distributed Acoustic Sensing and Semi-Supervised Learning,2024,,preprint,S3_title_only,1,Xd,collapsed: second report of an included study,m417,0
m416,https://openalex.org/W4399567460,10.22541/essoar.171820821.18866285/v1,Automatic Monitoring of Rock-Slope Failures Using Distributed Acoustic Sensing and Semi-Supervised Learning,2024,,preprint,S3_title_only,1,Xd,collapsed: second report of an included study,m417,0
m417,https://openalex.org/W4402943581,10.1029/2024gl110672,Automatic Monitoring of Rock‐Slope Failures Using Distributed Acoustic Sensing and Semi‐Supervised Learning,2024,Geophysical Research Letters,article,S3_title_only,1,I,included,,1
m418,https://openalex.org/W4401371792,10.1186/s40623-024-02049-w,Building the fracture network model for the Okuaizu geothermal field based on microseismic data analysis,2024,Earth Planets and Space,article,S3_title_only,1,Xt,excluded: task out of scope,,0
m419,https://openalex.org/W4396218064,10.21203/rs.3.rs-4202875/v1,Building the Fracture Network Model for the Okuaizu Geothermal Field Based on Microseismic Data Analysis,2024,Research Square,preprint,S3_title_only,0,Xt,excluded: task out of scope,,0
m420,https://openalex.org/W4399237122,10.3390/pr12061135,Classification of Microseismic Signals Using Machine Learning,2024,Processes,article,S3_title_only,1,Xs,excluded: setting out of scope,,0
m421,https://openalex.org/W4408880723,10.3997/2214-4609.202478024,DAS Microseismic Data Denoising Using Dual Domain Generative Adversarial Networks with Attention Mechanism,2024,,conference-paper,S3_title_only,1,Xt,excluded: task out of scope,,0
m422,https://openalex.org/W4401898104,10.1190/fose2024-001.1,DASEventNet: A deep learning tool for DAS microseismic event detection,2024,,conference-paper,"S1_original_blocks; S2_relaxed_task; S3_title_only",1,XdB,collapsed: second report of a Corpus B study,P69,0
m423,https://openalex.org/W4395041890,10.22541/au.171386436.63437286/v1,Deciphering earthquake triggering mechanisms for induced seismicity using a fully coupled poroelastic model and machine learning analysis,2024,,preprint,S3_title_only,1,Xt,excluded: task out of scope,,0
m424,https://openalex.org/W4402984715,10.22541/essoar.172770788.83492166/v1,Deep and clustered microseismicity at the edge of southern New Zealand's transpressive plate boundary,2024,,preprint,S3_title_only,1,Xs,excluded: setting out of scope,,0
m425,https://openalex.org/W4403794510,10.1093/gji/ggae386,Deep learning phase pickers: how well can existing models detect hydraulic-fracturing induced microseismicity from a borehole array?,2024,Geophysical Journal International,article,S3_title_only,1,I,included,,1
m426,https://openalex.org/W4392230830,10.22541/essoar.170914509.92208553/v1,Deep Learning Phase Pickers: How Well Can Existing Models Detect Hydraulic-Fracturing Induced Microseismicity from a Borehole Array?,2024,,preprint,S3_title_only,1,Xd,collapsed: second report of an included study,m425,0
m427,https://openalex.org/W4399499063,10.1080/13632469.2024.2364698,Deep Neural Network for Distinguishing Microseismic Signals and Blasting Vibration Signals Based on Deep Learning of Spectrum Features,2024,Journal of Earthquake Engineering,article,S3_title_only,1,I,included,,1
m428,https://openalex.org/W4404205112,10.1016/j.ige.2024.11.002,Deep transfer learning for microseismic waveforms recognition across geological conditions in TBM tunnels,2024,Intelligent geoengineering.,article,S3_title_only,0,I,included,,1
m429,https://openalex.org/W4402185027,10.1016/j.ijrmms.2024.105888,Deep transfer learning for P-wave arrival identification and automatic seismic source location in underground mines,2024,International Journal of Rock Mechanics and Mining Sciences,article,S2_relaxed_task,0,I,included,,1
m430,https://openalex.org/W4399185761,10.3997/2214-4609.202410221,Denoising Distributed Acoustic Sensing Data Using a Guided Unsupervised Deep Learning Network,2024,,conference-paper,S3_title_only,1,Xt,excluded: task out of scope,,0
m431,https://openalex.org/W4404527550,10.3390/s24227312,"Detection and Monitoring of Mining-Induced Seismicity Based on Machine Learning and Template Matching: A Case Study from Dongchuan Copper Mine, China",2024,Sensors,article,S3_title_only,1,I,included,,1
m432,https://openalex.org/W4390495279,10.1190/tle43010016.1,Detection of microseismic events in continuous DAS data using convolutional neural networks,2024,The Leading Edge,article,"S2_relaxed_task; S3_title_only",1,I,included,,1
m433,https://openalex.org/W4396577764,10.1007/s11600-024-01338-y,Developing an explainable rockburst risk prediction method using monitored microseismicity based on interpretable machine learning approach,2024,Acta Geophysica,article,S3_title_only,0,Xt,excluded: task out of scope,,0
m434,https://openalex.org/W4401388055,10.3390/app14166911,Development of a Deep Neural Network Model for the Relocation of Mining-Induced Seismic Event,2024,Applied Sciences,article,S3_title_only,1,I,included,,1
m435,https://openalex.org/W4394060764,10.1016/j.geoen.2024.212818,Distributed acoustic sensing in subsurface applications – Review and potential integration with artificial intelligence for an intelligent CO2 storage monitoring system,2024,Geoenergy Science and Engineering,article,S3_title_only,0,Xp,"excluded: secondary study (review, survey)",,0
m436,https://openalex.org/W4396859138,10.1785/0220230391,DMLoc: Automatic Microseismic Locating Workflow Based on Deep Learning and Waveform Migration,2024,Seismological Research Letters,article,S3_title_only,1,I,included,,1
m437,https://openalex.org/W4402026029,10.1093/gji/ggae304,Earthquake migration characteristics and triggering mechanisms in the Baihetan Reservoir Area based on machine-learning microseismic detection,2024,Geophysical Journal International,article,S3_title_only,1,I,included,,1
m438,https://openalex.org/W4400903528,10.1109/lgrs.2024.3432549,Energy Density-Based Median Filter: Detection and Suppression of Impulse Noise Clusters in Aircraft-Induced Seismic Signal,2024,IEEE Geoscience and Remote Sensing Letters,article,S3_title_only,1,Xs,excluded: setting out of scope,,0
m439,https://openalex.org/W4405469364,10.1190/image2024-w06-01.1,Enhancing fiber-optic DAS microseismic event detection in imbalanced data using embedding space optimization,2024,,conference-paper,"S1_original_blocks; S2_relaxed_task",1,I,included,,1
m440,https://openalex.org/W4400746396,10.1016/j.epsl.2024.118881,Fault structure and earthquake clustering in Aswan region (Egypt) revealed by high-precision earthquake location from 35 years of recorded natural and induced seismicity,2024,Earth and Planetary Science Letters,article,S3_title_only,0,Xs,excluded: setting out of scope,,0
m441,https://openalex.org/W4404058599,10.1190/geo2024-0478.1,Focal mechanism determination by location-constrained deep learning: Application to microseismic monitoring,2024,Geophysics,article,S3_title_only,1,Xt,excluded: task out of scope,,0
m442,https://openalex.org/W4405728345,10.21203/rs.3.rs-5575976/v1,Forecasting the spatiotemporal evolution of fluid-induced microearthquakes with deep learning,2024,Research Square,preprint,S3_title_only,0,Xt,excluded: task out of scope,,0
m443,https://openalex.org/W4405469509,10.1190/image2024-4094685.1,High precision microseismic phase picking and monitoring based on advanced deep learning,2024,,conference-paper,S3_title_only,1,I,included,,1
m444,https://openalex.org/W4399678192,10.1007/s10712-024-09846-8,High-Precision Microseismic Source Localization Using a Fusion Network Combining Convolutional Neural Network and Transformer,2024,Surveys in Geophysics,article,S3_title_only,0,I,included,,1
m445,https://openalex.org/W4400871188,10.1016/j.measurement.2024.115381,Hybrid deep learning-based identification of microseismic events in TBM tunnelling,2024,Measurement,article,S3_title_only,0,I,included,,1
m446,https://openalex.org/W4392966259,10.3389/feart.2024.1348698,Identification of the mining accidents by a two-step clustering method for the mining-induced seismicity,2024,Frontiers in Earth Science,article,S3_title_only,1,Xt,excluded: task out of scope,,0
m447,https://openalex.org/W4396836666,10.21015/vtse.v12i1.1729,Impact of climatic anomalies and reservoir induced seismicity on earthquake generation using Federated Learning,2024,VFAST Transactions on Software Engineering,article,S3_title_only,1,Xt,excluded: task out of scope,,0
m448,https://openalex.org/W4399186797,10.3997/2214-4609.2024101475,"Impacts of Deep Learning to Detect Induced Seismicity: a Case Study from Preston New Road, UK",2024,,conference-paper,S3_title_only,1,Xd,collapsed: second report of an included study,m546,0
m449,https://openalex.org/W4392168537,10.1190/int-2023-0046.1,"Integration of deep-learning fault segmentation, horizontal transverse isotropy analysis, and ambient microseismic methods to enhance fracture prediction in the Crisol Anticline, Colombia",2024,Interpretation,article,S3_title_only,1,Xt,excluded: task out of scope,,0
m450,https://openalex.org/W4395013724,10.1016/j.measurement.2024.114760,Intelligent Recognition of Valid Microseismic Events Based on Self-supervised Learning,2024,Measurement,article,S3_title_only,0,I,included,,1
m451,https://openalex.org/W4392538201,10.48550/arxiv.2403.02791,Intelligent Traffic Monitoring with Distributed Acoustic Sensing,2024,arXiv (Cornell University),preprint,S3_title_only,1,Xs,excluded: setting out of scope,,0
m452,https://openalex.org/W4401672418,10.1007/s00603-024-04115-x,LGF SeismoLocator: A Deep Learning Model for Precision Microseismic Event Localization in Coal Mines,2024,Rock Mechanics and Rock Engineering,article,S3_title_only,0,I,included,,1
m453,https://openalex.org/W4396895086,10.15406/mojes.2024.09.00305,Machine Learning for Stimulated Reservoir Volume (SRV) Prediction Using 4-D Micro-seismic Data,2024,MOJ Ecology & Environmental Sciences,article,S3_title_only,1,Xt,excluded: task out of scope,,0
m454,https://openalex.org/W4402195273,10.3390/en17174421,Machine Learning-Driven Quantification of CO2 Plume Dynamics at Illinois Basin Decatur Project Sites Using Microseismic Data,2024,Energies,article,S3_title_only,1,Xt,excluded: task out of scope,,0
m455,https://openalex.org/W4402317941,10.1029/2024jh000159,Machine Learning‐Assisted Microearthquake Location Workflow for Monitoring the Newberry Enhanced Geothermal System,2024,Journal of Geophysical Research Machine Learning and Computation,article,S3_title_only,1,I,included,,1
m456,https://openalex.org/W4402683330,10.1155/2024/6845665,Machine Learning–Enhanced Microseismic Analysis for Evaluating Rock Crack Trajectory,2024,Shock and Vibration,article,S3_title_only,1,Xt,excluded: task out of scope,,0
m457,https://openalex.org/W4405469163,10.1190/image2024-4097931.1,Machine-learning based arrival-picking in continuous DAS recordings — Application to the Utah FORGE EGS project,2024,,conference-paper,"S1_original_blocks; S2_relaxed_task",1,I,included,,1
m458,https://openalex.org/W4402123383,10.1007/978-981-97-3397-2_51,Machine-Learning Based Prediction Model for Identifying Torsion-Induced Seismic Response Amplification in Plan-Asymmetric Buildings,2024,Lecture notes in civil engineering,conference-paper,S3_title_only,0,Xs,excluded: setting out of scope,,0
m459,https://openalex.org/W4397032990,10.1007/s11770-024-1091-x,"Method and Application of Stress Inversion based on Strike, Dip, and Rake Data from Microseismic Focal Mechanisms and Fracture Network",2024,Applied Geophysics,article,S3_title_only,0,Xt,excluded: task out of scope,,0
m460,https://openalex.org/W4392548713,10.3390/app14062243,Methods for Identifying Effective Microseismic Signals in a Strong-Noise Environment Based on the Variational Mode Decomposition and Modified Support Vector Machine Models,2024,Applied Sciences,article,S3_title_only,1,I,included,,1
m461,https://openalex.org/W4405305364,10.1109/ntci64025.2024.10776269,Microseismic Data Augmentation Based on Improved Generative Adversarial Network and Policy Gradient,2024,,conference-paper,S3_title_only,1,Xt,excluded: task out of scope,,0
m462,https://openalex.org/W4404242787,10.3390/math12223502,Microseismic Data-Driven Short-Term Rockburst Evaluation in Underground Engineering with Strategic Data Augmentation and Extremely Randomized Forest,2024,Mathematics,article,S3_title_only,1,Xt,excluded: task out of scope,,0
m463,https://openalex.org/W4393431061,10.1007/s11770-024-1058-y,Microseismic Event Recognition and Transfer Learning Based on Convolutional Neural Network and Attention Mechanisms,2024,Applied Geophysics,article,S3_title_only,0,I,included,,1
m464,https://openalex.org/W4391519361,10.22541/au.170709104.40644424/v1,Microseismic Monitoring using Transfer Learning: Example from the Newberry EGS,2024,,preprint,S3_title_only,1,Xd,collapsed: second report of an included study,m455,0
m465,https://openalex.org/W4391807653,10.1109/tgrs.2024.3366449,Microseismic Source Imaging Using Physics-Informed Neural Networks With Hard Constraints,2024,IEEE Transactions on Geoscience and Remote Sensing,article,S3_title_only,1,I,included,,1
m466,https://openalex.org/W4401036888,10.3997/2214-4609.202471094,Microseismic Source Localization at the FORGE Geothermal Site Using Fourier Neural Operator,2024,,conference-paper,S3_title_only,1,Xd,collapsed: second report of an included study,m593,0
m467,https://openalex.org/W4406188985,10.3997/2214-4609.202472094,Microseismic Source Localization at the FORGE Geothermal Site Using Fourier Neural Operator,2024,,conference-paper,S3_title_only,1,Xd,collapsed: second report of an included study,m593,0
m468,https://openalex.org/W4396754448,10.1109/lgrs.2024.3398043,Microseismic Source Localization Method Based on Neural Network Algorithm and Dynamic Reduction of Solution Interval,2024,IEEE Geoscience and Remote Sensing Letters,article,S3_title_only,1,I,included,,1
m469,https://openalex.org/W4396776420,10.1016/j.jrmge.2024.02.014,Microseismic source location using deep learning: A coal mine case study in China,2024,Journal of Rock Mechanics and Geotechnical Engineering,article,S3_title_only,1,I,included,,1
m470,https://openalex.org/W4392508759,10.3390/app14052194,Microseismic Velocity Inversion Based on Deep Learning and Data Augmentation,2024,Applied Sciences,article,S3_title_only,1,Xt,excluded: task out of scope,,0
m471,https://openalex.org/W4392114251,10.1109/tgrs.2024.3369577,Monitoring Subsurface Fracture Flow Using Unsupervised Deep Learning of Borehole Microseismic Waveform Data,2024,IEEE Transactions on Geoscience and Remote Sensing,article,S3_title_only,1,Xt,excluded: task out of scope,,0
m472,https://openalex.org/W4391819533,10.1007/s13202-024-01752-4,Multiscale dilated denoising convolution with channel attention mechanism for micro-seismic signal denoising,2024,Journal of Petroleum Exploration and Production Technology,article,S3_title_only,1,Xt,excluded: task out of scope,,0
m473,https://openalex.org/W4403555151,10.1007/s10596-024-10323-9,Neural networks for source mechanism inversion from surface microseismic data,2024,Computational Geosciences,article,S3_title_only,0,Xt,excluded: task out of scope,,0
m474,https://openalex.org/W4401049020,10.1190/geo2024-0109.1,Noise attenuation in distributed acoustic sensing data using a guided unsupervised deep learning network,2024,Geophysics,article,S3_title_only,1,Xt,excluded: task out of scope,,0
m475,https://openalex.org/W4392535963,10.2139/ssrn.4749945,Optimizing Microseismic Sensor Networks in Mines Using Cramér–Rao Lower Bound Framework,2024,SSRN Electronic Journal,preprint,S3_title_only,0,Xn,excluded: no ML or DL component,,0
m476,https://openalex.org/W4391401421,10.1007/s10950-024-10193-9,Predicting microseismic sensitive feature data using variational mode decomposition and transformer,2024,Journal of Seismology,article,S3_title_only,0,Xt,excluded: task out of scope,,0
m477,https://openalex.org/W4399954237,10.1016/j.jrmge.2024.03.023,Prediction of time-energy-location of microseismic events induced by deep coal-energy mining: Deep learning approach,2024,Journal of Rock Mechanics and Geotechnical Engineering,article,S3_title_only,1,Xt,excluded: task out of scope,,0
m478,https://openalex.org/W4402124204,10.3390/su16177592,Promoting Sustainable Development of Coal Mines: CNN Model Optimization for Identification of Microseismic Signals Induced by Hydraulic Fracturing in Coal Seams,2024,Sustainability,article,S3_title_only,1,I,included,,1
m479,https://openalex.org/W4405200452,10.1016/j.engfailanal.2024.109191,Real-time rockburst assessment based on a novel hybrid convolutional long short-term memory network based on microseismic monitoring data,2024,Engineering Failure Analysis,article,S3_title_only,0,Xt,excluded: task out of scope,,0
m480,https://openalex.org/W4405660388,10.1002/9781394179275.ch29,Recent Advances in the Use of Temporary Optical Fiber Deployment for Downhole Hydraulic Fracture Monitoring,2024,Geophysical monograph,other,S2_relaxed_task,1,Xp,"excluded: secondary study (review, survey)",,0
m481,https://openalex.org/W4403905041,10.1016/j.jappgeo.2024.105551,Recognition and classification of microseismic event waveforms based on histogram of oriented gradients and shallow machine learning approach,2024,Journal of Applied Geophysics,article,S3_title_only,0,I,included,,1
m482,https://openalex.org/W4402564385,10.26443/seismica.v2i4.1311,Relative Moment Tensor Inversion for Microseismicity: Application to Clustered Earthquakes in the Cascadia Forearc,2024,Seismica,article,S3_title_only,1,Xs,excluded: setting out of scope,,0
m483,https://openalex.org/W4404922658,10.1038/s41598-024-81614-5,Research on prediction of high energy microseismic events in rock burst mines based on BP neural network,2024,Scientific Reports,article,S3_title_only,1,Xt,excluded: task out of scope,,0
m484,https://openalex.org/W4410428205,10.1109/icst62759.2024.10992167,Residual-CBAM CNN-Based Railway Environment Classification Using Distributed Acoustic Sensing Data from Train Operations,2024,,conference-paper,S3_title_only,1,Xs,excluded: setting out of scope,,0
m485,https://openalex.org/W4405875028,10.1007/s00024-024-03643-5,RETRACTED ARTICLE: Research on Microseismic Periodic Noise Suppression Method Based on Long Short-Term Memory Network,2024,Pure and Applied Geophysics,article,S3_title_only,0,Xr,excluded: linked to a retracted study,,0
m486,https://openalex.org/W4390660266,10.1109/lgrs.2024.3350731,Self-Supervised Convolutional Clustering for Picking the First Break of Microseismic Recording,2024,IEEE Geoscience and Remote Sensing Letters,article,S3_title_only,1,I,included,,1
m487,https://openalex.org/W4404731822,10.1093/gji/ggae308,Semi-Picking: A semi-supervised arrival time picking for microseismic monitoring based on the TransUGA network combined with SimMatch,2024,Geophysical Journal International,article,S3_title_only,1,I,included,,1
m488,https://openalex.org/W4402455858,10.1029/2024gl109802,Separating Injection‐Driven and Earthquake‐Driven Induced Seismicity by Combining a Fully Coupled Poroelastic Model With Interpretable Machine Learning,2024,Geophysical Research Letters,article,S3_title_only,1,Xt,excluded: task out of scope,,0
m489,https://openalex.org/W4408880717,10.3997/2214-4609.202478007,Shallow Bore-hole Microseismic Data Processing Based on Machine Learning,2024,,conference-paper,S3_title_only,1,I,included,,1
m490,https://openalex.org/W4402259960,10.1109/igarss53475.2024.10641807,Siamese Unsupervised Clustering For Removing Uncertainty In Microseismic Signal Labelling,2024,,conference-paper,S3_title_only,1,I,included,,1
m491,https://openalex.org/W4403534225,10.1109/access.2024.3483196,Signal Enhancement for Downhole Microseismic Data Using Improved Attention Mechanism Based on Autoencoder Network,2024,IEEE Access,article,S3_title_only,1,Xt,excluded: task out of scope,,0
m492,https://openalex.org/W4396913893,10.48550/arxiv.2405.07660,Signal Enhancement in Distributed Acoustic Sensing Data Using a Guided Unsupervised Deep Learning Network,2024,arXiv (Cornell University),preprint,S3_title_only,1,Xt,excluded: task out of scope,,0
m493,https://openalex.org/W4402974444,10.2139/ssrn.4972113,Spatiotemporal Clustering of Microseismic Signals in Mining Areas,2024,SSRN Electronic Journal,preprint,S3_title_only,0,Xt,excluded: task out of scope,,0
m494,https://openalex.org/W4403968387,10.3390/s24216978,Supervised Deep Learning for Detecting and Locating Passive Seismic Events Recorded with DAS: A Case Study,2024,Sensors,article,S2_relaxed_task,1,I,included,,1
m495,https://openalex.org/W4392666815,10.1007/978-981-97-0479-8_63,The Application Study of Network Microseismic Monitoring Technology,2024,Springer series in geomechanics and geoengineering,conference-paper,S3_title_only,0,Xn,excluded: no ML or DL component,,0
m496,https://openalex.org/W4407378475,10.1145/3712623.3712665,The Intelligent Layered Noise Filtering Method for Microseismic Signals of Rock Mass Fracture in Deep-Buried Tunnels,2024,,conference-paper,S3_title_only,1,Xt,excluded: task out of scope,,0
m497,https://openalex.org/W4392203261,10.1016/j.ijmst.2024.01.003,Transfer learning framework for multi-scale crack type classification with sparse microseismic networks,2024,International Journal of Mining Science and Technology,article,S3_title_only,1,Xt,excluded: task out of scope,,0
m498,https://openalex.org/W4402565156,10.1016/j.ijrmms.2024.105905,Unsupervised clustering of mining-induced microseismicity provides insights into source mechanisms,2024,International Journal of Rock Mechanics and Mining Sciences,article,S3_title_only,1,Xt,excluded: task out of scope,,0
m499,https://openalex.org/W4399126196,10.2139/ssrn.4846860,Unsupervised Clustering of Mining-Induced Microseismicity Provides Insights into Source Mechanisms,2024,SSRN Electronic Journal,preprint,S3_title_only,0,Xt,excluded: task out of scope,,0
m500,https://openalex.org/W4404004374,10.2139/ssrn.5007698,"Unsupervised Learning for Detecting Induced Seismicity: A Case Study in the Fox Creek Area, Alberta",2024,SSRN Electronic Journal,preprint,S3_title_only,0,Xm,excluded: other sensing modality or regional networks only,,0
m501,https://openalex.org/W4402668571,10.2118/220946-ms,"Use of Machine Learning in Microseismic Monitoring for Thermal Operations in Cold Lake, AB, Canada",2024,SPE Annual Technical Conference and Exhibition,conference-paper,S3_title_only,1,I,included,,1
m502,https://openalex.org/W4392458475,10.3390/s24051682,Using Fuzzy C-Means Clustering to Determine First Arrival of Microseismic Recordings,2024,Sensors,article,S3_title_only,1,I,included,,1
m503,https://openalex.org/W4391835224,10.15121/2301597,Utah FORGE: Microseismic Surface Network Catalogs for Wells 16A(78)-32 and 16B(78)-32 Stimulation 2022 and Circulation 2023,2024,OSTI OAI (U.S. Department of Energy Office of Scientific and Technical Information),article,S3_title_only,1,Xa,"excluded: insufficient information (conference abstract, or no abstract and no method named in the title)",,0
m504,https://openalex.org/W4413766331,10.2172/2586278,Wavelet Transform and Hidden Markov Model Application for Unsupervised Clustering of Microseismic Events from CO2 Injection,2024,,report,S3_title_only,0,Xt,excluded: task out of scope,,0
m505,https://openalex.org/W4401481726,10.56952/arma-2024-0844,Wavelet Transform and Hidden Markov Model Application for Unsupervised Clustering of Microseismic Events from CO2 Injection,2024,,conference-paper,S3_title_only,1,Xt,excluded: task out of scope,,0
m506,https://openalex.org/W4409085577,10.1117/12.3059737,A CNN-BiLSTM-attention model for time series prediction of microseismic events in coal mines,2025,,conference-paper,S3_title_only,1,Xt,excluded: task out of scope,,0
m507,https://openalex.org/W7131362634,10.1134/s1062739125050084,A CNN–LSTM and PSO–GRNN Prediction of the Rockburst Risk Level Based on the Data from the Combination of Microseismic Monitoring Variables with Electromagnetic Radiation Signals,2025,Journal of Mining Science,article,S3_title_only,1,Xt,excluded: task out of scope,,0
m508,https://openalex.org/W4416534427,10.1002/dac.70319,A Comprehensive Review of Optimization Algorithms in Oil and Gas Fields: Approaches and Applications,2025,International Journal of Communication Systems,article,S4_forward_citation,1,Xp,"excluded: secondary study (review, survey)",,0
m509,https://openalex.org/W4410784949,10.3390/s25113353,A Deep-Learning-Based Real-Time Microearthquake Monitoring System (RT-MEMS) for Taiwan,2025,Sensors,article,S3_title_only,1,Xs,excluded: setting out of scope,,0
m510,https://openalex.org/W7162311886,10.3997/2214-4609.202510085,A Latent Diffusion Model-Based Imaging Condition for Microseismic Event Location,2025,,conference-paper,S3_title_only,0,Xd,collapsed: second report of an included study,m749,0
m511,https://openalex.org/W4406354188,10.1109/jsen.2025.3526997,A Method for Online Detection of the Operating Status of Geophones in the Microseismic System Using Data Augmentation and Spatiotemporal Neural Networks,2025,IEEE Sensors Journal,article,"S2_relaxed_task; S3_title_only",1,Xt,excluded: task out of scope,,0
m512,https://openalex.org/W4408694044,10.3390/app15073424,A Microseismic Phase Picking and Polarity Determination Model Based on the Earthquake Transformer,2025,Applied Sciences,article,S3_title_only,1,I,included,,1
m513,https://openalex.org/W4410101613,10.1016/j.enggeo.2025.108109,A multi-scale CNN-Transformer hybrid network for microseismic signal arrival picking: Model analysis and engineering application,2025,Engineering Geology,article,S3_title_only,0,I,included,,1
m514,https://openalex.org/W4415281841,10.1007/s00477-025-03105-x,A novel and robust Fourier-based Kolmogorov-Arnold Network in early warning of rockbursts from microseismic data,2025,Stochastic Environmental Research and Risk Assessment,article,S3_title_only,0,Xt,excluded: task out of scope,,0
m515,https://openalex.org/W4417352312,10.53941/ijndi.2025.100026,A Novel CEEMD-Based Multichannel Denoising Autoencoder for Noise Attenuation of Surface Microseismic Data,2025,International Journal of Network Dynamics and Intelligence,article,S3_title_only,1,Xt,excluded: task out of scope,,0
m516,https://openalex.org/W4416333225,10.1038/s41598-025-24211-4,A prediction model for microseismic signals based on kernel extreme learning machine optimized by Harris Hawks algorithm,2025,Scientific Reports,article,S3_title_only,1,Xt,excluded: task out of scope,,0
m517,https://openalex.org/W4416781659,10.3934/environsci.2025043,A real-time evaluation method of unstable rock risk level based on Microseismic data and CWT-CNN integrated algorithm,2025,AIMS environmental science,article,S3_title_only,1,Xt,excluded: task out of scope,,0
m518,https://openalex.org/W7115721572,10.1016/j.rser.2025.116618,A review of reservoir stimulation technologies for enhanced geothermal systems,2025,Renewable and Sustainable Energy Reviews,article,S4_forward_citation,0,Xp,"excluded: secondary study (review, survey)",,0
m519,https://openalex.org/W4415748057,10.1109/access.2025.3627765,"A Systematic and Comprehensive Review on the Application of the Distributed Acoustic Sensing Data in Subsurface Application: Methodologies, Deep Learning Approaches, and Future Prospects",2025,IEEE Access,article,"S1_original_blocks; S2_relaxed_task; S3_title_only",1,Xp,"excluded: secondary study (review, survey)",,0
m520,https://openalex.org/W4406786198,10.21203/rs.3.rs-5877330/v1,An Algorithm for Shape-Based Distance of Microseismic Time Series Waveforms and its Application in Clustering Mining Events,2025,Research Square,preprint,S3_title_only,0,Xt,excluded: task out of scope,,0
m521,https://openalex.org/W4413088498,10.3390/app15147891,An Algorithm for the Shape-Based Distance of Microseismic Time Series Waveforms and Its Application in Clustering Mining Events,2025,Applied Sciences,article,S3_title_only,1,Xt,excluded: task out of scope,,0
m522,https://openalex.org/W4415569864,10.1016/j.enggeo.2025.108428,An automated machine learning approach for near-real-time rockfall classification via distributed acoustic sensing along linear infrastructure,2025,Engineering Geology,article,S3_title_only,0,I,included,,1
m523,https://openalex.org/W4408133510,10.1016/j.tust.2025.106534,An efficiently designed CNN-Transformer fusion network for automatic and real-time microseismic signal classification,2025,Tunnelling and Underground Space Technology,article,S3_title_only,0,I,included,,1
m524,https://openalex.org/W7117774000,10.1016/j.energ.2025.100054,An overview of recent advances in geothermal energy utilization from traditional applications to low-carbon hybrid systems,2025,Energy 360.,article,S4_forward_citation,0,Xp,"excluded: secondary study (review, survey)",,0
m525,https://openalex.org/W4412630817,10.3390/pr13082359,Analysis of Spatiotemporal Characteristics of Microseismic Monitoring Data in Deep Mining Based on ST-DBSCAN Clustering Algorithm,2025,Processes,article,S3_title_only,1,Xt,excluded: task out of scope,,0
m526,https://openalex.org/W4411640376,10.1109/dipca65051.2025.11042513,Application of Integrated U-Net Network-Based Microseismic Monitoring and Precision Localization Technology in Cross-Boundary Coal Mining,2025,,conference-paper,S3_title_only,1,I,included,,1
m527,https://openalex.org/W4415489234,10.3390/app152111358,Approach for Microseismic Monitoring Data-Driven Rockburst Short-Term Prediction Using Deep Feature Extraction and Interpretable Coupling Neural Networks,2025,Applied Sciences,article,S3_title_only,1,Xt,excluded: task out of scope,,0
m528,https://openalex.org/W4417050414,10.3390/en18236354,Artificial Intelligence for Underground Gas Storage Engineering: A Review with Bibliometric and Knowledge-Graph Insights,2025,Energies,article,S4_forward_citation,1,Xp,"excluded: secondary study (review, survey)",,0
m529,https://openalex.org/W7161757710,10.33545/26648776.2025.v7.i2c.187,"Artificial Intelligence in Subsurface Energy Storage: A Critical Review of Characterization, Monitoring, Forecasting, and Risk Assessment",2025,International Journal of Research in Engineering,article,S2_relaxed_task,1,Xp,"excluded: secondary study (review, survey)",,0
m530,https://openalex.org/W4415494949,10.3997/2214-4609.202521215,Assessing Neural Operators for Microseismic Source Localization,2025,,conference-paper,S3_title_only,1,I,included,,1
m531,https://openalex.org/W4411297737,10.1016/j.measurement.2025.118143,Automated P-wave arrival picking in microseismic monitoring: Integrating multi-feature clustering and enhanced AIC-STA/LTA,2025,Measurement,article,S3_title_only,0,I,included,,1
m532,https://openalex.org/W4409224862,10.2139/ssrn.5208847,Automated P-Wave Arrival Picking in Microseismic Monitoring: Integrating Multi-Feature Clustering and Enhanced Aic-Sta/Lta,2025,SSRN Electronic Journal,preprint,S3_title_only,0,Xd,collapsed: second report of an included study,m531,0
m533,https://openalex.org/W4409897206,10.1155/stc/9780866,Automatic Identification of Diverse Tunnel Threats With Machine Learning–Based Distributed Acoustic Sensing,2025,Structural Control and Health Monitoring,article,S3_title_only,1,Xs,excluded: setting out of scope,,0
m534,https://openalex.org/W4406311288,10.1109/tgrs.2025.3528433,CNN-KA: A Hybrid P-Phase Picking Method for Microseismic Source Location in Deep Mine With Complex Geological Conditions,2025,IEEE Transactions on Geoscience and Remote Sensing,article,S3_title_only,1,I,included,,1
m535,https://openalex.org/W4407011908,10.2118/0225-0092-jpt,Complex Fracture Network in Shale Gas Reservoir Derived From Microseismic Data,2025,Journal of Petroleum Technology,article,S3_title_only,1,Xt,excluded: task out of scope,,0
m536,https://openalex.org/W4414614294,10.22541/essoar.175913795.57819063/v1,Conditional Diffusion Model for Robust 3-D Microseismic Event Localization from Noisy Waveforms,2025,,preprint,S3_title_only,1,Xd,collapsed: second report of an included study,m645,0
m537,https://openalex.org/W4417464375,10.2118/231429-pa,Crack Parameter Interpretation Research Based on a Forward-Reverse Interactive Long Short-Term Memory Model Using Distributed Optical Fiber Sensing Strain Data,2025,SPE Journal,article,S4_forward_citation,1,Xt,excluded: task out of scope,,0
m538,https://openalex.org/W7123510283,10.3997/2214-4609.202576012,Data Preparation for A Supervised Deep Learning Approach to Detect Microseismic Events using Distributed Acoustic Sensing,2025,,conference-paper,"S2_relaxed_task; S3_title_only",0,I,included,,1
m539,https://openalex.org/W4412623574,10.1109/tgrs.2025.3592196,DCAF-Net: An Intelligent Denoising Method for Microseismic Signals Based on the Combination of Time and Wavelet Domains,2025,IEEE Transactions on Geoscience and Remote Sensing,article,S3_title_only,1,Xt,excluded: task out of scope,,0
m540,https://openalex.org/W4410776073,10.1029/2024jb030371,Deep and Clustered Microseismicity at the Edge of Southern New Zealand's Transpressive Plate Boundary,2025,Journal of Geophysical Research Solid Earth,article,S3_title_only,1,Xs,excluded: setting out of scope,,0
m541,https://openalex.org/W4406172227,10.1109/tgrs.2025.3526933,Deep Learning for Seismic Data Compression in Distributed Acoustic Sensing,2025,IEEE Transactions on Geoscience and Remote Sensing,article,S3_title_only,1,Xt,excluded: task out of scope,,0
m542,https://openalex.org/W4413045297,10.1038/s43247-025-02644-z,Deep learning forecasts the spatiotemporal evolution of fluid-induced microearthquakes,2025,Communications Earth & Environment,article,S3_title_only,1,Xt,excluded: task out of scope,,0
m543,https://openalex.org/W4417155540,10.48550/arxiv.2506.14923,Deep learning forecasts the spatiotemporal evolution of fluid-induced microearthquakes,2025,arXiv (Cornell University),preprint,S3_title_only,1,Xt,excluded: task out of scope,,0
m544,https://openalex.org/W4412695980,10.22541/essoar.175370222.23288892/v1,Deep Learning Reveals Precursory Patterns in Rockslide Microseismicity,2025,,preprint,S3_title_only,1,Xt,excluded: task out of scope,,0
m545,https://openalex.org/W4415171836,10.2118/228096-ms,Deep Learning-Driven Inversion of Natural Fractures from Fiber Optic Data in Hydraulic Fracturing,2025,SPE Annual Technical Conference and Exhibition,conference-paper,S2_relaxed_task,1,Xt,excluded: task out of scope,,0
m546,https://openalex.org/W7116774904,10.22541/essoar.176636983.33798285/v1,"Deep Learning-Enhanced Catalogue of Induced Microseismicity at Preston New Road-1z, UK: New Insights into Spatio-Temporal Patterns and Structural Control",2025,,preprint,S3_title_only,1,I,included,,1
m547,https://openalex.org/W7126727258,,"Deep Learning-Enhanced Catalogue of Induced Microseismicity at Preston New Road-1z, UK:New Insights into Spatio-Temporal Patterns and Structural Control",2025,Bristol Research (University of Bristol),article,S3_title_only,1,Xd,collapsed: second report of an included study,m546,0
m548,https://openalex.org/W4406865530,10.1029/2024gl111285,"Deformation on Rainbow Massif, Mid‐Atlantic Ridge, Illuminated With Microearthquakes Detected by Machine Learning",2025,Geophysical Research Letters,article,S3_title_only,1,Xs,excluded: setting out of scope,,0
m549,https://openalex.org/W7167723000,10.1109/ingarss67683.2025.11584070,Detection of Heavy Rainfall and Wind Induced Seismic Signatures in Geophone Using Machine Learning,2025,,conference-paper,"S2_relaxed_task; S3_title_only",0,Xs,excluded: setting out of scope,,0
m550,https://openalex.org/W4417334966,10.1016/j.jappgeo.2025.106069,Detection of mining-induced microseismicity through a deep convolutional neural network,2025,Journal of Applied Geophysics,article,S3_title_only,1,I,included,,1
m551,https://openalex.org/W4406828474,10.1007/s00603-025-04388-w,Development and Validation of Intelligent Models for Predicting Rockburst Location Based on Microseismic Monitoring and Machine Learning,2025,Rock Mechanics and Rock Engineering,article,S3_title_only,0,Xt,excluded: task out of scope,,0
m552,https://openalex.org/W4414993826,10.1038/s41598-025-19305-y,Dynamic evolution of water conducting fracture zones and roof water hazard early warning based on 3d spatial clustering,2025,Scientific Reports,article,S4_forward_citation,1,Xt,excluded: task out of scope,,0
m553,https://openalex.org/W7125691709,10.22564/19cisbgf2025.130,Effective Fracture Network Analysis Based on Micro Seismic,2025,,conference-paper,S3_title_only,1,Xt,excluded: task out of scope,,0
m554,https://openalex.org/W4416303967,10.3997/2214-4609.202577102,Employing Deep Learning Technology to Perform Long-Term Microseismic Monitoring,2025,,conference-paper,S3_title_only,1,I,included,,1
m555,https://openalex.org/W4409169440,10.1063/5.0266910,Enhanced convolutional neural network-based prediction and source mechanism interpretation of high-energy microseismic events in coal mines,2025,Physics of Fluids,article,S3_title_only,1,Xt,excluded: task out of scope,,0
m556,https://openalex.org/W4410826439,10.1038/s41598-025-03657-6,Event recognition technology and short-term rockburst early warning model based on microseismic monitoring and ensemble learning,2025,Scientific Reports,article,S3_title_only,1,I,included,,1
m557,https://openalex.org/W4415035823,10.1016/j.ijrmms.2025.106297,"Evolution of fracture network, permeability and induced seismicity during fatigue hydraulic fracturing",2025,International Journal of Rock Mechanics and Mining Sciences,article,S3_title_only,0,Xs,excluded: setting out of scope,,0
m558,https://openalex.org/W7116394133,10.22541/au.176617599.93150350/v1,Exploring Wavefield-Based Location Imaging in Heterogeneous Media: a Borehole DAS Example,2025,,preprint,S2_relaxed_task,1,Xd,collapsed: second report of an included study,m690,0
m559,https://openalex.org/W4412981672,10.2139/ssrn.5380746,Fast and Effective Classification of Landslide Microseismicity: A Machine Learning Perspective,2025,SSRN Electronic Journal,preprint,S3_title_only,0,Xd,collapsed: second report of an included study,m691,0
m560,https://openalex.org/W4415608041,10.1007/s00603-025-05072-9,Fault-Slip Type Mining-Induced Seismicity: Insights from Cluster and Earthquake Interactions,2025,Rock Mechanics and Rock Engineering,article,S3_title_only,0,Xt,excluded: task out of scope,,0
m561,https://openalex.org/W4415227695,10.22541/essoar.176054449.92189091/v1,"Focal Mechanism and Stress Analysis of the CAPE Site, Utah",2025,,preprint,S2_relaxed_task,1,Xt,excluded: task out of scope,,0
m562,https://openalex.org/W4416508661,10.1785/0220250210,Forecasting Fluid-Induced Seismicity Using Machine Learning Time-Series Prediction,2025,Seismological Research Letters,article,S3_title_only,1,Xt,excluded: task out of scope,,0
m563,https://openalex.org/W4411628968,10.1093/gji/ggaf155,Forecasting induced seismicity in enhanced geothermal systems using machine learning: challenges and opportunities,2025,Geophysical Journal International,article,S3_title_only,1,Xt,excluded: task out of scope,,0
m564,https://openalex.org/W7115595304,10.1016/j.enggeo.2025.108512,"High-precision 3D seismic event (SE) location method for slopes incorporating complex strata and topographic effects: A case study of creeping slopes in the Hengduan Mountains, Eastern Tibet",2025,Engineering Geology,article,S4_forward_citation,0,Xn,excluded: no ML or DL component,,0
m565,https://openalex.org/W4416457209,10.3390/s25237103,High-Precision Coal Mine Microseismic P-Wave Arrival Picking via Physics-Constrained Deep Learning,2025,Sensors,article,"S3_title_only; S4_forward_citation",1,I,included,,1
m566,https://openalex.org/W4417334682,10.1016/j.asoc.2025.114434,Hybrid machine teaching with human oversight for classification of seismograms,2025,Applied Soft Computing,article,S4_forward_citation,1,I,included,,1
m567,https://openalex.org/W4415849949,10.1007/s00603-025-05097-0,Impact Risk Analysis and Pressure Relief Evaluation of Deep Rockburst Mines Based on Multi-factor Data Fusion and Combination Empowerment,2025,Rock Mechanics and Rock Engineering,article,S4_forward_citation,0,Xt,excluded: task out of scope,,0
m568,https://openalex.org/W7104113732,,Improving microearthquake detection in the Val d’Agri region (Southern Italy) with deep learning,2025,Archivio istituzionale della ricerca (Alma Mater Studiorum Università di Bologna),article,S3_title_only,1,I,included,,1
m569,https://openalex.org/W4414347117,10.1093/gji/ggaf364,Induced seismic swarm triggered by tunnel excavation and pore pressure diffusion mechanism,2025,Geophysical Journal International,article,S3_title_only,1,Xn,excluded: no ML or DL component,,0
m570,https://openalex.org/W4414537864,10.1117/12.3084194,Intelligent analysis and data analysis of microseismic monitoring of tunnel surrounding rock based on optical fiber MEMS vibration sensor,2025,,conference-paper,S3_title_only,0,Xa,"excluded: insufficient information (conference abstract, or no abstract and no method named in the title)",,0
m571,https://openalex.org/W4414445157,10.1016/j.jrmge.2025.09.002,Intelligent multi-channel classification of microseismic events upon TBM excavation,2025,Journal of Rock Mechanics and Geotechnical Engineering,article,S3_title_only,1,I,included,,1
m572,https://openalex.org/W4415986216,10.1007/s11771-025-6077-1,Intelligent phase picking of microseismic signals based on ResUNet in underground engineering,2025,Journal of Central South University,article,S3_title_only,0,I,included,,1
m573,https://openalex.org/W4415965323,10.1080/17486025.2025.2584117,Intelligent rockburst early warning method based on multi-index analysis of microseismic monitoring data,2025,Geomechanics and Geoengineering,article,S3_title_only,1,Xt,excluded: task out of scope,,0
m574,https://openalex.org/W4408849067,10.1785/0220240298,Intelligent Traffic Monitoring with Distributed Acoustic Sensing,2025,Seismological Research Letters,article,S3_title_only,1,Xs,excluded: setting out of scope,,0
m575,https://openalex.org/W7162343674,10.3997/2214-4609.2025101299,Leveraging Machine Learning for Exception Diagnostics: Insights from Quest CCS Datasets,2025,,conference-paper,"S1_original_blocks; S2_relaxed_task",1,Xs,excluded: setting out of scope,,0
m576,https://openalex.org/W4415897851,10.1016/j.eng.2025.10.023,Lightweight and Robust Cross-Domain Microseismic Signal Classification Framework with Bi-Classifier Adversarial Learning,2025,Engineering,article,S3_title_only,1,I,included,,1
m577,https://openalex.org/W7106638515,10.2139/ssrn.5803977,Location for microseismic event clusters in deep tunnels based on coda wave interference,2025,SSRN Electronic Journal,preprint,S3_title_only,0,Xn,excluded: no ML or DL component,,0
m578,https://openalex.org/W4417470666,10.1109/tim.2025.3645922,Low-SNR Microseismic Source Localization via Multiscale Convolutional Network With Coordinate Attention,2025,IEEE Transactions on Instrumentation and Measurement,article,S3_title_only,1,I,included,,1
m579,https://openalex.org/W4416279035,10.2172/2563534,Machine Learning Approaches to Predicting Induced Seismicity and Imaging Geothermal Reservoir Properties,2025,,report,S3_title_only,1,Xa,"excluded: insufficient information (conference abstract, or no abstract and no method named in the title)",,0
m580,https://openalex.org/W7125609963,10.1145/3743158.3783853,"Machine Learning for Micro-seismic Event Detection: A Comparative Study of Spiking, Graph and Convolution Neural Network on Distributed Acoustic Sensing Data",2025,,conference-paper,"S1_original_blocks; S2_relaxed_task; S3_title_only",1,I,included,,1
m581,https://openalex.org/W4410577359,10.1071/ep24168,Machine learning inversion solution: a tool to identify faults shear slip from sensed ground deformation,2025,Australian Energy Producers journal.,article,S2_relaxed_task,1,Xs,excluded: setting out of scope,,0
m582,https://openalex.org/W4407876494,10.1088/1755-1315/1458/1/012039,Machine Learning Utilization for Waveform Denoising and Hypocenter Determination of Microseismic Event at Volcanic Geothermal Field,2025,IOP Conference Series Earth and Environmental Science,conference-paper,S3_title_only,1,I,included,,1
m583,https://openalex.org/W4416193071,10.1029/2025jh000846,Machine Learning‐Based Seismic Subsurface Characterization: The State of the Art and Future Perspectives,2025,Journal of Geophysical Research Machine Learning and Computation,article,S4_forward_citation,1,Xp,"excluded: secondary study (review, survey)",,0
m584,https://openalex.org/W4410958253,10.1177/25726838251342677,Micro-seismic resolution in mining engineering by combining denoising processing and improved CNN algorithm,2025,Applied Earth Science Transactions of the Institutions of Mining and Metallurgy,article,S3_title_only,1,I,included,,1
m585,https://openalex.org/W4407268674,10.1016/j.jvolgeores.2025.108282,Microearthquakes identification based on convolutional neural networks and clustering techniques,2025,Journal of Volcanology and Geothermal Research,article,S3_title_only,0,Xs,excluded: setting out of scope,,0
m586,https://openalex.org/W7162304850,10.3997/2214-4609.202510361,Microseismic Event Localization Using Conditional Diffusion Model,2025,,conference-paper,S3_title_only,1,Xd,collapsed: second report of an included study,m645,0
m587,https://openalex.org/W7117299687,10.1016/j.jappgeo.2025.106078,Microseismic identification and effectiveness assessment of hydraulic-fracturing–induced roof cutting using an STFT–CNN framework,2025,Journal of Applied Geophysics,article,"S3_title_only; S4_forward_citation",0,I,included,,1
m588,https://openalex.org/W7162336968,10.3997/2214-4609.202510897,Microseismic Monitoring Network Design for CO2 Sequestration,2025,,conference-paper,S3_title_only,1,Xn,excluded: no ML or DL component,,0
m589,https://openalex.org/W4412775429,10.3997/2214-4609.2025641001,Microseismic Monitoring with Borehole DAS During CCUS Operations Onshore Japan,2025,,conference-paper,S2_relaxed_task,1,I,included,,1
m590,https://openalex.org/W4416765969,10.48550/arxiv.2511.19682,Microseismic Noise Mitigation with Machine Learning for Advanced LIGO,2025,arXiv (Cornell University),preprint,S3_title_only,1,Xs,excluded: setting out of scope,,0
m591,https://openalex.org/W4415533734,10.1016/j.jrmge.2025.07.017,Microseismic signal processing and rockburst disaster identification: A multi-task deep learning and machine learning approach,2025,Journal of Rock Mechanics and Geotechnical Engineering,article,S3_title_only,1,I,included,,1
m592,https://openalex.org/W7162289676,10.3997/2214-4609.202510326,Microseismic Source Inversion Based on Neural Operator with Physics Constrain,2025,,conference-paper,S3_title_only,1,I,included,,1
m593,https://openalex.org/W4406794069,10.1109/tgrs.2025.3533635,Microseismic Source Localization Using Fourier Neural Operator With Application to Field Data From Utah FORGE,2025,IEEE Transactions on Geoscience and Remote Sensing,article,S3_title_only,1,I,included,,1
m594,https://openalex.org/W7116750908,10.1007/s00603-025-05190-4,Microseismic Source Localization via Fusion Networks with Integrated Velocity Model Constraints,2025,Rock Mechanics and Rock Engineering,article,"S3_title_only; S4_forward_citation",0,I,included,,1
m595,https://openalex.org/W4410177965,10.21203/rs.3.rs-6459246/v1,Microseismic source location based on full waveform inversion driven neural network,2025,Research Square,preprint,S3_title_only,0,Xd,collapsed: second report of an included study,m596,0
m596,https://openalex.org/W4416278330,10.1007/s44196-025-01029-6,Microseismic Source Location Based on Full Waveform Inversion-Driven Neural Network,2025,International Journal of Computational Intelligence Systems,article,"S3_title_only; S4_forward_citation",1,Xn,excluded: no ML or DL component,,0
m597,https://openalex.org/W4407865654,10.1029/2024jb030516,Microseismicity in the Large‐N Swath‐D Network: Revealing Seismic Sequences and Active Faults in the Eastern Alps,2025,Journal of Geophysical Research Solid Earth,article,S3_title_only,1,Xs,excluded: setting out of scope,,0
m598,https://openalex.org/W4415378827,10.1016/j.engappai.2025.112771,Missing microseismic data imputation in tunnel monitoring using a transformer model with an integrated Gaussian mixture model,2025,Engineering Applications of Artificial Intelligence,article,S3_title_only,0,Xt,excluded: task out of scope,,0
m599,https://openalex.org/W4412865145,10.1093/gji/ggaf273,Multistage deep clustering of urban ambient noise for seismic imaging—a case study for train-induced seismic noise,2025,Geophysical Journal International,article,S3_title_only,1,Xs,excluded: setting out of scope,,0
m600,https://openalex.org/W4417456639,10.48550/arxiv.2512.13197,Parameter-Efficient Transfer Learning for Microseismic Phase Picking Using a Neural Operator,2025,arXiv (Cornell University),preprint,S3_title_only,1,Xd,collapsed: second report of an included study,m714,0
m601,https://openalex.org/W4413461450,10.3997/2214-4609.202520167,Passive Seismic Monitoring of Unstable Rock Masses: Can Machine Learning Support Microseismicity Analyses?,2025,,conference-paper,S3_title_only,1,I,included,,1
m602,https://openalex.org/W7135886051,,Performance Assessment of Distributed Acoustic Sensing (DAS) Arrays for Seismic Monitoring of Offshore Carbon Storage,2025,Bristol Research (University of Bristol),conference-paper,S2_relaxed_task,1,Xn,excluded: no ML or DL component,,0
m603,https://openalex.org/W4415777821,10.2118/229382-ms,Physics Informed Neural Network (PINN) for Noise Suppression in Distributed Acoustic Sensing for Vertical Seismic Profiling and CO2 Storage Monitoring,2025,,conference-paper,S3_title_only,1,Xt,excluded: task out of scope,,0
m604,https://openalex.org/W4413311485,10.26443/seismica.v4i2.1579,Picking Induced Seismicity with Deep Learning (piSDL),2025,Seismica,article,S3_title_only,1,I,included,,1
m605,https://openalex.org/W4415494957,10.3997/2214-4609.202521091,Powering Automation in CCS Monitoring: Machine Learning Applications from the Quest Fiber Optic Datasets,2025,,conference-paper,"S1_original_blocks; S2_relaxed_task",1,Xs,excluded: setting out of scope,,0
m606,https://openalex.org/W7206925742,,Prediction of Induced Seismicity: a Machine Learning approach,2025,HAL (Le Centre pour la Communication Scientifique Directe),conference-paper,S3_title_only,1,Xt,excluded: task out of scope,,0
m607,https://openalex.org/W4415943221,10.2118/229458-ms,Providing Actionable Information to Avoid Induced Seismicity Associated with Produced Water Injection Using Machine Learning,2025,,conference-paper,S3_title_only,1,Xt,excluded: task out of scope,,0
m608,https://openalex.org/W4416073333,10.1038/s41598-025-22832-3,Quadratic decomposition based TCN-Transformer for time series prediction of micro-seismic signals in coal mines,2025,Scientific Reports,article,S3_title_only,1,Xt,excluded: task out of scope,,0
m609,https://openalex.org/W4416740368,10.1007/s00603-025-05152-w,Quantitative Early Warning of Floor Water Inrush Based on Deep Learning: Joint Response of Microseismic Three-Dimensional Kernel Density and Hydrodynamics,2025,Rock Mechanics and Rock Engineering,article,S3_title_only,0,Xt,excluded: task out of scope,,0
m610,https://openalex.org/W4411221056,10.3997/2214-4609.202572058,Random Noise Attenuation of the High-Speed Train Induced Seismic Data Based on an Improved U-Net Network,2025,,conference-paper,S3_title_only,1,Xs,excluded: setting out of scope,,0
m611,https://openalex.org/W4413816366,10.1093/gji/ggaf341,Rapid identification of induced seismicity using deep learning in West Texas,2025,Geophysical Journal International,article,S3_title_only,1,Xm,excluded: other sensing modality or regional networks only,,0
m612,https://openalex.org/W4416418614,10.1016/j.engfailanal.2025.110364,Real-time microseismic monitoring and intelligent early warning of collapse in the shallow-buried tunnel in relatively fractured hard rocks,2025,Engineering Failure Analysis,article,S3_title_only,0,Xt,excluded: task out of scope,,0
m613,https://openalex.org/W4415155240,10.3390/app152011017,Real-Time Prediction of S-Wave Accelerograms from P-Wave Signals Using LSTM Networks with Integrated Fragility-Based Structural Damage Alerts for Induced Seismicity,2025,Applied Sciences,article,S3_title_only,1,Xs,excluded: setting out of scope,,0
m614,https://openalex.org/W4411690780,10.3390/s25133992,Real-Time Railway Hazard Detection Using Distributed Acoustic Sensing and Hybrid Ensemble Learning,2025,Sensors,article,S3_title_only,1,Xs,excluded: setting out of scope,,0
m615,https://openalex.org/W4407941221,10.3390/photonics12030196,Research Advances on Distributed Acoustic Sensing Technology for Seismology,2025,Photonics,article,S2_relaxed_task,1,Xp,"excluded: secondary study (review, survey)",,0
m616,https://openalex.org/W4415440657,10.1371/journal.pone.0334641,Research on computational propagation and identification of mine microseismic signals based on deep learning,2025,PLoS ONE,article,S3_title_only,1,I,included,,1
m617,https://openalex.org/W4413965209,10.1190/nsgp2025-032.1,Research on intelligent monitoring technique of microseismic monitoring,2025,,conference-abstract,S3_title_only,1,Xa,"excluded: insufficient information (conference abstract, or no abstract and no method named in the title)",,0
m618,https://openalex.org/W4412631153,10.3390/app15158246,Research on Microseismic Magnitude Prediction Method Based on Improved Residual Network and Transfer Learning,2025,Applied Sciences,article,S3_title_only,1,Xt,excluded: task out of scope,,0
m619,https://openalex.org/W4415368514,10.1109/ippr66507.2025.11198326,Research on Microseismic Prediction Method Based on CEEMDAN-SSA-TCN-BiLSTM-Attention,2025,,conference-paper,S3_title_only,1,Xt,excluded: task out of scope,,0
m620,https://openalex.org/W4416181587,10.1007/s42461-025-01380-4,Research on Pre-Monitory and Early Warning Methods of Rock Mass Failure in Undersea Gold Mine Based on Micro-Seismic Monitoring,2025,Mining Metallurgy & Exploration,article,S4_forward_citation,0,Xt,excluded: task out of scope,,0
m621,https://openalex.org/W4413935208,10.1016/j.ymssp.2025.113276,Research on residual attention-based mechanism autoencoder for microseismic denoising network model,2025,Mechanical Systems and Signal Processing,article,S3_title_only,0,Xt,excluded: task out of scope,,0
m622,https://openalex.org/W4407850295,10.2139/ssrn.5149086,Research on the Data Imputation Method for Microseismic Missing Data Based on the Gmm-Transformer Model,2025,SSRN Electronic Journal,preprint,S3_title_only,0,Xt,excluded: task out of scope,,0
m623,https://openalex.org/W4412656668,10.1190/geo2024-0758.1,Retrieving weak earthquake signals from highly noisy distributed acoustic sensing data by moving-deep-learning filtering,2025,Geophysics,article,S3_title_only,1,Xt,excluded: task out of scope,,0
m624,https://openalex.org/W4412989409,10.56952/arma-2025-0806,Seismic Anisotropy of the Alpine Fault: Application of Machine Learning to Distributed Acoustic Sensing Borehole Seismics,2025,,conference-paper,S3_title_only,1,Xs,excluded: setting out of scope,,0
m625,https://openalex.org/W4415909412,10.1016/j.jappgeo.2025.106005,Seismic local event slopes estimation using cycle generative adversarial network based on perceptual loss and self attention mechanism,2025,Journal of Applied Geophysics,article,S4_forward_citation,0,Xs,excluded: setting out of scope,,0
m626,https://openalex.org/W4416063025,10.1029/2025jh000958,Self‐Supervised Learning Based Clustering Workflow for Exploring Seismological Data From Dense Networks,2025,Journal of Geophysical Research Machine Learning and Computation,article,S4_forward_citation,1,Xs,excluded: setting out of scope,,0
m627,https://openalex.org/W4411404433,10.1071/ep24422,Session 26. Oral Presentation for: Machine learning inversion solution: a tool to identify faults shear slip from sensed ground deformation,2025,Australian Energy Producers journal.,article,S2_relaxed_task,1,Xs,excluded: setting out of scope,,0
m628,https://openalex.org/W7162324641,10.3997/2214-4609.202510674,Simultaneous Localization and Moment Tensor Inversion of Microseismic Events Using Convolutional Neural Network,2025,,conference-paper,S3_title_only,1,I,included,,1
m629,https://openalex.org/W4415878710,10.2118/229597-ms,SoundRate: Distributed Acoustic Sensing for Autonomous Flow Allocation via Unsupervised Learning,2025,,conference-paper,S3_title_only,1,Xs,excluded: setting out of scope,,0
m630,https://openalex.org/W4409120303,10.1016/j.enggeo.2025.108057,"Spatiotemporal clustering of microseismic signals in mining areas: A case study of the Baoji lead‑zinc mine in Shaanxi, China",2025,Engineering Geology,article,S3_title_only,0,Xt,excluded: task out of scope,,0
m631,https://openalex.org/W4407689016,10.1007/s00024-025-03680-8,Spatiotemporal Diffusion Variability of Injection-Induced Seismicity in Enhanced Geothermal Systems,2025,Pure and Applied Geophysics,article,S3_title_only,1,Xt,excluded: task out of scope,,0
m632,https://openalex.org/W4417284614,10.1109/gcce65946.2025.11275067,Spiking Neural Networks with Energy to Spike Encoding for Label-Free Detection in Distributed Acoustic Sensing,2025,,conference-paper,"S2_relaxed_task; S3_title_only",1,I,included,,1
m633,https://openalex.org/W4413448550,10.1016/j.tust.2025.106995,Study on automatic first arrival picking of mine microseismic waveforms based on the improved U-Net,2025,Tunnelling and Underground Space Technology,article,S3_title_only,0,I,included,,1
m634,https://openalex.org/W4415931078,10.3390/s25216750,Swin Transformer Based Recognition for Hydraulic Fracturing Microseismic Signals from Coal Seam Roof with Ultra Large Mining Height,2025,Sensors,article,S3_title_only,1,I,included,,1
m635,https://openalex.org/W4416726331,10.1109/igarss55030.2025.11242652,TFA-ProtoNet: Few-Shot Microseismic Signal Classification Network,2025,,conference-paper,S3_title_only,1,I,included,,1
m636,https://openalex.org/W4412775499,10.3997/2214-4609.2025641032,The Impact of Preprocessing on DAS Micro-seismic Event Detection,2025,,conference-paper,"S1_original_blocks; S2_relaxed_task",1,I,included,,1
m637,https://openalex.org/W7116913469,10.1016/j.rser.2025.116665,Thermo-hydro-mechanical-chemical controls on fracture and fault responses to fluid injection in Enhanced Geothermal Systems: Current understanding and future directions,2025,Renewable and Sustainable Energy Reviews,article,S4_forward_citation,0,Xs,excluded: setting out of scope,,0
m638,https://openalex.org/W4416040470,10.1016/j.jvolgeores.2025.108485,Time–Frequency characterization of microearthquakes based on Convolutional Neural Networks and explainability models,2025,Journal of Volcanology and Geothermal Research,article,"S3_title_only; S4_forward_citation",0,Xs,excluded: setting out of scope,,0
m639,https://openalex.org/W4413098999,10.1016/j.petsci.2025.07.017,Uncertainty-aware neural networks with manual quality control for hydraulic fracturing downhole microseismic monitoring: From automated phase detection to robust source location,2025,Petroleum Science,article,S3_title_only,1,I,included,,1
m640,https://openalex.org/W4413744922,10.1785/0220250052,Unsupervised Deep Clustering of Microseismic Signals from the Dalk Glacier in East Antarctica,2025,Seismological Research Letters,article,S3_title_only,1,Xs,excluded: setting out of scope,,0
m641,https://openalex.org/W4411782184,10.3390/math13132121,VMD-SE-CEEMDAN-BO-CNNGRU: A Dual-Stage Mode Decomposition Hybrid Deep Learning Model for Microseismic Time Series Prediction,2025,Mathematics,article,S3_title_only,1,Xt,excluded: task out of scope,,0
m642,https://openalex.org/W7117314048,10.1038/s41598-025-33312-z,Wavelet-convolutional neural network for fault prediction in coal mine seismic data,2025,Scientific Reports,article,S4_forward_citation,1,Xt,excluded: task out of scope,,0
m643,https://openalex.org/W4414229569,10.1109/access.2025.3610110,Wavelet-Guided Hybrid Attention Neural Network for Identification of Microseismic Event,2025,IEEE Access,article,S3_title_only,1,I,included,,1
m644,https://openalex.org/W4416041426,10.1016/j.gsme.2025.06.006,WITHDRAWN:Artificial Intelligence in Shale Gas and Oil: A Comprehensive Review of Applications and Challenges,2025,Green and Smart Mining Engineering,article,S4_forward_citation,1,Xp,"excluded: secondary study (review, survey)",,0
m645,https://openalex.org/W7147006610,10.1190/image2025-4307437.1,3D microseismic events localization using a 2D conditional diffusion model,2026,,conference-paper,"S3_title_only; S4_forward_citation",1,I,included,,1
m646,https://openalex.org/W7165806677,10.2139/ssrn.6992492,A Dual-Branch Transformer-CNN Network for DAS-Based Identification of Acoustic Responses During Hydraulic Fracturing,2026,SSRN Electronic Journal,preprint,S2_relaxed_task,0,Xs,excluded: setting out of scope,,0
m647,https://openalex.org/W7127363890,10.1016/j.aei.2026.104374,A dual-condition diffusion-based microseismic signals denoiser for real-world engineering noise,2026,Advanced Engineering Informatics,article,S3_title_only,0,Xt,excluded: task out of scope,,0
m648,https://openalex.org/W7172392414,10.3390/app16157752,A Microseismic Energy Field Distribution Prediction Method Guided by Geological Structure Priors,2026,Applied Sciences,article,S4_forward_citation,1,Xt,excluded: task out of scope,,0
m649,https://openalex.org/W7125482259,10.1186/s40623-025-02336-0,"A new characteristic function to enhance earthquake detection abilities on Distributed Acoustic Sensing data, DAS",2026,Earth Planets and Space,article,S4_forward_citation,1,Xs,excluded: setting out of scope,,0
m650,https://openalex.org/W7162256313,10.1007/s11600-026-01904-6,A novel method to predict the P- and S-wave polarities of downhole microseismic events based on hybrid deep learning model,2026,Acta Geophysica,article,S3_title_only,0,Xt,excluded: task out of scope,,0
m651,https://openalex.org/W7161792350,10.1007/s40948-026-01168-w,A novel transfer learning-enhanced BiLSTM-DCNN architecture for mine microseismic signal identification with small data set,2026,Geomechanics and Geophysics for Geo-Energy and Geo-Resources,article,"S3_title_only; S4_forward_citation",1,I,included,,1
m652,https://openalex.org/W7128698148,10.21203/rs.3.rs-8704897/v1,A Novel Transfer Learning-Enhanced BiLSTM-DCNN Architecture for Mine Microseismic Signal Identification with Small Data Set,2026,Research Square,preprint,"S3_title_only; S4_forward_citation",0,Xd,collapsed: second report of an included study,m651,0
m653,https://openalex.org/W7162310518,10.1038/s41598-026-52871-3,A self-supervised GNN–Transformer framework for weak microseismic signal identification,2026,Scientific Reports,article,S3_title_only,1,I,included,,1
m654,https://openalex.org/W7203757332,10.1111/1365-2478.70233,A Self‐Training U‐Net Approach for First‐Break Picking With Minimal Annotations,2026,Geophysical Prospecting,article,S4_forward_citation,1,Xs,excluded: setting out of scope,,0
m655,https://openalex.org/W7119506446,10.3390/app16020683,A Semi-Supervised Approach to Microseismic Source Localization with Masked Pre-Training and Residual Convolutional Autoencoder,2026,Applied Sciences,article,S3_title_only,1,I,included,,1
m656,https://openalex.org/W7202407069,10.1080/17499518.2026.2716921,A slice-based strategy for representing 3D random fields of soils for efficient slope reliability analysis using CNN model,2026,Georisk Assessment and Management of Risk for Engineered Systems and Geohazards,article,S4_forward_citation,1,Xs,excluded: setting out of scope,,0
m657,https://openalex.org/W7117875877,10.1016/j.ijmst.2025.12.008,An attention module integrated hybrid model for recognizing microseismic signals induced by high-pressure grouting in deep rock layers,2026,International Journal of Mining Science and Technology,article,"S3_title_only; S4_forward_citation",1,I,included,,1
m658,https://openalex.org/W7165639683,10.3390/pr14122004,An Attention-Based Deep Learning Method for Acoustic Emission Arrival Picking in True Triaxial Hydraulic Fracturing Experiments,2026,Processes,article,S4_forward_citation,1,Xs,excluded: setting out of scope,,0
m659,https://openalex.org/W7135178097,10.12677/me.2026.142029,An Integrated Platform for Interactive Analysis and Automated Processing of Microseismic Signals,2026,Mine Engineering,article,S4_forward_citation,0,Xl,excluded: full text not in English,,0
m660,https://openalex.org/W7153337014,10.3389/feart.2026.1744742,Application of machine learning and numerical simulation for monitoring and early warning systems of landslides and rockfalls in geohazard-prone regions,2026,Frontiers in Earth Science,article,S4_forward_citation,1,Xt,excluded: task out of scope,,0
m661,https://openalex.org/W7162421842,10.1134/s1069351326700023,Application of the MLP Machine Learning Model for Operational Assessment of Mine Seismicity Parameters,2026,Izvestiya Physics of the Solid Earth,article,S4_forward_citation,1,Xt,excluded: task out of scope,,0
m662,https://openalex.org/W7202159701,10.3390/s26165084,Argus: A Sparse-Label Machine-Learning Workflow for Passive DAS Seismic Catalogue Expansion in CO2 Storage Monitoring—Application to the CO2CRC Otway Stage 4 Dataset,2026,Sensors,article,S4_forward_citation,1,I,included,,1
m663,https://openalex.org/W4410631429,10.1016/j.nexres.2026.101860,Artificial intelligence based solutions for monitoring CO2 storage reservoirs: A review,2026,Next research.,article,S4_forward_citation,0,Xp,"excluded: secondary study (review, survey)",,0
m664,https://openalex.org/W7161169385,10.33545/26648776.2026.v8.i1b.187,"Artificial Intelligence in Subsurface Energy Storage: A Critical Review of Characterization, Monitoring, Forecasting, and Risk Assessment",2026,International Journal of Research in Engineering,article,S2_relaxed_task,1,Xp,"excluded: secondary study (review, survey)",,0
m665,https://openalex.org/W7172542200,10.1785/0220250416,Attn-Loc: Deep Learning for Microseismic Event Location via Transformer Encoder,2026,Seismological Research Letters,article,"S3_title_only; S4_forward_citation",1,I,included,,1
m666,https://openalex.org/W7118175349,10.3997/1365-2397.fb2026002,Automated Realistic Labelled DAS Data Synthesis using CycleGANs and their Application to Phase Arrival Picking,2026,First Break,article,S2_relaxed_task,1,I,included,,1
m667,https://openalex.org/W7161772581,10.4401/ag-9513,Automatic downhole microseismic event location with an attention‑enhanced fully convolutional neural network,2026,Annals of Geophysics,article,S3_title_only,1,I,included,,1
m668,https://openalex.org/W7167136645,10.1016/j.jrmge.2026.05.018,Automatic P-wave arrival picking for microseismic signals of mines using a hybrid neural network with constrained attention and CNN-BiLSTM,2026,Journal of Rock Mechanics and Geotechnical Engineering,article,"S3_title_only; S4_forward_citation",1,I,included,,1
m669,https://openalex.org/W7172318841,10.2118/233046-ms,Carbon Integrity Intelligence: An AI-Driven Framework for Dynamic Regional Governance and High-Fidelity CCUS Operations,2026,,conference-paper,"S1_original_blocks; S2_relaxed_task",1,Xt,excluded: task out of scope,,0
m670,https://openalex.org/W7213887339,10.1007/978-981-95-9869-4_105,Causal Inference in Geophysical Data: A Review of Methods for Analyzing Hydraulic Fracturing Impacts,2026,Springer series in geomechanics and geoengineering,conference-paper,S4_forward_citation,0,Xp,"excluded: secondary study (review, survey)",,0
m671,https://openalex.org/W7147331034,10.1016/j.undsp.2026.02.002,CDU-Net: An adaptive conditional denoising model for microseismic signals in complex environments,2026,Underground Space,article,S4_forward_citation,1,Xt,excluded: task out of scope,,0
m672,https://openalex.org/W7167574125,10.1016/j.jappgeo.2026.106416,DAS microseismic detection with insufficient training samples via deep learning based on robust feature-level consistency regularization,2026,Journal of Applied Geophysics,article,"S1_original_blocks; S2_relaxed_task; S3_title_only; S4_forward_citation",0,I,included,,1
m673,https://openalex.org/W7160647961,10.36922/jse025480121,DB-MS-CAN: A robust deep learning framework for microseismic velocity inversion via Dual-Branch Attention and Multi-Scale Feature Aggregation,2026,Journal of seismic exploration,article,S3_title_only,1,Xt,excluded: task out of scope,,0
m674,https://openalex.org/W7169661222,10.1016/j.engappai.2026.115622,Deep learning for distributed acoustic sensing-based microseismic candidate-window classification in enhanced geothermal systems: A comparative study of twelve architectures,2026,Engineering Applications of Artificial Intelligence,article,"S1_original_blocks; S2_relaxed_task; S3_title_only; S4_forward_citation",1,I,included,,1
m675,https://openalex.org/W7162197479,10.2139/ssrn.6818325,Deep Learning for Distributed Acoustic Sensing–Based Microseismic Event Detection in Enhanced Geothermal Systems: A Comparative Study of Twelve Architectures,2026,SSRN Electronic Journal,preprint,"S1_original_blocks; S2_relaxed_task; S3_title_only; S4_forward_citation",0,Xd,collapsed: second report of an included study,m674,0
m676,https://openalex.org/W7160700789,10.1093/gji/ggag171,Deep learning-based microseismic source location with joint constraints of source imaging and traveltime residuals,2026,Geophysical Journal International,article,"S3_title_only; S4_forward_citation",1,I,included,,1
m677,https://openalex.org/W7133521470,10.22541/essoar.177265440.06972526/v1,Deep-Embedded-Clustering of Microseismicity Identifies Multiple Failure Mechanisms at The Geysers Geothermal Field,2026,,preprint,S3_title_only,1,Xt,excluded: task out of scope,,0
m678,https://openalex.org/W7197036160,10.1145/3770855.3818982,Deformation Localization Theory Guided Transfer Learning for Mining-induced Seismicity Risk Zone Prediction,2026,,conference-paper,S3_title_only,1,Xt,excluded: task out of scope,,0
m679,https://openalex.org/W7208836270,10.1038/s41598-026-69560-w,Denoising attention loss network for microseismic monitoring of highway slopes,2026,Scientific Reports,article,S3_title_only,1,Xt,excluded: task out of scope,,0
m680,https://openalex.org/W7165538561,10.53941/ijndi.2026.100014,Denoising of Microseismic Data Using U-Net Network with Residual Hybrid Dilated Convolutional Space Attention Mechanism,2026,International Journal of Network Dynamics and Intelligence,article,S3_title_only,1,Xt,excluded: task out of scope,,0
m681,https://openalex.org/W7212031935,10.1109/lgrs.2026.3732138,DHCC: An Interpretable Framework for Microseismic Analysis via Differentiable Hierarchical Consensus Clustering,2026,IEEE Geoscience and Remote Sensing Letters,article,S3_title_only,0,Xpend,pending: full text needed to decide,,0
m682,https://openalex.org/W7172510069,10.3390/infrastructures11080277,Distributed Fiber Optic Sensors (DFOSs) for Structural Health Monitoring (SHM) of Railway Infrastructure: A Critical Review,2026,Infrastructures,article,S4_forward_citation,1,Xp,"excluded: secondary study (review, survey)",,0
m683,https://openalex.org/W7171427138,10.1109/jsen.2026.3715730,Distributed Optical Fiber Sensing Technology in Stability Monitoring of High-Steep Slopes on Roadways: A Review,2026,IEEE Sensors Journal,article,S4_forward_citation,0,Xp,"excluded: secondary study (review, survey)",,0
m684,https://openalex.org/W7169384662,10.1785/0220250430,DoubleF: A Fast and Flexible Phase Association and Earthquake Location Method Using Adaptive Sobol Sampling,2026,Seismological Research Letters,article,S4_forward_citation,1,Xn,excluded: no ML or DL component,,0
m685,https://openalex.org/W7161951622,10.1007/s11600-026-01898-1,Dual-event arrival-time picking for downhole microseismic monitoring using a fully convolutional network,2026,Acta Geophysica,article,"S3_title_only; S4_forward_citation",0,I,included,,1
m686,https://openalex.org/W7134177183,10.1002/dug2.70082,Dynamic geo‐hydrogeological monitoring‐driven situational awareness for real‐time floor water inrush risk prediction in deep mining,2026,Deep Underground Science and Engineering,article,S4_forward_citation,1,Xt,excluded: task out of scope,,0
m687,https://openalex.org/W7171507790,10.1007/s11771-026-6380-5,Early warning of large deformation in soft rock tunnels: Implications from microseismic monitoring and weighted time-varying network,2026,Journal of Central South University,article,S3_title_only,0,Xt,excluded: task out of scope,,0
m688,https://openalex.org/W7147157749,10.1190/image2025-4316681.1,Enhancing seismic event detection and DAS data management using autoencoders,2026,,conference-paper,"S1_original_blocks; S2_relaxed_task",1,I,included,,1
m689,https://openalex.org/W7172217943,10.1016/j.softx.2026.102903,EQ-INSAR: a Python package for generating labeled synthetic InSAR deformation data from earthquakes,2026,SoftwareX,software-paper,S4_forward_citation,1,Xs,excluded: setting out of scope,,0
m690,https://openalex.org/W7156090457,10.1190/tle-2025-1020,Exploring wavefield-based location imaging in heterogeneous media: A borehole DAS example,2026,The Leading Edge,article,"S2_relaxed_task; S4_forward_citation",1,I,included,,1
m691,https://openalex.org/W7139971178,10.1016/j.enggeo.2026.108698,Fast and effective classification of landslide microseismicity: a machine learning perspective,2026,Engineering Geology,article,"S3_title_only; S4_forward_citation",0,I,included,,1
m692,https://openalex.org/W7155104015,10.1061/ajrua6.rueng-1732,Fast Automatic Segmentation of Microseismic and Blasting Events without Labeled Data Using Sparse Graph Spectral Clustering,2026,ASCE-ASME Journal of Risk and Uncertainty in Engineering Systems Part A Civil Engineering,article,S3_title_only,1,I,included,,1
m693,https://openalex.org/W7211999702,10.2139/ssrn.7438632,Feature-preserving denoising of low-SNR microseismic signals in deep underground engineering using U-BiLSTM-CA-DDNet with explicit signal–noise separation,2026,SSRN Electronic Journal,preprint,S4_forward_citation,0,Xt,excluded: task out of scope,,0
m694,https://openalex.org/W7128925232,10.1029/2025jh001052,Forecasting the Rate of Induced Seismicity as a Neural Temporal Point Process,2026,Journal of Geophysical Research Machine Learning and Computation,article,S3_title_only,1,Xt,excluded: task out of scope,,0
m695,https://openalex.org/W7204497365,10.3389/feart.2026.1923006,Generative artificial intelligence and deep ensemble learning for short-term rockburst prediction in underground engineering using microseismic data,2026,Frontiers in Earth Science,article,S3_title_only,1,Xt,excluded: task out of scope,,0
m696,https://openalex.org/W7164832038,10.1016/j.rser.2026.117184,Geomechanical modeling of injection-induced seismicity: Critical perspectives for a safe and sustainable geoenergy transition,2026,Renewable and Sustainable Energy Reviews,article,S4_forward_citation,0,Xp,"excluded: secondary study (review, survey)",,0
m697,https://openalex.org/W7166872679,10.1016/j.tecto.2026.231302,Geometry and kinematics of active seismogenic structures from clustered microseismicity in the Val d'Agri (Southern Italy),2026,Tectonophysics,article,S3_title_only,1,Xs,excluded: setting out of scope,,0
m698,https://openalex.org/W7168126440,10.1016/j.asej.2026.104335,Hybrid deep learning Approach for roof water inflow Prediction: Integration of microseismic energy density analysis with CNN-BiLSTM,2026,Ain Shams Engineering Journal,article,S3_title_only,1,Xt,excluded: task out of scope,,0
m699,https://openalex.org/W7119034309,10.1007/s00603-025-05203-2,Identification and Classification Prediction of Microseismic Signals from Coal–Rock Fracture in Deep Coal Mines,2026,Rock Mechanics and Rock Engineering,article,S4_forward_citation,0,I,included,,1
m700,https://openalex.org/W7125688288,10.3390/app16031241,Identification of Microseismic Signals in Coal Mine Rockbursts Based on Hybrid Feature Selection and a Transformer,2026,Applied Sciences,article,"S3_title_only; S4_forward_citation",1,I,included,,1
m701,https://openalex.org/W7168337997,10.26443/seismica.v5i2.2561,"Improving seismicity monitoring to prepare for CO2 storage in the Horda platform, Norwegian North Sea",2026,Seismica,article,S4_forward_citation,1,Xm,excluded: other sensing modality or regional networks only,,0
m702,https://openalex.org/W7204145024,10.30898/1684-1719.2026.7.8,Increasing the noise immunity of microseismic events detection in DAS data based on a hybrid approach of MLE and the U-Net model,2026,Journal of Radio Electronics,article,"S1_original_blocks; S2_relaxed_task; S3_title_only",1,I,included,,1
m703,https://openalex.org/W7204079896,10.1016/j.gete.2026.100891,Influence of fracture network connectivity and size distribution on injection-induced seismicity in two-dimensional fractured rocks,2026,Geomechanics for Energy and the Environment,article,S3_title_only,1,Xs,excluded: setting out of scope,,0
m704,https://openalex.org/W7168536849,10.1016/j.eqs.2026.05.003,Integrating surface and borehole sensing for accurate microseismic localization: A velocity-model-free deep learning approach,2026,地震学报：英文版,article,S3_title_only,1,I,included,,1
m705,https://openalex.org/W7161242499,10.1016/j.jrmge.2026.03.022,"Intelligent identification model for microseismic signals during rock slope excavation: A case study in Guiyang, Southwest China",2026,Journal of Rock Mechanics and Geotechnical Engineering,article,"S3_title_only; S4_forward_citation",1,I,included,,1
m706,https://openalex.org/W7127449543,10.1364/jocn.584158,Intelligent on-line railway maintenance based on distributed acoustic sensing and machine learning,2026,Journal of Optical Communications and Networking,article,S3_title_only,1,Xs,excluded: setting out of scope,,0
m707,https://openalex.org/W7203611371,10.1007/s12613-026-3408-7,Intelligent prediction method of rockburst driven by microseismic temporal features in deep near-vertical coal seams,2026,International Journal of Minerals Metallurgy and Materials,article,S3_title_only,0,Xt,excluded: task out of scope,,0
m708,https://openalex.org/W7140028154,10.1177/14759217261432549,Interpretable cross-modal transfer learning for rail fastener failure detection using accelerometers and distributed acoustic sensing,2026,Structural Health Monitoring,article,S3_title_only,1,Xs,excluded: setting out of scope,,0
m709,https://openalex.org/W7213301873,10.1080/17486025.2026.2733440,"Interpretable machine learning prediction of rockburst intensity at BCL Mine, Botswana from microseismic data",2026,Geomechanics and Geoengineering,article,S3_title_only,0,Xt,excluded: task out of scope,,0
m710,https://openalex.org/W7160868668,10.1093/jge/gxag065,Inversion of non-double-couple source mechanisms for single-well microseismic events considering converted waves during hydraulic fracturing in the Weiyuan area,2026,Journal of Geophysics and Engineering,article,S4_forward_citation,1,Xt,excluded: task out of scope,,0
m711,https://openalex.org/W7125903045,10.1111/1365-2478.70138,Joint Microearthquake Source Location and Velocity Updates for Carbon Sequestration Monitoring,2026,Geophysical Prospecting,article,S4_forward_citation,1,Xt,excluded: task out of scope,,0
m712,https://openalex.org/W7171549696,10.1016/j.ijrmms.2026.106647,Laboratory-AE-driven wavelet-enhanced CNN for in-situ microseismic recognition,2026,International Journal of Rock Mechanics and Mining Sciences,article,S3_title_only,0,I,included,,1
m713,https://openalex.org/W7157910903,10.3390/pr14091413,"Learning from Disturbances, Not Timestamps: A Dynamic Event-Driven Transformer for Rock Burst Forecasting",2026,Processes,article,S4_forward_citation,1,Xt,excluded: task out of scope,,0
m714,https://openalex.org/W7147364623,10.1190/image2025-4312391.1,Leveraging phase neural operator for microseismic phase arrival picking,2026,,conference-paper,S3_title_only,1,I,included,,1
m715,https://openalex.org/W7154706474,10.1016/j.tust.2026.107690,Location for microseismic event clusters in deep tunnels based on coda wave interference,2026,Tunnelling and Underground Space Technology,article,"S3_title_only; S4_forward_citation",0,Xn,excluded: no ML or DL component,,0
m716,https://openalex.org/W7204764406,10.1016/j.ijrmms.2026.106706,Low-energy microseismic event identification during TBM tunnelling at Beishan URL with a hybrid signal-processing and deep-learning framework,2026,International Journal of Rock Mechanics and Mining Sciences,article,"S3_title_only; S4_forward_citation",0,I,included,,1
m717,https://openalex.org/W7162670365,10.3389/feart.2026.1840913,LSTM multivariate model based microseismic time-series prediction and rockburst early warning,2026,Frontiers in Earth Science,article,S3_title_only,1,Xt,excluded: task out of scope,,0
m718,https://openalex.org/W7153475080,10.1093/jge/gxag052,"Machine learning in logging tools: current applications, challenges, and future directions",2026,Journal of Geophysics and Engineering,article,S4_forward_citation,1,Xp,"excluded: secondary study (review, survey)",,0
m719,https://openalex.org/W7128172525,10.1007/s00603-026-05324-2,Machine Learning-Driven Analysis of Geophysical Wellbore Data for Underground Storage Applications,2026,Rock Mechanics and Rock Engineering,article,S4_forward_citation,1,Xp,"excluded: secondary study (review, survey)",,0
m720,https://openalex.org/W7160547544,10.1785/0120250263,"Machine Learning–Based Automatic Microseismic Event Detection During the 17 August 2015 Mw 4.6 Induced Earthquake Sequence in Northern Montney, British Columbia, Canada",2026,Bulletin of the Seismological Society of America,article,"S1_original_blocks; S2_relaxed_task; S3_title_only; S4_forward_citation",1,I,included,,1
m721,https://openalex.org/W7168795888,10.56952/arma-2026-0304,Machine Learning–Based Inversion of Natural Fracture Properties from Microseismic Data during Hydraulic Fracturing,2026,,conference-paper,S3_title_only,1,Xt,excluded: task out of scope,,0
m722,https://openalex.org/W7169848945,10.1785/0220260005,"Machine-Learning-Based Microseismic Monitoring of Nearshore Wind–Wave Dynamics: Observations from Hainan Island, China",2026,Seismological Research Letters,article,S3_title_only,1,Xs,excluded: setting out of scope,,0
m723,https://openalex.org/W7203580421,10.1007/s40789-026-00926-1,"Managing hydraulic fracturing-induced seismicity in the Duvernay shale: Triggering mechanisms, influencing factors, and practice-oriented mitigation strategies",2026,International Journal of Coal Science & Technology,article,S4_forward_citation,1,Xp,"excluded: secondary study (review, survey)",,0
m724,https://openalex.org/W7166880584,10.1007/s40789-026-00913-6,Mechanical behavior and damage evolution of sandstone under different fatigue loading modes,2026,International Journal of Coal Science & Technology,article,S4_forward_citation,1,Xs,excluded: setting out of scope,,0
m725,https://openalex.org/W7161118727,10.1109/tgrs.2026.3693571,Microseis-WCDD: Wavelet-Conditioned Diffusion Denoising for Microseismic Data via Adversarial Guidance,2026,IEEE Transactions on Geoscience and Remote Sensing,article,"S3_title_only; S4_forward_citation",1,Xt,excluded: task out of scope,,0
m726,https://openalex.org/W7161941393,10.1093/jge/gxag072,Microseismic data denoising using CNN–BiLSTM model,2026,Journal of Geophysics and Engineering,article,"S3_title_only; S4_forward_citation",1,Xt,excluded: task out of scope,,0
m727,https://openalex.org/W7162254739,10.1016/j.jappgeo.2026.106337,Microseismic localization method based on adaptive residual neural network with layered medium model,2026,Journal of Applied Geophysics,article,"S3_title_only; S4_forward_citation",0,I,included,,1
m728,https://openalex.org/W7167483859,10.1038/s41467-026-73965-6,Microseismic monitoring with the quake neural operator,2026,Nature Communications,article,"S3_title_only; S4_forward_citation",1,I,included,,1
m729,https://openalex.org/W7170195291,10.1016/j.petsci.2026.07.039,Microseismic signal denoising via a dynamically guided two-stage framework,2026,Petroleum Science,article,S4_forward_citation,0,Xt,excluded: task out of scope,,0
m730,https://openalex.org/W7160044822,10.1016/j.engappai.2026.114982,Microseismic source localization and application based on the attention-based deep feedforward neural network model,2026,Engineering Applications of Artificial Intelligence,article,"S3_title_only; S4_forward_citation",0,I,included,,1
m731,https://openalex.org/W7139016105,10.1007/s11600-026-01843-2,Microseismic source localization method based on ABC-CS improved fusion algorithm,2026,Acta Geophysica,article,S4_forward_citation,0,Xn,excluded: no ML or DL component,,0
m732,https://openalex.org/W7168100377,10.36922/jse026150065,Microseismic source location method based on graph neural networks,2026,Journal of seismic exploration,article,S3_title_only,1,I,included,,1
m733,https://openalex.org/W7165935129,10.2139/ssrn.6998912,Microseismic-based multi-domain feature fusion for rockburst early warning in deep-buried tunnels,2026,SSRN Electronic Journal,preprint,S4_forward_citation,0,Xt,excluded: task out of scope,,0
m734,https://openalex.org/W7154449591,10.1007/978-981-95-4255-0_34,Mining-Induced Seismicity Classification for Rockburst Prediction in Deep Mines,2026,Lecture notes in civil engineering,conference-paper,S4_forward_citation,0,Xt,excluded: task out of scope,,0
m735,https://openalex.org/W7160427339,10.1109/tii.2026.3684159,MSNet: A Cascade Multitask Learning Framework With Hierarchical Dependence for Microseismic Signal Processing,2026,IEEE Transactions on Industrial Informatics,article,"S3_title_only; S4_forward_citation",1,I,included,,1
m736,https://openalex.org/W7131088294,10.1016/j.measurement.2026.120934,Multi-sensor microseismic event classification with SNR-based sensor selection and MPA-SincNet model,2026,Measurement,article,S4_forward_citation,0,I,included,,1
m737,https://openalex.org/W7133560539,10.1016/j.ijrmms.2026.106478,Multi-task prediction framework for microseismic time series data based on hybrid signal decomposition and adaptive loss function,2026,International Journal of Rock Mechanics and Mining Sciences,article,S4_forward_citation,0,Xt,excluded: task out of scope,,0
m738,https://openalex.org/W7163351815,10.3390/app16115568,Multi-Task Spatiotemporal Prediction of Gas Extraction-Induced Seismicity Using a Hybrid GAT-LSTM Neural Network,2026,Applied Sciences,article,S3_title_only,1,Xt,excluded: task out of scope,,0
m739,https://openalex.org/W7165371708,10.2139/ssrn.6970190,Next 24 h Rockburst Probabilistic Warning Using Microseismic Monitoring and Machine Learning,2026,SSRN Electronic Journal,preprint,S3_title_only,0,Xt,excluded: task out of scope,,0
m740,https://openalex.org/W7162125266,10.1093/gji/ggag188,"One-step prediction random forest for induced seismic hazard forecasting: application to the Luxian area, Southern Sichuan Basin, China",2026,Geophysical Journal International,article,S3_title_only,1,Xt,excluded: task out of scope,,0
m741,https://openalex.org/W7148282862,10.1016/j.jfranklin.2026.108631,Outlier-resistant distributed fusion estimation of microseismic signals over sensor networks with sensor degradations,2026,Journal of the Franklin Institute,article,S3_title_only,0,Xn,excluded: no ML or DL component,,0
m742,https://openalex.org/W7147533729,10.1190/image2025-4303841.1,Physics-informed neural operator for learning Helmholtz equation in microseismic application,2026,,conference-paper,S3_title_only,1,Xt,excluded: task out of scope,,0
m743,https://openalex.org/W7160312491,10.1016/j.measurement.2026.121773,POA-optimized VMD-NLM: A hybrid framework for microseismic signal denoising,2026,Measurement,article,S4_forward_citation,0,Xn,excluded: no ML or DL component,,0
m744,https://openalex.org/W7169718730,10.26160/2658-3305-2026-38-122-131,Prediction of dynamic manifestations of rock pressure based on microseismic monitoring and machine learning methods,2026,"Научно-исследовательский центр ""МашиноСтроение"" (НИЦ МС)",article,S3_title_only,0,Xl,excluded: full text not in English,,0
m745,https://openalex.org/W7161151778,10.1016/j.engeos.2026.100562,Prediction of microseismic energy evolution in underground gas storage based on Variational Mode Decomposition and Deep Learning,2026,Energy Geoscience,article,S3_title_only,1,Xt,excluded: task out of scope,,0
m746,https://openalex.org/W7155088959,10.1016/j.jrmge.2026.02.017,Prediction of rockburst occurrence time: Implications from microseismic monitoring and deep learning,2026,Journal of Rock Mechanics and Geotechnical Engineering,article,S3_title_only,1,Xt,excluded: task out of scope,,0
m747,https://openalex.org/W7161054149,10.12688/openreseurope.23413.1,Real-time forecasting of induced seismicity in geological carbon storage with a machine learning workflow,2026,Open Research Europe,article,S3_title_only,1,Xt,excluded: task out of scope,,0
m748,https://openalex.org/W7147709780,10.1190/image2025-4302063.1,Real-time microseismic event location using a latent diffusion model,2026,,conference-paper,S3_title_only,1,Xd,collapsed: second report of an included study,m749,0
m749,https://openalex.org/W7172345491,10.1109/tgrs.2026.3718892,Real-Time Microseismic Event Location With Latent Diffusion Models,2026,IEEE Transactions on Geoscience and Remote Sensing,article,"S3_title_only; S4_forward_citation",0,I,included,,1
m750,https://openalex.org/W7212390535,10.1016/j.jrmge.2026.07.013,Real-time microseismic source localization in deep tunnel using physics-informed neural networks,2026,Journal of Rock Mechanics and Geotechnical Engineering,article,"S3_title_only; S4_forward_citation",1,I,included,,1
m751,https://openalex.org/W7205002769,10.1093/gji/ggag354,Real-time multistation microseismic event detection via transfer learning of computer vision deep learning model,2026,Geophysical Journal International,article,"S3_title_only; S4_forward_citation",1,I,included,,1
m752,https://openalex.org/W7139029439,10.1007/s11771-026-6284-4,Recognition and classification of microseismic signals based on Bayesian-optimized CNN-LSTM neural network,2026,Journal of Central South University,article,S3_title_only,0,I,included,,1
m753,https://openalex.org/W7155513260,10.1088/1361-6501/ae6470,Recognition of microseismic and blasting signals using dynamic weighted logistic regression algorithm,2026,Measurement Science and Technology,article,S4_forward_citation,1,I,included,,1
m754,https://openalex.org/W7164890028,10.1007/s11770-026-1447-5,Research on Collaborative Microseismic Phase Picking for Single-Component Arrays Based on Time-Frequency Two-Dimensional Cross-Correlation,2026,Applied Geophysics,article,S4_forward_citation,0,Xn,excluded: no ML or DL component,,0
m755,https://openalex.org/W7162100027,10.3390/app16115197,Research on Intelligent Identification Technology of Mine Microseismic Signals Based on Pattern Recognition and Machine Learning,2026,Applied Sciences,article,S3_title_only,1,I,included,,1
m756,https://openalex.org/W7135130422,10.1016/j.measurement.2026.121122,Research on microseismic signal denoising method based on an improved denoising convolutional neural network,2026,Measurement,article,S3_title_only,0,Xt,excluded: task out of scope,,0
m757,https://openalex.org/W7165688981,10.1007/s12517-026-12533-0,Research on microseismic source localization method combining supervised machine learning and 3-dimensional ray tracing method,2026,Arabian Journal of Geosciences,article,"S3_title_only; S4_forward_citation",0,I,included,,1
m758,https://openalex.org/W7166535303,10.3390/app16136417,Research on Multi-Class and Weak Signal Recognition of Microseismic Events Based on an Optimized U-Net Model,2026,Applied Sciences,article,S3_title_only,1,I,included,,1
m759,https://openalex.org/W7162025486,10.1007/s11600-026-01897-2,Research on recognition of rockburst microseismic signal based on deep convolution neural network attention mechanism algorithm,2026,Acta Geophysica,article,S3_title_only,0,I,included,,1
m760,https://openalex.org/W7161627886,10.1007/s00603-026-05569-x,Research on the Lightweight DAMS-Net and Transfer Learning Methods for Microseismic P-Wave Arrival Time Picking,2026,Rock Mechanics and Rock Engineering,article,S3_title_only,0,I,included,,1
m761,https://openalex.org/W7212290301,10.1016/j.geoen.2026.214813,Research Progress and Prospect of Monitoring Technologies for CO2 Storage in Deep Coal Seams,2026,Geoenergy Science and Engineering,article,S4_forward_citation,0,Xp,"excluded: secondary study (review, survey)",,0
m762,https://openalex.org/W7204953017,10.26730/1999-4125-2026-3-110-120,REVIEW OF CONTEMPORARY ISSUES OF FORECASTING AND PREVENTING GEODYNAMIC PHENOMENA IN COAL MINES,2026,Вестник Кузбасского государственного технического университета,article,S4_forward_citation,1,Xp,"excluded: secondary study (review, survey)",,0
m763,https://openalex.org/W7164048967,10.3390/geosciences16060231,"Review of Hydraulic Fracture Diagnostics: Technologies, Interpretation Challenges, and Emerging Advances",2026,Geosciences,article,"S2_relaxed_task; S4_forward_citation",1,Xp,"excluded: secondary study (review, survey)",,0
m764,https://openalex.org/W7160191895,10.1109/tgrs.2026.3688676,Robust Microseismic Denoising via Multivariate Singular Spectrum Analysis Coupled With Frequency-Domain-Aware U-Net,2026,IEEE Transactions on Geoscience and Remote Sensing,article,S3_title_only,0,Xt,excluded: task out of scope,,0
m765,https://openalex.org/W7126371750,10.1016/j.jappgeo.2026.106138,Rockburst monitoring in high-water-content coal seams using the drill cuttings method,2026,Journal of Applied Geophysics,article,S4_forward_citation,0,Xs,excluded: setting out of scope,,0
m766,https://openalex.org/W7148275036,10.3997/1365-2397.fb2026026,SADAR Sparse Network Results from Four Years of Microseismic Monitoring,2026,First Break,article,S3_title_only,0,Xn,excluded: no ML or DL component,,0
m767,https://openalex.org/W7153309765,10.1111/1365-2478.70176,Seismic Event Classification With a Lightweight Fourier Neural Operator Model,2026,Geophysical Prospecting,article,S4_forward_citation,1,I,included,,1
m768,https://openalex.org/W7161946186,10.1190/geo-2025-0116,Seismic imaging of a salt-dissolution void in central Kansas,2026,Geophysics,article,S4_forward_citation,1,Xs,excluded: setting out of scope,,0
m769,https://openalex.org/W7170138123,10.1029/2026jh001245,Seismic Insights Into the Role of Rockfall in Rockslide Destruction Processes,2026,Journal of Geophysical Research Machine Learning and Computation,article,S4_forward_citation,1,Xs,excluded: setting out of scope,,0
m770,https://openalex.org/W7203891513,10.3389/frsip.2026.1884114,Seismic phase picking of coal mine microseismic data based on lightweight CNN,2026,Frontiers in Signal Processing,article,S3_title_only,1,I,included,,1
m771,https://openalex.org/W7162452589,10.3390/app16115352,Seismic Reservoir Monitoring Using Wavelet Transforms and Machine Learning: A Double-Compression Approach,2026,Applied Sciences,article,S4_forward_citation,1,Xs,excluded: setting out of scope,,0
m772,https://openalex.org/W7160894581,10.1109/tgrs.2026.3691833,Semi-Supervised Vehicle Monitoring Framework Employing Distributed Acoustic Sensing Toward Real-World Settings,2026,IEEE Transactions on Geoscience and Remote Sensing,article,S4_forward_citation,1,Xs,excluded: setting out of scope,,0
m773,https://openalex.org/W7168016940,10.2139/ssrn.7099610,SFAN: Spatial-Feature Attention Network for Locating Microseismic Events in Deep Tunnels,2026,SSRN Electronic Journal,preprint,S3_title_only,0,I,included,,1
m774,https://openalex.org/W7130706084,10.1016/j.ijrmms.2026.106468,Single- and multi-channel microseismic signal classification using dynamic-kernel attention-enhanced CNN-CapsNet,2026,International Journal of Rock Mechanics and Mining Sciences,article,S3_title_only,0,I,included,,1
m775,https://openalex.org/W7118298636,10.1007/s10064-025-04755-5,Slope failure level prediction using a hybrid convolutional long short-term memory network based on microseismic monitoring data,2026,Bulletin of Engineering Geology and the Environment,article,S3_title_only,0,Xt,excluded: task out of scope,,0
m776,https://openalex.org/W7164268597,,Spatiotemporal Clustering of Induced Seismicity in Enhanced Geothermal Systems,2026,ScholarWorks -A service of University of Vermont Libraries (University of Vermont),article,S3_title_only,1,Xt,excluded: task out of scope,,0
m777,https://openalex.org/W7165000173,10.21203/rs.3.rs-9686148/v1,Static thresholds and limitations of linear assumptions in reservoir-induced seismicity assessment: Toward a dynamic machine learning framework,2026,Research Square,preprint,S3_title_only,0,Xt,excluded: task out of scope,,0
m778,https://openalex.org/W7214192594,10.1111/jpg.70144,"Stratigraphic Intelligence for Hydrocarbon Discovery: Integrating Basin Architecture, Correlation Uncertainty and Predictive Petroleum Systems in Frontier Basins",2026,Journal of Petroleum Geology,article,S4_forward_citation,1,Xs,excluded: setting out of scope,,0
m779,https://openalex.org/W7214146558,10.1016/j.enggeo.2026.109104,Three-dimensional imaging of induced fracture network by joint inversion of microseismic and tracer test data: Field application and validation,2026,Engineering Geology,article,S3_title_only,0,Xt,excluded: task out of scope,,0
m780,https://openalex.org/W7163352971,10.1007/s00603-026-05595-9,Three-Dimensional Microseismic Tomography of Mines Based on Fast Marching Method and Convolutional Neural Networks,2026,Rock Mechanics and Rock Engineering,article,"S3_title_only; S4_forward_citation",0,Xt,excluded: task out of scope,,0
m781,https://openalex.org/W7165551853,10.1109/tgrs.2026.3705759,Three-Layer Physics-Constrained Riemannian Manifold Deep Network for Microseismic Event Localization in Coal Mines,2026,IEEE Transactions on Geoscience and Remote Sensing,article,"S3_title_only; S4_forward_citation",0,I,included,,1
m782,https://openalex.org/W7203692199,10.1785/0220260072,TL-BiRNN-Pick: An End-to-End Automated Microseismic Monitoring Framework for Underground Mines via Transfer Learning,2026,Seismological Research Letters,article,S3_title_only,1,I,included,,1
m783,https://openalex.org/W7160097631,10.1016/j.sue.2026.03.002,Towards intelligent forecasting of injection-induced seismicity: A global sensitivity analysis guided approach,2026,Smart Underground Engineering,article,S3_title_only,1,Xt,excluded: task out of scope,,0
m784,https://openalex.org/W7167500777,10.1029/2025jh001194,Transfer Learning and Benchmarking for Induced Seismic Event Detection: Insights From Oklahoma,2026,Journal of Geophysical Research Machine Learning and Computation,article,S3_title_only,1,Xm,excluded: other sensing modality or regional networks only,,0
m785,https://openalex.org/W7166645181,10.48550/arxiv.2606.29339,Two kinds of robustness are not the same: disentangling fault tolerance and low-SNR robustness in multi-domain event detection on real data,2026,arXiv (Cornell University),preprint,"S1_original_blocks; S2_relaxed_task",1,I,included,,1
m786,https://openalex.org/W7134128386,10.3390/s26051693,Two-Stage Microseismic P-Wave Arrival Picking via STA/LTA-Guided Lightweight U-Net,2026,Sensors,article,S3_title_only,1,I,included,,1
m787,https://openalex.org/W7161239570,10.1111/1365-2478.70190,U‐PINO: A U‐Shaped Physics‐Informed Neural Operator for DAS Microseismic Source Localization With Application to FORGE DAS Data,2026,Geophysical Prospecting,article,"S3_title_only; S4_forward_citation",1,I,included,,1
m788,https://openalex.org/W7124949727,10.1029/2025wr041137,Unsupervised Characterization of Rain‐Induced Seismic Noise in Urban Fiber‐Optic Networks Using Deep Embedded Clustering,2026,Water Resources Research,article,"S2_relaxed_task; S3_title_only",1,Xs,excluded: setting out of scope,,0
m789,https://openalex.org/W7127201668,10.3390/pr14030512,Utah FORGE: A Decade of Innovation—Comprehensive Review of Field-Scale Advances (Part 1),2026,Processes,article,S4_forward_citation,1,Xp,"excluded: secondary study (review, survey)",,0
m790,https://openalex.org/W7203692177,10.1109/access.2026.3725191,Vision Transformers and CNNs for Microearthquake Recognition: Exploring Generalization Among Volcanoes,2026,IEEE Access,article,S3_title_only,1,Xs,excluded: setting out of scope,,0
m791,https://openalex.org/W7147420110,10.1190/image2025-4316895.1,VSNet: Deep-learning inversion of velocity structures and source locations with passive seismic data,2026,,conference-paper,S4_forward_citation,1,I,included,,1
m792,https://openalex.org/W7167508742,10.31223/x5121s,"When does array moveout help borehole phase picking? A leave-one-site-out, confound-free benchmark of array versus per-trace deep learning",2026,,preprint,"S1_original_blocks; S2_relaxed_task",1,I,included,,1
m793,https://openalex.org/W7130418209,10.3389/feart.2026.1790572,WTTnet: a network combining wavelet transform and transformer for denoising microseismic signal,2026,Frontiers in Earth Science,article,S3_title_only,1,Xt,excluded: task out of scope,,0
m794,https://openalex.org/W4298009401,10.1016/j.cageo.2022.105242,"Classification of earthquakes, explosions and mining-induced earthquakes based on XGBoost algorithm",2022,Computers & Geosciences,article,S5a_title_task_no_ML,0,Xm,excluded: other sensing modality or regional networks only,,0
m795,https://openalex.org/W2889230839,10.1038/s41598-020-58908-5,Locating induced earthquakes with a network of seismic stations in Oklahoma via a deep learning method,2020,Scientific Reports,article,S5a_title_task_no_ML,1,Xm,excluded: other sensing modality or regional networks only,,0
m796,https://openalex.org/W2223110200,10.1061/(asce)cp.1943-5487.0000553,Classification of Rockburst in Underground Projects: Comparison of Ten Supervised Learning Methods,2016,Journal of Computing in Civil Engineering,article,"S5a_title_task_no_ML; S5c_mining_seismicity_terms",1,Xt,excluded: task out of scope,,0
m797,https://openalex.org/W3157357907,10.1016/j.compgeo.2021.104175,An arrival time picker for microseismic rock fracturing waveforms and its quality control for automatic localization in tunnels,2021,Computers and Geotechnics,article,S5a_title_task_no_ML,0,Xn,excluded: no ML or DL component,,0
m798,https://openalex.org/W2092460788,10.1007/s00603-015-0733-y,"Discrimination of Mine Seismic Events and Blasts Using the Fisher Classifier, Naive Bayesian Classifier and Logistic Regression",2015,Rock Mechanics and Rock Engineering,article,S5a_title_task_no_ML,0,I,included,,1
m799,https://openalex.org/W2756119312,10.1016/j.jappgeo.2017.09.012,Enhancing micro-seismic P-phase arrival picking: EMD-cosine function-based denoising with an application to the AIC picker,2017,Journal of Applied Geophysics,article,S5a_title_task_no_ML,0,Xn,excluded: no ML or DL component,,0
m800,https://openalex.org/W2912913790,10.1190/geo2018-0389.1,Semiautomatic first-arrival picking of microseismic events by using the pixel-wise convolutional image segmentation method,2019,Geophysics,article,S5a_title_task_no_ML,1,I,included,,1
m801,https://openalex.org/W2475005008,10.1016/j.jappgeo.2016.06.008,Adaptive noise estimation and suppression for improving microseismic event detection,2016,Journal of Applied Geophysics,article,S5a_title_task_no_ML,0,Xn,excluded: no ML or DL component,,0
m802,https://openalex.org/W4200306632,10.1016/j.tust.2021.104327,Automatic recognition and classification of microseismic waveforms based on computer vision,2021,Tunnelling and Underground Space Technology,article,S5a_title_task_no_ML,0,I,included,,1
m803,https://openalex.org/W2789959136,10.1016/j.engfracmech.2018.01.032,Collaborative localization method using analytical and iterative solutions for microseismic/acoustic emission sources in the rockmass structure for underground mining,2018,Engineering Fracture Mechanics,article,S5a_title_task_no_ML,0,Xn,excluded: no ML or DL component,,0
m804,https://openalex.org/W3036735605,10.1029/2020gl088168,Injection‐Induced Earthquakes on Complex Fault Zones of the Raton Basin Illuminated by Machine‐Learning Phase Picker and Dense Nodal Array,2020,Geophysical Research Letters,article,S5a_title_task_no_ML,1,I,included,,1
m805,https://openalex.org/W2971744928,10.1016/j.cageo.2019.104318,An automatic recognition method of microseismic signals based on EEMD-SVD and ELM,2019,Computers & Geosciences,article,S5a_title_task_no_ML,0,I,included,,1
m806,https://openalex.org/W1835861472,10.1190/geo2015-0068.1,Microseismic event location using the first and reflected arrivals,2015,Geophysics,article,S5a_title_task_no_ML,1,Xn,excluded: no ML or DL component,,0
m807,https://openalex.org/W2483676302,10.1016/j.jappgeo.2016.07.015,Weak signal detection using multiscale morphology in microseismic monitoring,2016,Journal of Applied Geophysics,article,S5a_title_task_no_ML,0,Xn,excluded: no ML or DL component,,0
m808,https://openalex.org/W3213940997,10.1190/geo2020-0469.1,Arrival-time picking of microseismic events based on MSNet,2021,Geophysics,article,S5a_title_task_no_ML,1,I,included,,1
m809,https://openalex.org/W3022539899,10.1016/j.tust.2020.103425,An automatic classification method for microseismic events and blasts during rock excavation of underground caverns,2020,Tunnelling and Underground Space Technology,article,S5a_title_task_no_ML,0,I,included,,1
m810,https://openalex.org/W3128417835,10.1016/j.measurement.2021.109129,A novel method for automatic identification of rock fracture signals in microseismic monitoring,2021,Measurement,article,S5a_title_task_no_ML,0,I,included,,1
m811,https://openalex.org/W2501792429,10.1016/s1003-6326(16)64313-3,Prediction of rock burst classification using cloud model with entropy weight,2016,Transactions of Nonferrous Metals Society of China,article,"S5a_title_task_no_ML; S5c_mining_seismicity_terms",0,Xt,excluded: task out of scope,,0
m812,https://openalex.org/W2940513806,10.1016/j.tust.2019.04.019,Rockburst prediction in kimberlite with unsupervised learning method and support vector classifier,2019,Tunnelling and Underground Space Technology,article,S5a_title_task_no_ML,0,Xt,excluded: task out of scope,,0
m813,https://openalex.org/W2771985235,10.1093/gji/ggx518,Microseismic source locations with deconvolution migration,2017,Geophysical Journal International,article,S5a_title_task_no_ML,1,Xn,excluded: no ML or DL component,,0
m814,https://openalex.org/W2783874772,10.1016/j.jappgeo.2018.01.007,Accurate identification of microseismic P- and S-phase arrivals using the multi-step AIC algorithm,2018,Journal of Applied Geophysics,article,S5a_title_task_no_ML,0,Xn,excluded: no ML or DL component,,0
m815,https://openalex.org/W2755552321,10.1007/s11069-017-3044-7,A logistic regression classifier for long-term probabilistic prediction of rock burst hazard,2017,Natural Hazards,article,S5a_title_task_no_ML,0,Xt,excluded: task out of scope,,0
m816,https://openalex.org/W2774046042,10.1016/j.jappgeo.2017.12.004,Microseismic event location using global optimization algorithms: An integrated and automated workflow,2017,Journal of Applied Geophysics,article,S5a_title_task_no_ML,0,Xn,excluded: no ML or DL component,,0
m817,https://openalex.org/W2793339301,10.1016/j.jappgeo.2018.03.012,Arrival-time picking method based on approximate negentropy for microseismic data,2018,Journal of Applied Geophysics,article,S5a_title_task_no_ML,0,Xn,excluded: no ML or DL component,,0
m818,https://openalex.org/W4281629107,10.1016/j.tust.2022.104570,Cross-correlation stacking-based microseismic source location using three metaheuristic optimization algorithms,2022,Tunnelling and Underground Space Technology,article,S5a_title_task_no_ML,0,Xn,excluded: no ML or DL component,,0
m819,https://openalex.org/W2892299409,10.1016/j.jappgeo.2018.09.022,Automatic classification of multi-channel microseismic waveform based on DCNN-SPP,2018,Journal of Applied Geophysics,article,S5a_title_task_no_ML,0,I,included,,1
m820,https://openalex.org/W2217962917,10.1016/s1003-6326(15)63976-0,Classification of mine blasts and microseismic events using starting-up features in seismograms,2015,Transactions of Nonferrous Metals Society of China,article,S5a_title_task_no_ML,0,Xa,"excluded: insufficient information (conference abstract, or no abstract and no method named in the title)",,0
m821,https://openalex.org/W2576577327,10.1016/j.tust.2017.01.006,Performance and feasibility analysis of two microseismic location methods used in tunnel engineering,2017,Tunnelling and Underground Space Technology,article,S5a_title_task_no_ML,0,Xn,excluded: no ML or DL component,,0
m822,https://openalex.org/W3190411134,10.1007/s40948-021-00285-y,Improving the efficiency of microseismic source locating using a heuristic algorithm-based virtual field optimization method,2021,Geomechanics and Geophysics for Geo-Energy and Geo-Resources,article,S5a_title_task_no_ML,0,Xn,excluded: no ML or DL component,,0
m823,https://openalex.org/W4292810847,10.1007/s00603-022-03028-x,Characteristics and Classification of Microseismic Signals in Heading Face of Coal Mine: Implication for Coal and Gas Outburst Warning,2022,Rock Mechanics and Rock Engineering,article,S5a_title_task_no_ML,0,Xn,excluded: no ML or DL component,,0
m824,https://openalex.org/W3120529348,10.3390/forecast3010002,Forecasting the Preparatory Phase of Induced Earthquakes by Recurrent Neural Network,2021,Forecasting,article,S5a_title_task_no_ML,1,Xt,excluded: task out of scope,,0
m825,https://openalex.org/W2892156345,10.1007/s11770-018-0682-9,Identification of blasting vibration and coal-rock fracturing microseismic signals,2018,Applied Geophysics,article,S5a_title_task_no_ML,0,I,included,,1
m826,https://openalex.org/W2768807151,10.1109/access.2017.2774254,A Highly Accurate Method of Locating Microseismic Events Associated With Rockburst Development Processes in Tunnels,2017,IEEE Access,article,S5a_title_task_no_ML,1,Xn,excluded: no ML or DL component,,0
m827,https://openalex.org/W2989896198,10.1016/j.tust.2019.103195,Analysis of rockburst triggered by hard rock fragmentation using a conical pick under high uniaxial stress,2019,Tunnelling and Underground Space Technology,article,S5a_title_task_no_ML,0,Xt,excluded: task out of scope,,0
m828,https://openalex.org/W2924330303,10.1016/j.jappgeo.2019.02.008,The effect of P- and S-phase arrivals on the accuracy of microseismic source location,2019,Journal of Applied Geophysics,article,S5a_title_task_no_ML,0,Xn,excluded: no ML or DL component,,0
m829,https://openalex.org/W3126718466,10.1007/s00603-021-02369-3,Probability Estimates of Short-Term Rockburst Risk with Ensemble Classifiers,2021,Rock Mechanics and Rock Engineering,article,"S5a_title_task_no_ML; S5c_mining_seismicity_terms",0,Xt,excluded: task out of scope,,0
m830,https://openalex.org/W3038255799,10.1002/nag.3111,Strength of ensemble learning in multiclass classification of rockburst intensity,2020,International Journal for Numerical and Analytical Methods in Geomechanics,article,"S5a_title_task_no_ML; S5c_mining_seismicity_terms",1,Xt,excluded: task out of scope,,0
m831,https://openalex.org/W2886843085,10.1016/j.ijrmms.2018.08.002,Migration-based microseismic event location in the Schlema-Alberoda mining area,2018,International Journal of Rock Mechanics and Mining Sciences,article,S5a_title_task_no_ML,0,Xn,excluded: no ML or DL component,,0
m832,https://openalex.org/W2531659197,10.1016/j.pepi.2016.10.003,Back azimuth constrained double-difference seismic location and tomography for downhole microseismic monitoring,2016,Physics of The Earth and Planetary Interiors,article,S5a_title_task_no_ML,0,Xn,excluded: no ML or DL component,,0
m833,https://openalex.org/W2521193545,10.1016/j.pepi.2016.09.005,Automatic microseismic event detection by band-limited phase-only correlation,2016,Physics of The Earth and Planetary Interiors,article,S5a_title_task_no_ML,0,Xn,excluded: no ML or DL component,,0
m834,https://openalex.org/W2954928655,10.1029/2019jb017468,A Consistent High‐Resolution Catalog of Induced Seismicity in Basel Based on Matched Filter Detection and Tailored Post‐Processing,2019,Journal of Geophysical Research Solid Earth,article,S5a_title_task_no_ML,1,I,included,,1
m835,https://openalex.org/W3084561798,10.1016/j.soildyn.2020.106359,Data field application in removing large P-phase arrival picking errors and relocating a mine microseismic event,2020,Soil Dynamics and Earthquake Engineering,article,S5a_title_task_no_ML,0,Xn,excluded: no ML or DL component,,0
m836,https://openalex.org/W4389088754,10.3390/app132312739,Microseismic Monitoring Signal Waveform Recognition and Classification: Review of Contemporary Techniques,2023,Applied Sciences,article,S5a_title_task_no_ML,1,Xp,"excluded: secondary study (review, survey)",,0
m837,https://openalex.org/W1769361768,10.1007/s11770-015-0479-z,Weighted-elastic-wave interferometric imaging of microseismic source location,2015,Applied Geophysics,article,S5a_title_task_no_ML,0,Xn,excluded: no ML or DL component,,0
m838,https://openalex.org/W3209826039,10.1109/tgrs.2021.3121907,Deep Learning for the Detection and Phase Unwrapping of Mining-Induced Deformation in Large-Scale Interferograms,2021,IEEE Transactions on Geoscience and Remote Sensing,article,S5a_title_task_no_ML,1,Xm,excluded: other sensing modality or regional networks only,,0
m839,https://openalex.org/W2883258183,10.1016/j.tust.2018.07.014,Rockburst prediction and classification based on the ideal-point method of information theory,2018,Tunnelling and Underground Space Technology,article,S5a_title_task_no_ML,0,Xt,excluded: task out of scope,,0
m840,https://openalex.org/W2596572706,10.1016/j.jappgeo.2017.03.005,Iterative interferometry-based method for picking microseismic events,2017,Journal of Applied Geophysics,article,S5a_title_task_no_ML,0,Xn,excluded: no ML or DL component,,0
m841,https://openalex.org/W4387603237,10.1007/s00603-023-03577-9,Evaluation of Hydraulic Fracturing in Coal Seam using Ground Microseismic Monitoring and Source Location,2023,Rock Mechanics and Rock Engineering,article,S5a_title_task_no_ML,0,Xn,excluded: no ML or DL component,,0
m842,https://openalex.org/W360453948,10.1016/j.cageo.2015.05.008,An efficient GPU implementation for locating micro-seismic sources using 3D elastic wave time-reversal imaging,2015,Computers & Geosciences,article,S5a_title_task_no_ML,0,Xn,excluded: no ML or DL component,,0
m843,https://openalex.org/W2604978618,10.1190/geo2016-0158.1,Simultaneous inversion of multiple microseismic data for event locations and velocity model with Bayesian inference,2017,Geophysics,article,S5a_title_task_no_ML,1,Xn,excluded: no ML or DL component,,0
m844,https://openalex.org/W2548789516,10.1016/j.jappgeo.2016.10.030,Modeling and locating underground water pipe leak with microseismic data,2016,Journal of Applied Geophysics,article,S5a_title_task_no_ML,0,Xs,excluded: setting out of scope,,0
m845,https://openalex.org/W2184499366,10.1016/j.cageo.2015.09.024,Neuro-evolutionary event detection technique for downhole microseismic surveys,2015,Computers & Geosciences,article,S5a_title_task_no_ML,0,I,included,,1
m846,https://openalex.org/W3113216653,10.1016/j.enggeo.2020.105940,Microseismic monitoring illuminates phases of slope failure in soft soils,2020,Engineering Geology,article,S5a_title_task_no_ML,0,Xn,excluded: no ML or DL component,,0
m847,https://openalex.org/W3189768378,10.26464/epp2021055,Spatial-temporal Evolution of Injection Induced Earthquakes in Weiyuan Area by Machine-Learning Phase Picker and Waveform Cross-correlation,2021,Earth and Planetary Physics,article,S5a_title_task_no_ML,1,Xm,excluded: other sensing modality or regional networks only,,0
m848,https://openalex.org/W2896768022,10.1016/j.tust.2018.09.022,"Developing intelligent classification models for rock burst prediction after recognizing significant predictor variables, Section 1: Literature review and data preprocessing procedure",2018,Tunnelling and Underground Space Technology,article,S5a_title_task_no_ML,0,Xt,excluded: task out of scope,,0
m849,https://openalex.org/W4382679274,10.1111/1365-2478.13398,Automatic microseismic signal classification for mining safety monitoring using the WaveNet classifier,2023,Geophysical Prospecting,article,S5a_title_task_no_ML,1,I,included,,1
m850,https://openalex.org/W2791699299,10.1093/gji/ggy054,Regularized non-stationary morphological reconstruction algorithm for weak signal detection in microseismic monitoring: methodology,2018,Geophysical Journal International,article,S5a_title_task_no_ML,1,Xn,excluded: no ML or DL component,,0
m851,https://openalex.org/W2754166975,10.1016/j.tust.2017.08.024,Source identification of microseismic events in underground mines with interferometric imaging and cross wavelet transform,2017,Tunnelling and Underground Space Technology,article,S5a_title_task_no_ML,0,Xn,excluded: no ML or DL component,,0
m852,https://openalex.org/W2941496918,10.1007/s00603-019-01809-5,Gravitational Search Algorithm for Microseismic Source Location in Tunneling: Performance Analysis and Engineering Case Study,2019,Rock Mechanics and Rock Engineering,article,S5a_title_task_no_ML,0,Xn,excluded: no ML or DL component,,0
m853,https://openalex.org/W2900825002,10.1007/s10950-018-9804-3,Automatic time picking of microseismic data based on shearlet-AIC algorithm,2018,Journal of Seismology,article,S5a_title_task_no_ML,0,Xn,excluded: no ML or DL component,,0
m854,https://openalex.org/W2955062313,10.1007/s00366-019-00800-6,Micro-seismic source location determined by a modified objective function,2019,Engineering With Computers,article,S5a_title_task_no_ML,0,Xn,excluded: no ML or DL component,,0
m855,https://openalex.org/W4388270070,10.1029/2023jb026429,Detecting the Preparatory Phase of Induced Earthquakes at The Geysers (California) Using K‐Means Clustering,2023,Journal of Geophysical Research Solid Earth,article,S5a_title_task_no_ML,1,Xt,excluded: task out of scope,,0
m856,https://openalex.org/W3199024321,10.3390/rs13183652,Using Improved Edge Detection Method to Detect Mining-Induced Ground Fissures Identified by Unmanned Aerial Vehicle Remote Sensing,2021,Remote Sensing,article,S5a_title_task_no_ML,1,Xm,excluded: other sensing modality or regional networks only,,0
m857,https://openalex.org/W3088475239,10.1007/s10064-020-01973-x,Identification of potential high-stress hazards in deep-buried hard rock tunnel based on microseismic information: a case study,2020,Bulletin of Engineering Geology and the Environment,article,S5a_title_task_no_ML,0,Xt,excluded: task out of scope,,0
m858,https://openalex.org/W4220661664,10.1007/s11771-022-4943-7,Microseismic source location using the Log-Cosh function and distant sensor-removed P-wave arrival data,2022,Journal of Central South University,article,S5a_title_task_no_ML,0,Xn,excluded: no ML or DL component,,0
m859,https://openalex.org/W2910569238,10.1016/j.cageo.2019.01.002,Waveform-based microseismic location using stochastic optimization algorithms: A parameter tuning workflow,2019,Computers & Geosciences,article,S5a_title_task_no_ML,0,Xn,excluded: no ML or DL component,,0
m860,https://openalex.org/W4214944170,10.1016/j.petrol.2022.110357,Automatic history matching of multistage fractured shale gas reservoir constrained by microseismic data,2022,Journal of Petroleum Science and Engineering,article,S5a_title_task_no_ML,0,Xt,excluded: task out of scope,,0
m861,https://openalex.org/W4383598258,10.1016/j.ijrmms.2023.105493,A new rock fracture reconstruction method under the constraints of microseismic location and focal mechanism,2023,International Journal of Rock Mechanics and Mining Sciences,article,S5a_title_task_no_ML,0,Xt,excluded: task out of scope,,0
m862,https://openalex.org/W2888095795,10.1007/s11600-018-0193-3,A first arrival detection method for low SNR microseismic signal,2018,Acta Geophysica,article,S5a_title_task_no_ML,0,Xn,excluded: no ML or DL component,,0
m863,https://openalex.org/W2902343234,10.1016/j.tust.2018.11.011,"Developing intelligent classification models for rock burst prediction after recognizing significant predictor variables, Section 2: Designing classifiers",2018,Tunnelling and Underground Space Technology,article,"S5a_title_task_no_ML; S5c_mining_seismicity_terms",0,Xt,excluded: task out of scope,,0
m864,https://openalex.org/W3131420751,10.1007/s00603-020-02314-w,Rock Burst Precursor Electromagnetic Radiation Signal Recognition Method and Early Warning Application Based on Recurrent Neural Networks,2021,Rock Mechanics and Rock Engineering,article,"S5a_title_task_no_ML; S5c_mining_seismicity_terms",0,Xm,excluded: other sensing modality or regional networks only,,0
m865,https://openalex.org/W4407353086,10.3390/app15041841,GA-PSO Algorithm for Microseismic Source Location,2025,Applied Sciences,article,S5a_title_task_no_ML,1,Xn,excluded: no ML or DL component,,0
m866,https://openalex.org/W4389231568,10.1007/s00603-023-03648-x,Determining S-Wave Arrival Times for Microseismic Monitoring in Tunnels Based on Instantaneous Phase Difference of Sensors,2023,Rock Mechanics and Rock Engineering,article,S5a_title_task_no_ML,0,Xn,excluded: no ML or DL component,,0
m867,https://openalex.org/W4411315272,10.1016/j.cageo.2025.105991,TwoStream-EQT: A microseismic phase picking model combining time and frequency domain inputs,2025,Computers & Geosciences,article,S5a_title_task_no_ML,0,I,included,,1
m868,https://openalex.org/W4361204410,10.1007/s00603-023-03305-3,An Inverted Heterogeneous Velocity Model for Microseismic Source Location in Deep Buried Tunnels,2023,Rock Mechanics and Rock Engineering,article,S5a_title_task_no_ML,0,Xn,excluded: no ML or DL component,,0
m869,https://openalex.org/W4390066904,10.1007/s11771-023-5459-5,P- and S-wave arrival time combined Bayesian location method for a microseismic event,2023,Journal of Central South University,article,S5a_title_task_no_ML,0,Xn,excluded: no ML or DL component,,0
m870,https://openalex.org/W2604426966,10.1016/j.ijmst.2017.03.026,Identification methods for anomalous stress region in coal roadways based on microseismic information and numerical simulation,2017,International Journal of Mining Science and Technology,article,S5a_title_task_no_ML,1,Xn,excluded: no ML or DL component,,0
m871,https://openalex.org/W2912120160,10.1190/geo2018-0601.1,"Relative source location using coda-wave interferometry: Method, code package, and application to mining-induced earthquakes",2019,Geophysics,article,S5a_title_task_no_ML,1,Xn,excluded: no ML or DL component,,0
m872,https://openalex.org/W2511485277,10.1016/j.pepi.2016.08.001,Fast 3D elastic micro-seismic source location using new GPU features,2016,Physics of The Earth and Planetary Interiors,article,S5a_title_task_no_ML,0,Xn,excluded: no ML or DL component,,0
m873,https://openalex.org/W2472013974,10.1016/j.pepi.2016.07.003,Wave equation based microseismic source location and velocity inversion,2016,Physics of The Earth and Planetary Interiors,article,S5a_title_task_no_ML,0,Xn,excluded: no ML or DL component,,0
m874,https://openalex.org/W3119424093,10.1007/s11770-020-0831-9,Arrival picking method for microseismic phases based on curve fitting,2020,Applied Geophysics,article,S5a_title_task_no_ML,0,Xn,excluded: no ML or DL component,,0
m875,https://openalex.org/W3048160357,10.1155/2020/8825990,An Automatic Recognition Method of Microseismic Signals Based on S Transformation and Improved Gaussian Mixture Model,2020,Advances in Civil Engineering,article,S5a_title_task_no_ML,1,I,included,,1
m876,https://openalex.org/W2536348194,10.1016/j.epsl.2016.09.061,"Cross-correlation-based detection and characterisation of microseismicity adjacent to the locked, late-interseismic Alpine Fault, South Westland, New Zealand",2016,Earth and Planetary Science Letters,article,S5a_title_task_no_ML,0,Xs,excluded: setting out of scope,,0
m877,https://openalex.org/W2511336254,10.1190/geo2016-0198.1,Cross double-difference inversion for microseismic event location using data from a single monitoring well,2016,Geophysics,article,S5a_title_task_no_ML,1,Xn,excluded: no ML or DL component,,0
m878,https://openalex.org/W3057484628,10.1785/0120200082,"Automated Microseismic Processing and Integrated Interpretation of Induced Seismicity during a Multistage Hydraulic-Fracturing Stimulation, Alberta, Canada",2020,Bulletin of the Seismological Society of America,article,S5a_title_task_no_ML,1,Xn,excluded: no ML or DL component,,0
m879,https://openalex.org/W2567958130,10.1016/j.measurement.2017.01.010,Multi-Resolution Feature Fusion model for coal rock burst hazard recognition based on Acoustic Emission data,2017,Measurement,article,"S5a_title_task_no_ML; S5c_mining_seismicity_terms",0,Xt,excluded: task out of scope,,0
m880,https://openalex.org/W2899597616,10.1016/j.petrol.2018.11.015,Microseismic event location using multi-scale time reversed imaging,2018,Journal of Petroleum Science and Engineering,article,S5a_title_task_no_ML,0,Xn,excluded: no ML or DL component,,0
m881,https://openalex.org/W4412765240,10.1007/s00603-025-04569-7,Evaluating the Rockburst Potential in the Railway Tunnel after Identifying the Most Significant Microseismic Inputs for the Classifier using Feature Selection Techniques,2025,Rock Mechanics and Rock Engineering,article,S5a_title_task_no_ML,0,Xt,excluded: task out of scope,,0
m882,https://openalex.org/W3161706519,10.1016/j.jngse.2021.103986,"Recognizing fracture distribution within the coalbed methane reservoir and its implication for hydraulic fracturing: A method combining field observation, well logging, and micro-seismic detection",2021,Journal of Natural Gas Science and Engineering,article,S5a_title_task_no_ML,0,Xt,excluded: task out of scope,,0
m883,https://openalex.org/W2784864876,10.1190/geo2017-0010.1,Simultaneous inversion for microseismic event location and velocity model in Vaca Muerta Formation,2018,Geophysics,article,S5a_title_task_no_ML,1,Xn,excluded: no ML or DL component,,0
m884,https://openalex.org/W4225130925,10.1007/s12559-022-09997-z,Mine Microseismic Time Series Data Integrated Classification Based on Improved Wavelet Decomposition and ELM,2022,Cognitive Computation,article,S5a_title_task_no_ML,0,I,included,,1
m885,https://openalex.org/W4390987836,10.1016/j.ijmst.2023.12.005,Classifying rockburst with confidence: A novel conformal prediction approach,2024,International Journal of Mining Science and Technology,article,"S5a_title_task_no_ML; S5c_mining_seismicity_terms",1,Xt,excluded: task out of scope,,0
m886,https://openalex.org/W4248899092,10.1190/geo-2015-0272.1,Joint inversion of source location and focal mechanism of microseismicity,2016,Geophysics,article,S5a_title_task_no_ML,0,Xt,excluded: task out of scope,,0
m887,https://openalex.org/W4285207023,10.1109/access.2022.3173059,Research on Rockburst Classification Prediction Based on BP-SVM Model,2022,IEEE Access,article,"S5a_title_task_no_ML; S5c_mining_seismicity_terms",1,Xt,excluded: task out of scope,,0
m888,https://openalex.org/W3200062137,10.1007/s12517-021-08311-9,Microseismic source location method based on a velocity model database and statistical analysis,2021,Arabian Journal of Geosciences,article,S5a_title_task_no_ML,0,Xn,excluded: no ML or DL component,,0
m889,https://openalex.org/W2790719128,10.1007/s10950-018-9735-z,First arrival time picking for microseismic data based on DWSW algorithm,2018,Journal of Seismology,article,S5a_title_task_no_ML,0,Xn,excluded: no ML or DL component,,0
m890,https://openalex.org/W3206496864,10.1016/j.jappgeo.2021.104470,Detecting and locating microseismic events with stacking velocity analysis for surface monitoring,2021,Journal of Applied Geophysics,article,S5a_title_task_no_ML,0,Xn,excluded: no ML or DL component,,0
m891,https://openalex.org/W4407359259,10.1016/j.soildyn.2025.109288,Picking P-wave arrival times from microseismic signals in tunnels with low signal-to-noise ratios without noise filtering,2025,Soil Dynamics and Earthquake Engineering,article,S5a_title_task_no_ML,0,Xn,excluded: no ML or DL component,,0
m892,https://openalex.org/W2278189497,10.1007/s12583-015-0565-4,Velocity modeling and inversion techniques for locating microseismic events in unconventional reservoirs,2015,Journal of Earth Science,article,S5a_title_task_no_ML,0,Xn,excluded: no ML or DL component,,0
m893,https://openalex.org/W4402082790,10.1016/j.deepre.2024.100112,Location method of ill-conditioned microseismic source and its engineering application,2024,Deep Resources Engineering,article,S5a_title_task_no_ML,0,Xn,excluded: no ML or DL component,,0
m894,https://openalex.org/W2589904894,10.1007/s10596-017-9623-6,Robustness of statistical algorithms for location of microseismic sources based on surface array data,2017,Computational Geosciences,article,S5a_title_task_no_ML,0,Xn,excluded: no ML or DL component,,0
m895,https://openalex.org/W2915804674,10.1093/gji/ggaa407,Fault imaging at Mt Pollino (Italy) from relative location of microearthquakes,2020,Geophysical Journal International,article,S5a_title_task_no_ML,1,Xs,excluded: setting out of scope,,0
m896,https://openalex.org/W2592459419,10.1190/geo2016-0404.1,Locating microseismic sources with a single seismometer channel using coda wave interferometry,2017,Geophysics,article,S5a_title_task_no_ML,1,Xn,excluded: no ML or DL component,,0
m897,https://openalex.org/W3195915116,10.1016/j.isprsjprs.2021.08.005,Identification of mining induced ground fissures using UAV and infrared thermal imager: Temperature variation and fissure evolution,2021,ISPRS Journal of Photogrammetry and Remote Sensing,article,S5a_title_task_no_ML,0,Xm,excluded: other sensing modality or regional networks only,,0
m898,https://openalex.org/W4313397514,10.1016/j.soildyn.2022.107723,AI-powered automatic detection of dynamic triggering of earthquake based on microseismic monitoring,2022,Soil Dynamics and Earthquake Engineering,article,S5a_title_task_no_ML,0,I,included,,1
m899,https://openalex.org/W4403398816,10.1080/19475705.2024.2409204,Study of seismic activity in the Haiyuan-Liupanshan region using automated microseismic detection techniques,2024,Geomatics Natural Hazards and Risk,article,S5a_title_task_no_ML,1,Xs,excluded: setting out of scope,,0
m900,https://openalex.org/W3158270360,10.1016/j.soildyn.2021.106759,Study on the rupture properties and automatic identification model of micro-earthquakes and blasting events in a coal mine,2021,Soil Dynamics and Earthquake Engineering,article,S5a_title_task_no_ML,0,Xn,excluded: no ML or DL component,,0
m901,https://openalex.org/W2809083286,10.1007/s10712-018-9479-x,Locating Leaking Buried Pipes Based on Ground Microseismic Records in 3D Space,2018,Surveys in Geophysics,article,S5a_title_task_no_ML,0,Xs,excluded: setting out of scope,,0
m902,https://openalex.org/W3026890824,10.1007/s10950-020-09914-7,"An application of coherence-based method for earthquake detection and microseismic monitoring (Irpinia fault system, Southern Italy)",2020,Journal of Seismology,article,S5a_title_task_no_ML,0,Xs,excluded: setting out of scope,,0
m903,https://openalex.org/W2766309138,10.1007/s11770-017-0631-z,Fault detection based on microseismic events,2017,Applied Geophysics,article,S5a_title_task_no_ML,0,Xt,excluded: task out of scope,,0
m904,https://openalex.org/W3216964335,10.1016/j.ijrmms.2021.104982,Seismic source location using the shortest path method based on boundary discretisation scheme for microseismic monitoring in underground mines,2021,International Journal of Rock Mechanics and Mining Sciences,article,S5a_title_task_no_ML,0,Xn,excluded: no ML or DL component,,0
m905,https://openalex.org/W3170718852,10.1109/access.2021.3085745,Research on Rockburst Prediction Classification Based on GA-XGB Model,2021,IEEE Access,article,"S5a_title_task_no_ML; S5c_mining_seismicity_terms",1,Xt,excluded: task out of scope,,0
m906,https://openalex.org/W2958374337,10.5194/npg-26-163-2019,The adaptive particle swarm optimization technique for solving microseismic source location parameters,2019,Nonlinear processes in geophysics,article,S5a_title_task_no_ML,1,Xn,excluded: no ML or DL component,,0
m907,https://openalex.org/W2314158132,10.1190/segam2015-5919420.1,Improving microseismic event location accuracy with head wave arrival time: Case study using Marcellus shale,2015,,conference-paper,S5a_title_task_no_ML,1,Xn,excluded: no ML or DL component,,0
m908,https://openalex.org/W4360982995,10.3389/feart.2023.1073684,Comprehensive study of micro-seismicity by using an automatic monitoring platform,2023,Frontiers in Earth Science,article,S5a_title_task_no_ML,1,Xn,excluded: no ML or DL component,,0
m909,https://openalex.org/W4281945529,10.3390/app12115509,Mine-Microseismic-Signal Recognition Based on LMD–PNN Method,2022,Applied Sciences,article,S5a_title_task_no_ML,1,I,included,,1
m910,https://openalex.org/W4289516016,10.1016/j.tust.2022.104661,Improvement of microseismic source location during cavern excavation in faulted rock mass using fast marching method,2022,Tunnelling and Underground Space Technology,article,S5a_title_task_no_ML,0,Xn,excluded: no ML or DL component,,0
m911,https://openalex.org/W2756344140,10.1007/s12303-017-0022-8,Automatic determination of first-motion polarity and its application to focal mechanism analysis of microseismic events,2017,Geosciences Journal,article,S5a_title_task_no_ML,0,Xt,excluded: task out of scope,,0
m912,https://openalex.org/W4402097332,10.1016/j.cageo.2024.105708,Research on microseismic signal identification through data fusion,2024,Computers & Geosciences,article,S5a_title_task_no_ML,0,Xa,"excluded: insufficient information (conference abstract, or no abstract and no method named in the title)",,0
m913,https://openalex.org/W2889490959,10.1007/s10950-018-9789-y,A first arrival picking method of microseismic data based on single time window with window length independent,2018,Journal of Seismology,article,S5a_title_task_no_ML,0,Xn,excluded: no ML or DL component,,0
m914,https://openalex.org/W3156765264,10.3390/sym13040632,Rockburst Hazard Prediction in Underground Projects Using Two Intelligent Classification Techniques: A Comparative Study,2021,Symmetry,article,"S5a_title_task_no_ML; S5c_mining_seismicity_terms",1,Xt,excluded: task out of scope,,0
m915,https://openalex.org/W4405900897,10.1016/j.ijrmms.2024.106010,Feature extraction and classification for induced microseismic signals during hydraulic fracturing: Implication for coalbed methane reservoir stimulation,2024,International Journal of Rock Mechanics and Mining Sciences,article,S5a_title_task_no_ML,0,Xa,"excluded: insufficient information (conference abstract, or no abstract and no method named in the title)",,0
m916,https://openalex.org/W4400738664,10.1007/s00024-024-03537-6,RETRACTED ARTICLE: Research on the Initial Arrival Recognition and Judgment Method of Microseismic Signals Based on PELT,2024,Pure and Applied Geophysics,article,S5a_title_task_no_ML,0,Xr,excluded: linked to a retracted study,,0
m917,https://openalex.org/W2914429079,10.1016/j.tust.2019.01.001,Passive seismic tomography for rockburst risk identification based on adaptive-grid method,2019,Tunnelling and Underground Space Technology,article,S5a_title_task_no_ML,0,Xt,excluded: task out of scope,,0
m918,https://openalex.org/W2235838460,10.2118/178548-ms,Microseismic Event Location using Multiple Arrivals: Demonstration of Uncertainty Reduction,2015,Unconventional Resources Technology Conference,conference-paper,S5a_title_task_no_ML,1,Xn,excluded: no ML or DL component,,0
m919,https://openalex.org/W2838761425,10.1785/0220180065,Microseismic Event Detection Using Multiple Geophone Arrays in Southwestern Utah,2018,Seismological Research Letters,article,S5a_title_task_no_ML,1,Xn,excluded: no ML or DL component,,0
m920,https://openalex.org/W4229009639,10.1155/2022/6156210,Prediction of Rockburst Intensity Grade in Deep Underground Excavation Using Adaptive Boosting Classifier,2022,Complexity,article,S5a_title_task_no_ML,1,Xt,excluded: task out of scope,,0
m921,https://openalex.org/W4403452610,10.1016/j.tust.2024.106135,Time-arrival pickup method of tunnel water inrush microseismic signals based on kurtosis value and AIC method,2024,Tunnelling and Underground Space Technology,article,S5a_title_task_no_ML,0,Xn,excluded: no ML or DL component,,0
m922,https://openalex.org/W4394996615,10.1016/j.compgeo.2024.106340,Dynamic responses and failure characteristics of the tunnel caused by rockburst: An entire process modelling from incubation to occurrence phases,2024,Computers and Geotechnics,article,S5a_title_task_no_ML,0,Xs,excluded: setting out of scope,,0
m923,https://openalex.org/W3014347301,10.1109/igarss39084.2020.9323375,Graph-Based Micro-Seismic Signal Classification with an Optimised Feature Space,2020,,conference-paper,S5a_title_task_no_ML,1,I,included,,1
m924,https://openalex.org/W4226160799,10.1016/j.icarus.2022.114912,Planetary analogue study using microseismic analysis for near-surface lava tube detection and exploration,2022,Icarus,article,S5a_title_task_no_ML,0,Xs,excluded: setting out of scope,,0
m925,https://openalex.org/W4415821456,10.23919/metar.2025.000011,A Review of Microseismic Source Location Techniques in Underground Mining,2025,MetaResource,article,S5a_title_task_no_ML,1,Xp,"excluded: secondary study (review, survey)",,0
m926,https://openalex.org/W4283030709,10.1038/s41598-022-14451-z,Data-driven spatiotemporal assessment of the event-size distribution of the Groningen extraction-induced seismicity catalogue,2022,Scientific Reports,article,S5a_title_task_no_ML,1,Xt,excluded: task out of scope,,0
m927,https://openalex.org/W2776653641,10.1080/19475705.2017.1415229,Detecting mining-induced ground deformation and associated hazards using spaceborne InSAR techniques,2017,Geomatics Natural Hazards and Risk,article,S5a_title_task_no_ML,1,Xm,excluded: other sensing modality or regional networks only,,0
m928,https://openalex.org/W4399756530,10.1007/s10064-024-03776-w,A microseismic source location method considering diffraction used in tunnel engineering,2024,Bulletin of Engineering Geology and the Environment,article,S5a_title_task_no_ML,0,Xn,excluded: no ML or DL component,,0
m929,https://openalex.org/W4387451791,10.1016/j.jlp.2023.105183,Research on feature vector construction and classification recognition of typical mine microseismic waveforms,2023,Journal of Loss Prevention in the Process Industries,article,S5a_title_task_no_ML,0,Xa,"excluded: insufficient information (conference abstract, or no abstract and no method named in the title)",,0
m930,https://openalex.org/W4385458207,10.26599/jic.2023.9180016,Microseismic Source Location Based on Improved Artificial Bee Colony Algorithm: Performance Analysis and Case Study,2023,Journal of Intelligent Construction,article,S5a_title_task_no_ML,1,Xn,excluded: no ML or DL component,,0
m931,https://openalex.org/W4395073225,10.3390/geosciences14050114,Thousands of Induced Earthquakes per Month in West Texas Detected Using EQCCT,2024,Geosciences,article,S5a_title_task_no_ML,1,Xm,excluded: other sensing modality or regional networks only,,0
m932,https://openalex.org/W4413976548,10.1016/j.ijmst.2025.07.007,Identification of regionalized multiscale microseismic characteristics and rock failure mechanisms under deep mining conditions,2025,International Journal of Mining Science and Technology,article,S5a_title_task_no_ML,1,Xt,excluded: task out of scope,,0
m933,https://openalex.org/W4256595826,10.15530/urtec-2015-2153641,Microseismic Event Location Using Multiple Arrivals: Demonstration of Uncertainty Reduction,2015,,conference-paper,S5a_title_task_no_ML,1,Xn,excluded: no ML or DL component,,0
m934,https://openalex.org/W2435264690,10.1016/j.pepi.2016.06.003,Calibrating one-dimensional velocity model for downhole microseismic monitoring using station-pair differential arrival times based on the differential evolution method,2016,Physics of The Earth and Planetary Interiors,article,S5a_title_task_no_ML,0,Xn,excluded: no ML or DL component,,0
m935,https://openalex.org/W4412894005,10.1007/s42461-025-01322-0,Microseismic Source Location Method and Microseismic Event Source Parameter Characteristic Analysis for Surface Microseismic System,2025,Mining Metallurgy & Exploration,article,S5a_title_task_no_ML,0,Xn,excluded: no ML or DL component,,0
m936,https://openalex.org/W2900104711,10.1016/j.tecto.2018.11.003,Detection of microearthquakes and identification of their causative structures in the eastern offshore region of South Korea,2018,Tectonophysics,article,S5a_title_task_no_ML,0,Xs,excluded: setting out of scope,,0
m937,https://openalex.org/W4409082421,10.1016/j.ijrmms.2025.106103,Multitask intelligent early warning of rockbursts based on classification-regression cascaded network model,2025,International Journal of Rock Mechanics and Mining Sciences,article,"S5a_title_task_no_ML; S5c_mining_seismicity_terms",0,Xt,excluded: task out of scope,,0
m938,https://openalex.org/W4399369824,10.1088/1361-6501/ad545d,Localization for surface microseismic monitoring based on arrival time correction and VFOM,2024,Measurement Science and Technology,article,S5a_title_task_no_ML,1,Xn,excluded: no ML or DL component,,0
m939,https://openalex.org/W4407597117,10.1016/j.measurement.2025.117034,Microseismic/acoustic emission sources localization method using improved search algorithm for multiple media and irregular complex structures,2025,Measurement,article,S5a_title_task_no_ML,0,Xn,excluded: no ML or DL component,,0
m940,https://openalex.org/W4389640302,10.1016/j.jappgeo.2023.105267,Multi-master event waveform stacking microseismic location method based on time-frequency transformation,2023,Journal of Applied Geophysics,article,S5a_title_task_no_ML,0,Xn,excluded: no ML or DL component,,0
m941,https://openalex.org/W3130750666,10.1016/j.petrol.2021.108547,Locating microseismic events using multiplicative time reversal imaging based on decoupled wavefields in 2D VTI media: Theoretical and synthetic cases studies,2021,Journal of Petroleum Science and Engineering,article,S5a_title_task_no_ML,0,Xn,excluded: no ML or DL component,,0
m942,https://openalex.org/W3159896331,10.1109/access.2021.3076874,Microseismic Source Location Estimation Using Reverse Double-Difference Time Imaging,2021,IEEE Access,article,S5a_title_task_no_ML,1,Xn,excluded: no ML or DL component,,0
m943,https://openalex.org/W4206515753,10.1016/j.petrol.2022.110169,Classification and evaluation for stimulated reservoir volume (SRV) estimation models using microseismic events based on three typical grid structures,2022,Journal of Petroleum Science and Engineering,article,S5a_title_task_no_ML,0,Xt,excluded: task out of scope,,0
m944,https://openalex.org/W4319595614,10.3390/math11040838,Rockburst Intensity Classification Prediction Based on Multi-Model Ensemble Learning Algorithms,2023,Mathematics,article,"S5a_title_task_no_ML; S5c_mining_seismicity_terms",1,Xt,excluded: task out of scope,,0
m945,https://openalex.org/W2490920951,10.1007/s10950-016-9597-1,Real-time envelope cross-correlation detector: application to induced seismicity in the Insheim and Landau deep geothermal reservoirs,2016,Journal of Seismology,article,S5a_title_task_no_ML,0,Xn,excluded: no ML or DL component,,0
m946,https://openalex.org/W2907951190,10.1007/s12517-018-4172-4,Coal mine microseismic velocity model inversion based on first arrival time difference,2018,Arabian Journal of Geosciences,article,S5a_title_task_no_ML,0,Xn,excluded: no ML or DL component,,0
m947,https://openalex.org/W4392967609,10.1016/j.jseaes.2024.106123,"Three-dimensional VP, VS, and VP/VS imaging based on AI microseismic detection reveals the mechanism of induced earthquakes in the Xiluodu Reservoir Area, China",2024,Journal of Asian Earth Sciences,article,S5a_title_task_no_ML,1,Xt,excluded: task out of scope,,0
m948,https://openalex.org/W3039347225,10.1190/tle39070505.1,Automating event location monitoring for induced seismicity,2020,The Leading Edge,article,S5a_title_task_no_ML,1,Xn,excluded: no ML or DL component,,0
m949,https://openalex.org/W3021343839,10.1016/j.jvolgeores.2020.106867,A real-time microearthquakes-detector based on voice activity detection and endpoint detection: An approach to Cotopaxi Volcano,2020,Journal of Volcanology and Geothermal Research,article,S5a_title_task_no_ML,0,Xs,excluded: setting out of scope,,0
m950,https://openalex.org/W2890217311,10.1785/0220180127,Searching for Induced Seismicity at Punggye‐ri Nuclear Test Site Using Subspace Detectors,2018,Seismological Research Letters,article,S5a_title_task_no_ML,1,Xs,excluded: setting out of scope,,0
m951,https://openalex.org/W2901933988,10.1093/gji/ggy482,Relative source location using a local equivalent path strategy for surface microseismic monitoring,2018,Geophysical Journal International,article,S5a_title_task_no_ML,1,Xn,excluded: no ML or DL component,,0
m952,https://openalex.org/W7123546247,10.1016/j.aiig.2026.100188,An FCM-based microseismic phase arrival picking method and application,2026,Artificial Intelligence in Geosciences,article,S5a_title_task_no_ML,1,I,included,,1
m953,https://openalex.org/W3203258626,10.1016/j.measurement.2021.110197,Dynamic-transmission-based recursive filtering algorithm for microseismic event detection under sensor saturations,2021,Measurement,article,S5a_title_task_no_ML,0,Xn,excluded: no ML or DL component,,0
m954,https://openalex.org/W4408226256,10.1029/2024jb029526,Stratigraphy‐Induced Localization of Microseismicity During CO 2 Injection in Illinois Basin,2025,Journal of Geophysical Research Solid Earth,article,S5a_title_task_no_ML,1,Xn,excluded: no ML or DL component,,0
m955,https://openalex.org/W4248676580,10.1002/essoar.10503048.1,Injection-induced earthquakes on complex fault zones of the Raton Basin illuminated by machine-learning phase picker and dense nodal array,2020,,preprint,S5a_title_task_no_ML,1,Xd,collapsed: second report of an included study,m804,0
m956,https://openalex.org/W2596039740,10.3997/2214-4609.201600909,Advantages of Probabilistic Approach to Microseismic Events Location - A Case Study from Northern Poland,2016,78th EAGE Conference and Exhibition 2016,conference-paper,S5a_title_task_no_ML,1,Xn,excluded: no ML or DL component,,0
m957,https://openalex.org/W3090394361,10.1007/s11600-020-00488-z,A migration-based location method using improved waveform stacking for microseismic events in a borehole system,2020,Acta Geophysica,article,S5a_title_task_no_ML,0,Xn,excluded: no ML or DL component,,0
m958,https://openalex.org/W4313649858,10.1007/s00603-022-03206-x,"Application of Data Analysis Techniques to Identify Rockburst Mechanisms, Triggers, and Contributing Factors in Cave Mining",2023,Rock Mechanics and Rock Engineering,article,S5a_title_task_no_ML,0,Xt,excluded: task out of scope,,0
m959,https://openalex.org/W4406253437,10.1007/s00603-024-04371-x,Prediction of Coal Burst Location and Risk Level in Roadway Using XGBoost with Multi-element Microseismic Information and Its Application in Steeply Inclined Ultra-Thick Coal Seam,2025,Rock Mechanics and Rock Engineering,article,S5a_title_task_no_ML,0,Xt,excluded: task out of scope,,0
m960,https://openalex.org/W2931833375,10.5194/npg-2019-11,Technique for solving for microseismic source location parameters based on adaptive particle swarm optimization,2019,,preprint,S5a_title_task_no_ML,1,Xn,excluded: no ML or DL component,,0
m961,https://openalex.org/W4393157826,10.1002/esp.5824,Automated extraction of mining‐induced ground fissures using deep learning and object‐based image classification,2024,Earth Surface Processes and Landforms,article,S5a_title_task_no_ML,1,Xm,excluded: other sensing modality or regional networks only,,0
m962,https://openalex.org/W4296970260,10.1016/j.ijrmms.2022.105225,A multi-index evaluation method for rockburst proneness of deep underground rock openings with attribute recognition model and its application,2022,International Journal of Rock Mechanics and Mining Sciences,article,"S5a_title_task_no_ML; S5c_mining_seismicity_terms",0,Xt,excluded: task out of scope,,0
m963,https://openalex.org/W2985751700,10.1121/1.5131235,Geoacoustic inversion of the acoustic-pressure vertical phase gradient from a single vector sensor,2019,The Journal of the Acoustical Society of America,article,S5a_title_task_no_ML,1,Xs,excluded: setting out of scope,,0
m964,https://openalex.org/W4415407569,10.1007/s00603-025-05006-5,Adaptive Classification Model Based on Dynamic Variations in Microseismic Signal Characteristics,2025,Rock Mechanics and Rock Engineering,article,S5a_title_task_no_ML,0,I,included,,1
m965,https://openalex.org/W3216036998,10.1016/j.jvolgeores.2021.107439,Detection of volcanic microearthquakes based on homomorphic deconvolution and STA/LTA,2021,Journal of Volcanology and Geothermal Research,article,S5a_title_task_no_ML,0,Xs,excluded: setting out of scope,,0
m966,https://openalex.org/W2967457040,10.1190/segam2019-3215089.1,A fuzzy c-means assisted AIC workflow for arrival picking on downhole microseismic data,2019,,conference-paper,S5a_title_task_no_ML,1,I,included,,1
m967,https://openalex.org/W3184655170,10.1016/j.measurement.2021.109883,Automatic identification model of micro-earthquakes and blasting events in Laohutai coal mine based on the measurement of source parameter difference,2021,Measurement,article,S5a_title_task_no_ML,0,Xn,excluded: no ML or DL component,,0
m968,https://openalex.org/W4386495304,10.56952/arma-2023-0797,Automated Microseismic Event Detection for Downhole Distributed Acoustic Sensing Data Processing,2023,,conference-paper,S5a_title_task_no_ML,1,I,included,,1
m969,https://openalex.org/W3209394574,10.1190/geo2021-0182.1,Transdimensional simultaneous inversion of velocity structure and event locations in downhole microseismic monitoring,2021,Geophysics,article,S5a_title_task_no_ML,1,Xn,excluded: no ML or DL component,,0
m970,https://openalex.org/W4387623817,10.1109/tgrs.2023.3324506,Automatic Classification of Microseismic Events With Similar Features and Noise Interference Using RSREL-Stacking,2023,IEEE Transactions on Geoscience and Remote Sensing,article,"S5a_title_task_no_ML; S5c_mining_seismicity_terms",1,I,included,,1
m971,https://openalex.org/W2891030170,10.1190/segam2018-2995852.1,Parameter tuning of differential evolution algorithm for microseismic location,2018,,conference-paper,S5a_title_task_no_ML,1,Xn,excluded: no ML or DL component,,0
m972,https://openalex.org/W2751862537,,Grid-search method on micro-seismic source fast location based on DIRECT algorithm,2016,Diqiu Wulixue Jinzhan,article,S5a_title_task_no_ML,0,Xn,excluded: no ML or DL component,,0
m973,https://openalex.org/W3122698554,10.3390/app11030982,Microseismic Location Error Due to Eikonal Traveltime Calculation,2021,Applied Sciences,article,S5a_title_task_no_ML,1,Xn,excluded: no ML or DL component,,0
m974,https://openalex.org/W4382299530,10.3389/feart.2023.1169877,Micro-seismic events detection and its tectonic implications in Northeastern Hainan Province,2023,Frontiers in Earth Science,article,S5a_title_task_no_ML,1,Xs,excluded: setting out of scope,,0
m975,https://openalex.org/W3029072104,10.1155/2020/6717128,Identification of Microseismic Signals Based on Multiscale Singular Spectrum Entropy,2020,Shock and Vibration,article,"S5a_title_task_no_ML; S5c_mining_seismicity_terms",1,I,included,,1
m976,https://openalex.org/W4401599084,10.1016/j.pepi.2024.107245,"Microseismicity detection and spatial-temporal migration in the Xinfengjiang reservoir, Guangdong, China",2024,Physics of The Earth and Planetary Interiors,article,S5a_title_task_no_ML,0,Xa,"excluded: insufficient information (conference abstract, or no abstract and no method named in the title)",,0
m977,https://openalex.org/W2593984040,10.1016/j.ijggc.2017.02.010,A methodology to detect and locate low-permeability faults to reduce the risk of inducing seismicity of fluid injection operations in deep saline formations,2017,International journal of greenhouse gas control,article,S5a_title_task_no_ML,0,Xt,excluded: task out of scope,,0
m978,https://openalex.org/W4321613292,10.1007/s10064-023-03111-9,"Automatic identification of mining-induced subsidence using deep convolutional networks based on time-series InSAR data: a case study of Huodong mining area in Shanxi Province, China",2023,Bulletin of Engineering Geology and the Environment,article,S5a_title_task_no_ML,0,Xm,excluded: other sensing modality or regional networks only,,0
m979,https://openalex.org/W4224057419,10.1007/s10064-022-02658-3,Application of borehole camera technology in the identification of an instantaneous strain-structural-plane slip rockburst,2022,Bulletin of Engineering Geology and the Environment,article,S5a_title_task_no_ML,0,Xm,excluded: other sensing modality or regional networks only,,0
m980,https://openalex.org/W3094608494,10.1007/s11771-020-4493-9,Locating microseismic sources based upon L-shaped single-component geophone array: A synthetic study,2020,Journal of Central South University,article,S5a_title_task_no_ML,0,Xn,excluded: no ML or DL component,,0
m981,https://openalex.org/W4388658387,10.1007/s00521-023-09189-2,Hybridized intelligent multi-class classifiers for rockburst risk assessment in deep underground mines,2023,Neural Computing and Applications,article,S5a_title_task_no_ML,0,Xt,excluded: task out of scope,,0
m982,https://openalex.org/W3097917378,10.5194/gi-10-91-2021,Design and implementation of the detection software of a wireless microseismic acquisition station based on the Android platform,2021,"Geoscientific instrumentation, methods and data systems",article,S5a_title_task_no_ML,1,Xn,excluded: no ML or DL component,,0
m983,https://openalex.org/W4308030961,10.1016/j.psep.2022.10.059,Poset-based risk identification method for rockburst-induced coal and gas outburst,2022,Process Safety and Environmental Protection,article,S5a_title_task_no_ML,0,Xt,excluded: task out of scope,,0
m984,https://openalex.org/W4377237991,10.1190/geo2022-0455.1,Gaussian-weighted crosscorrelation imaging condition for microseismic source localization,2023,Geophysics,article,S5a_title_task_no_ML,1,Xn,excluded: no ML or DL component,,0
m985,https://openalex.org/W2744026732,,Parameter identification modeling of microseismic signals and Kalman filtering,2016,Diqiu Wulixue Jinzhan,article,S5a_title_task_no_ML,0,Xn,excluded: no ML or DL component,,0
m986,https://openalex.org/W4399543192,10.1016/j.gsme.2024.05.001,Identifying mining-induced chromium contamination in soil through visible-near infrared spectroscopy and machine learning,2024,Green and Smart Mining Engineering,article,S5a_title_task_no_ML,1,Xs,excluded: setting out of scope,,0
m987,https://openalex.org/W3164654322,10.1785/0220210068,CCLoc—An Improved Interferometric Seismic Event Location Algorithm Applied to Induced Seismicity,2021,Seismological Research Letters,article,S5a_title_task_no_ML,1,Xn,excluded: no ML or DL component,,0
m988,https://openalex.org/W4321374880,10.3390/app13042619,Automatic Identification System for Rock Microseismic Signals Based on Signal Eigenvalues,2023,Applied Sciences,article,S5a_title_task_no_ML,1,I,included,,1
m989,https://openalex.org/W3094169091,10.3390/app10207205,High-Accuracy Location of Microseismic Events in a Strong Inhomogeneous Mining Environment by Optimized Global Full Waveform Inversion,2020,Applied Sciences,article,S5a_title_task_no_ML,1,Xn,excluded: no ML or DL component,,0
m990,https://openalex.org/W4254644335,10.21311/001.39.5.01,High Precision Microseismic Source Localization Algorithm,2016,Revista Tecnica De La Facultad De Ingenieria Universidad Del Zulia,article,S5a_title_task_no_ML,0,Xn,excluded: no ML or DL component,,0
m991,https://openalex.org/W4308526452,10.1016/j.ijrmms.2022.105254,Detection of hidden mining-induced ground fissures via unmanned aerial vehicle infrared system and ground-penetrating radar,2022,International Journal of Rock Mechanics and Mining Sciences,article,S5a_title_task_no_ML,0,Xm,excluded: other sensing modality or regional networks only,,0
m992,https://openalex.org/W1976111801,10.1121/1.4916887,Change-point detection for recursive Bayesian geoacoustic inversions,2015,The Journal of the Acoustical Society of America,article,S5a_title_task_no_ML,1,Xs,excluded: setting out of scope,,0
m993,https://openalex.org/W2898221307,10.1111/1365-2478.12714,First‐break picking for microseismic data based on cascading use of Shearlet and Stockwell transforms,2018,Geophysical Prospecting,article,S5a_title_task_no_ML,1,Xn,excluded: no ML or DL component,,0
m994,https://openalex.org/W2616474409,10.1007/978-3-319-53487-9_13,Classification of Microseismic Activity in an Unstable Rock Cliff,2017,,conference-paper,S5a_title_task_no_ML,0,Xn,excluded: no ML or DL component,,0
m995,https://openalex.org/W3036628298,10.1109/icet49382.2020.9119585,Feature Extraction and Classification Method of Mine Microseismic Signals Based on CEEMDAN_SE,2020,2020 IEEE 3rd International Conference on Electronics Technology (ICET),conference-paper,S5a_title_task_no_ML,1,I,included,,1
m996,https://openalex.org/W2336230689,10.14288/1.0076078,"A Bayesian change point model to detect changes in event occurrence rates, with application to induced seismicity",2015,cIRcle (University of British Columbia),conference-paper,S5a_title_task_no_ML,1,Xn,excluded: no ML or DL component,,0
m997,https://openalex.org/W4414266712,10.1063/5.0285626,Concealed structure identification by mining-induced strata behavior based on microseismic monitoring,2025,Physics of Fluids,article,S5a_title_task_no_ML,1,Xn,excluded: no ML or DL component,,0
m998,https://openalex.org/W4399736032,10.3390/app14125209,Machine Learning-Based Classification of Rock Bursts in an Active Coal Mine Dominated by Non-Destructive Tremors,2024,Applied Sciences,article,"S5a_title_task_no_ML; S5c_mining_seismicity_terms",1,Xt,excluded: task out of scope,,0
m999,https://openalex.org/W4411962803,10.1080/10589759.2025.2527223,Location method of microseismic source and its engineering application: anisotropic velocity model and local optimization,2025,Nondestructive Testing And Evaluation,article,S5a_title_task_no_ML,1,I,included,,1
m1000,https://openalex.org/W4410210022,10.1785/0320250004,"An Enhanced Focal Mechanism Catalog of Induced Earthquakes in Weiyuan, Sichuan, from Dense Array Data and a Multitask Deep Learning Model",2025,The Seismic Record,article,S5a_title_task_no_ML,1,Xt,excluded: task out of scope,,0
m1001,https://openalex.org/W4381849522,10.1029/2022jb025879,Characterizing Seismogenic Fault Structures of the Lake Pertusillo Reservoir Induced Seismicity (Southern Italy) Using a Relocated Template‐Matching Catalog,2023,Journal of Geophysical Research Solid Earth,article,S5a_title_task_no_ML,1,Xn,excluded: no ML or DL component,,0
m1002,https://openalex.org/W4406617701,10.1016/j.tust.2025.106366,Enhancing convergence speed and accuracy of virtual field optimization method for microseismic source location in tunnels,2025,Tunnelling and Underground Space Technology,article,S5a_title_task_no_ML,0,Xn,excluded: no ML or DL component,,0
m1003,https://openalex.org/W2800506364,,Improving a Deep Metal Mining-Induced-Seismicity Catalog Using Numerical Optimization,2017,51st U.S. Rock Mechanics/Geomechanics Symposium,conference-paper,S5a_title_task_no_ML,0,Xn,excluded: no ML or DL component,,0
m1004,https://openalex.org/W2554537547,10.15530/urtec-2016-2461172,Identifying Re-Stimulation Effectiveness by Utilizing Microseismic Attributes,2016,,conference-paper,S5a_title_task_no_ML,0,Xt,excluded: task out of scope,,0
m1005,https://openalex.org/W2599047856,10.1002/2016gl072266,Bayesian identification of multiple seismic change points and varying seismic rates caused by induced seismicity,2017,Geophysical Research Letters,article,S5a_title_task_no_ML,1,Xn,excluded: no ML or DL component,,0
m1006,https://openalex.org/W3197011505,10.3390/s21175815,Microseismic P-Wave Travel Time Computation and 3D Localization Based on a 3D High-Order Fast Marching Method,2021,Sensors,article,S5a_title_task_no_ML,1,Xn,excluded: no ML or DL component,,0
m1007,https://openalex.org/W4400457386,10.1190/geo2023-0395.1,Research on the classification of complex noise-mixed microseismic events based on machine vision,2024,Geophysics,article,"S5a_title_task_no_ML; S5c_mining_seismicity_terms",1,I,included,,1
m1008,https://openalex.org/W4405530434,10.1007/s00603-024-04305-7,Bayesian Microseismic Localization Method Based on the Maximum Entropy Hamiltonian Monte Carlo Markov Chain Approach,2024,Rock Mechanics and Rock Engineering,article,S5a_title_task_no_ML,0,Xn,excluded: no ML or DL component,,0
m1009,https://openalex.org/W4406171958,10.1007/s11770-024-1165-9,Analysis of factors influencing microseismic detection and location in shale gas extraction areas of western Hubei,2025,Applied Geophysics,article,S5a_title_task_no_ML,0,Xn,excluded: no ML or DL component,,0
m1010,https://openalex.org/W4415986284,10.1007/s11771-025-6059-3,Microseismic source location based on multi-sensor arrays and particle swarm optimization algorithm,2025,Journal of Central South University,article,S5a_title_task_no_ML,0,Xn,excluded: no ML or DL component,,0
m1011,https://openalex.org/W2745672890,10.1190/segam2017-17730445.1,Estimation of passive microseismic event location using random sampling-based curve fitting,2017,,conference-paper,S5a_title_task_no_ML,1,Xn,excluded: no ML or DL component,,0
m1012,https://openalex.org/W4400950081,10.1063/5.0219409,Identification and prediction method for acoustic emission and electromagnetic radiation signals of rock burst based on deep learning,2024,Physics of Fluids,article,"S5a_title_task_no_ML; S5c_mining_seismicity_terms",1,Xm,excluded: other sensing modality or regional networks only,,0
m1013,https://openalex.org/W4200307332,10.1111/1365-2478.13175,Comparison of hypocentre locations from the reprocessing of a downhole microseismic dataset,2021,Geophysical Prospecting,article,S5a_title_task_no_ML,1,Xn,excluded: no ML or DL component,,0
m1014,https://openalex.org/W2607769054,,Effects of a Three-Dimensional Velocity Structure on the Locations of Coal Mining-Induced Seismicity,2016,50th U.S. Rock Mechanics/Geomechanics Symposium,conference-paper,S5a_title_task_no_ML,0,Xn,excluded: no ML or DL component,,0
m1015,https://openalex.org/W2556852348,10.1016/j.geothermics.2016.05.003,Fluid injection in Enhanced Geothermal Systems: a study on the detectability of self-potential effects and on their correlation with induced seismicity,2016,Geothermics,article,S5a_title_task_no_ML,0,Xs,excluded: setting out of scope,,0
m1016,https://openalex.org/W4280531647,10.3390/en15103504,"Monitoring the Microseismicity through a Dense Seismic Array and a Similarity Search Detection Technique: Application to the Seismic Monitoring of Collalto Gas-Storage, North Italy",2022,Energies,article,S5a_title_task_no_ML,1,Xn,excluded: no ML or DL component,,0
m1017,https://openalex.org/W4412951450,10.1007/s00603-025-04812-1,Research on the Method of First Arrival Time Picking of Microseismic Signals and Inverse Location Based on Underground Water-Sealed Oil Reservoir,2025,Rock Mechanics and Rock Engineering,article,S5a_title_task_no_ML,0,Xn,excluded: no ML or DL component,,0
m1018,https://openalex.org/W4390872113,10.1109/access.2024.3354717,Volcanic Micro-Earthquake Classification With Spectral Manifolds in Low-Dimensional Latent Spaces,2024,IEEE Access,article,S5a_title_task_no_ML,1,Xs,excluded: setting out of scope,,0
m1019,https://openalex.org/W2885756577,10.1007/s13137-018-0108-0,Algorithm of micro-seismic source localization based on asymptotic probability distribution of phase difference between two random stationary Gaussian processes,2018,GEM - International Journal on Geomathematics,article,S5a_title_task_no_ML,0,Xn,excluded: no ML or DL component,,0
m1020,https://openalex.org/W4295539233,10.3390/math10183276,Rock Burst Intensity Classification Prediction Model Based on a Bayesian Hyperparameter Optimization Support Vector Machine,2022,Mathematics,article,"S5a_title_task_no_ML; S5c_mining_seismicity_terms",1,Xt,excluded: task out of scope,,0
m1021,https://openalex.org/W4399475314,10.1007/s10064-024-03774-y,A three-step rockburst prediction model based on data preprocessing combined with clustering and classification algorithms,2024,Bulletin of Engineering Geology and the Environment,article,"S5a_title_task_no_ML; S5c_mining_seismicity_terms",0,Xt,excluded: task out of scope,,0
m1022,https://openalex.org/W4405656744,10.1007/s12145-024-01596-w,Classification forecasting research of rock burst intensity based on the BO-XGBoost-Cloud model,2024,Earth Science Informatics,article,"S5a_title_task_no_ML; S5c_mining_seismicity_terms",0,Xt,excluded: task out of scope,,0
m1023,https://openalex.org/W2202024637,10.15530/urtec-2015-2149949,Use of Automatic Moment Tensor Inversion in Real Time Microseismic Imaging,2015,,conference-paper,S5a_title_task_no_ML,0,Xt,excluded: task out of scope,,0
m1024,https://openalex.org/W2903677880,10.30730/2541-8912.2018.2.4.409-418,Method to form a geophysical signals catalog based on geoacoustic emission signals,2018,Geosystems of Transition Zones,article,S5a_title_task_no_ML,0,Xs,excluded: setting out of scope,,0
m1025,https://openalex.org/W3035471900,,"Microseismic Analysis to Identify Stress Redistribution and Minimize Rockburst in DMLZ Cave Abutment, PT Freeport Indonesia",2019,5th ISRM Young Scholars' Symposium on Rock Mechanics and International Symposium on Rock Engineering for Innovative Future,conference-paper,S5a_title_task_no_ML,0,Xt,excluded: task out of scope,,0
m1026,https://openalex.org/W7123472485,10.1016/j.enggeo.2026.108561,Identification of fracture mechanisms and potential instability modes in high-steep rock slopes using microseismic moment tensors: a case study,2026,Engineering Geology,article,S5a_title_task_no_ML,0,Xt,excluded: task out of scope,,0
m1027,https://openalex.org/W3177527674,,Downhole microseismic signal recognition and extraction based on sparse distribution features,2016,Chinese Journal of Geophysics,article,S5a_title_task_no_ML,0,Xa,"excluded: insufficient information (conference abstract, or no abstract and no method named in the title)",,0
m1028,https://openalex.org/W4386325717,10.1190/geo2023-0238.1,Evaluating the effects of velocity models and array configuration on induced seismic event locations in the Permian Basin,2023,Geophysics,article,S5a_title_task_no_ML,1,Xn,excluded: no ML or DL component,,0
m1029,https://openalex.org/W4410066910,10.1016/j.ijrmms.2025.106144,Identifying different classes of geoacoustic events using machine learning,2025,International Journal of Rock Mechanics and Mining Sciences,article,"S5a_title_task_no_ML; S5c_mining_seismicity_terms",0,I,included,,1
m1030,https://openalex.org/W2275323376,10.4430/bgta0153,Fault population recognition through microseismicity in Mygdonia region (northern Greece),2015,Bollettino di geofisica teorica ed applicata,article,S5a_title_task_no_ML,1,Xs,excluded: setting out of scope,,0
m1031,https://openalex.org/W4296360188,10.3390/math10183382,Bagged Ensemble of Gaussian Process Classifiers for Assessing Rockburst Damage Potential with an Imbalanced Dataset,2022,Mathematics,article,S5a_title_task_no_ML,1,Xt,excluded: task out of scope,,0
m1032,https://openalex.org/W4391818070,10.1007/s12583-024-1968-x,Identification and Characteristics Analysis of Micro-Seismic Signals in the Haima Seep Area,2024,Journal of Earth Science,article,S5a_title_task_no_ML,0,Xs,excluded: setting out of scope,,0
m1033,https://openalex.org/W4388071493,10.1190/geo2023-0359.1,Microseismic event locations and source mechanisms using dominant guided waves recorded in an underground potash mine,2023,Geophysics,article,S5a_title_task_no_ML,1,Xn,excluded: no ML or DL component,,0
m1034,https://openalex.org/W4397030565,10.1016/j.compgeo.2024.106440,A novel identification model for rock burst grades-taking Jinping II hydropower station hub engineering as an example,2024,Computers and Geotechnics,article,"S5a_title_task_no_ML; S5c_mining_seismicity_terms",0,Xt,excluded: task out of scope,,0
m1035,https://openalex.org/W3196189469,10.1016/j.erss.2021.102247,Induced seismicity or political ploy?: Using a novel mix of methods to identify multiple publics and track responses over time to shale gas policy change,2021,Energy Research & Social Science,article,S5a_title_task_no_ML,0,Xs,excluded: setting out of scope,,0
m1036,https://openalex.org/W4391557479,10.1016/j.ijrmms.2024.105657,Determination of rockburst reduction coefficient β A in the modified rock mass classification system for TBM tunnels and tunneling,2024,International Journal of Rock Mechanics and Mining Sciences,article,S5a_title_task_no_ML,0,Xt,excluded: task out of scope,,0
m1037,https://openalex.org/W2620430633,10.3997/2214-4609.201700745,Mathematical Morphological Decomposition for Weak Signal Detection in Micro-seismic Monitoring,2017,Proceedings,conference-paper,S5a_title_task_no_ML,1,Xn,excluded: no ML or DL component,,0
m1038,https://openalex.org/W2625439057,10.3997/1365-2397.33.7.81784,Utilizing source mechanism and microseismic event location to identify faults in real-time using wireless seismic recording systems – an Eagle Ford case study,2015,First Break,article,S5a_title_task_no_ML,1,Xn,excluded: no ML or DL component,,0
m1039,https://openalex.org/W4399496104,10.3390/rs16122090,An Automated Approach for Mapping Mining-Induced Fissures Using CNNs and UAS Photogrammetry,2024,Remote Sensing,article,S5a_title_task_no_ML,1,Xm,excluded: other sensing modality or regional networks only,,0
m1040,https://openalex.org/W4293060165,10.1155/2022/4673073,Classification Prediction of Rockburst in Railway Tunnel Based on Hybrid PSO-BP Neural Network,2022,Geofluids,article,"S5a_title_task_no_ML; S5c_mining_seismicity_terms",1,Xt,excluded: task out of scope,,0
m1041,https://openalex.org/W3207507489,10.1038/s41598-021-00047-6,Analysis of the 2016–2018 fluid-injection induced seismicity in the High Agri Valley (Southern Italy) from improved detections using template matching,2021,Scientific Reports,article,S5a_title_task_no_ML,1,Xn,excluded: no ML or DL component,,0
m1042,https://openalex.org/W4413920426,10.1016/j.eqs.2025.06.004,Performance evaluation of the waveform stacking-based microseismic location method in the southern Sichuan Basin of China,2025,地震学报：英文版,article,S5a_title_task_no_ML,1,Xn,excluded: no ML or DL component,,0
m1043,https://openalex.org/W3091910750,10.1007/978-3-030-60269-7_2,"Mining-Induced Land Subsidence Detection by Persistent Scatterer InSAR and Sentinel-1: Application to Phugiao Quarries, Vietnam",2020,Lecture notes in civil engineering,conference-paper,S5a_title_task_no_ML,0,Xm,excluded: other sensing modality or regional networks only,,0
m1044,https://openalex.org/W4313415886,10.30686/1609-9192-2022-6-95-102,Factors of seismic behavior change and localization of hazardous zones under a large-scale mining-induced impact,2022,Mining Industry Journal (Gornay Promishlennost),article,S5a_title_task_no_ML,1,Xn,excluded: no ML or DL component,,0
m1045,https://openalex.org/W7161183222,10.1016/j.tafmec.2026.105677,Assessment of rockburst proneness in thermally-damaged fractured granite: a quantitative analysis of energy evolution and strain localization intensity,2026,Theoretical and Applied Fracture Mechanics,article,S5a_title_task_no_ML,0,Xs,excluded: setting out of scope,,0
m1046,https://openalex.org/W4404603252,10.3389/feart.2024.1482158,Research on microseismic source location based on time quality constraints,2024,Frontiers in Earth Science,article,S5a_title_task_no_ML,1,I,included,,1
m1047,https://openalex.org/W4297369679,10.3389/feart.2022.959232,Regional prediction and prevention analysis of rockburst hazard based on the Gaussian process for binary classification,2022,Frontiers in Earth Science,article,"S5a_title_task_no_ML; S5c_mining_seismicity_terms",1,Xt,excluded: task out of scope,,0
m1048,https://openalex.org/W4254203032,10.5194/gi-2020-36,Design and Implementation of the Detection Software of Wireless Microseismic Acquisition Station Based on Android Platform,2020,,preprint,S5a_title_task_no_ML,1,Xn,excluded: no ML or DL component,,0
m1049,https://openalex.org/W4415602209,10.1016/j.tust.2025.107197,Microseismic source localization in tunnels under seepage conditions: an optimized approach using NFBG sensors and the GWO-SA hybrid algorithm,2025,Tunnelling and Underground Space Technology,article,S5a_title_task_no_ML,0,Xn,excluded: no ML or DL component,,0
m1050,https://openalex.org/W4313908281,10.1088/1755-1315/1124/1/012102,Predicting rockburst damage scale in seismically active mines using a classifier ensemble approach,2023,IOP Conference Series Earth and Environmental Science,conference-paper,S5a_title_task_no_ML,1,Xt,excluded: task out of scope,,0
m1051,https://openalex.org/W2747241181,,Identifying the development of mining-induced fractures zone using dynamic stress tracing method,2016,,article,S5a_title_task_no_ML,0,Xt,excluded: task out of scope,,0
m1052,https://openalex.org/W4224911354,10.1016/j.jappgeo.2022.104642,A hybrid workflow for updating 1D velocity model and microseismic event location,2022,Journal of Applied Geophysics,article,S5a_title_task_no_ML,0,Xn,excluded: no ML or DL component,,0
m1053,https://openalex.org/W3134638006,10.18517/ijaseit.11.1.10589,Identification of Micro-Earthquake Hypocenters using Geiger and Coupled Velocity-Hypocenters Methods,2021,International Journal on Advanced Science Engineering and Information Technology,article,S5a_title_task_no_ML,1,Xn,excluded: no ML or DL component,,0
m1054,https://openalex.org/W7118730954,10.1016/j.jappgeo.2026.106093,Automated microseismic classification in deep coal seams: Application to stress redistribution and fault reactivation in the Dongtan coal mine,2026,Journal of Applied Geophysics,article,S5a_title_task_no_ML,0,I,included,,1
m1055,https://openalex.org/W4398168690,10.22541/essoar.171629597.77744897/v1,Stratigraphy-Induced Localization of Microseismicity During CO2 Injection in Illinois Basin,2024,,preprint,S5a_title_task_no_ML,1,Xn,excluded: no ML or DL component,,0
m1056,https://openalex.org/W4403609228,10.1007/s12583-023-1962-8,Deep Underground Earthquake Observation: Small to Moderate Earthquakes and Microearthquakes Identification,2024,Journal of Earth Science,article,S5a_title_task_no_ML,0,Xs,excluded: setting out of scope,,0
m1057,https://openalex.org/W4389206878,10.3390/electronics12234847,A Clone Selection Algorithm Optimized Support Vector Machine for AETA Geoacoustic Anomaly Detection,2023,Electronics,article,"S5a_title_task_no_ML; S5c_mining_seismicity_terms",1,Xs,excluded: setting out of scope,,0
m1058,https://openalex.org/W7133337362,10.1016/j.tust.2026.107574,Analysis of microseismic evolution law and damage zone detection in oil storage caverns during operational period,2026,Tunnelling and Underground Space Technology,article,S5a_title_task_no_ML,0,Xt,excluded: task out of scope,,0
m1059,https://openalex.org/W2725178829,10.1190/microseismic2017-024,Cross double-difference inversion method for microseismic location and velocity model update,2017,,conference-paper,S5a_title_task_no_ML,1,Xn,excluded: no ML or DL component,,0
m1060,https://openalex.org/W2610132102,10.1088/1755-1315/62/1/012025,Improved Location of Microseismic Events in Borehole Monitoring by Inclusion of Particle Motion Analysis: a Case Study at a CBM Field in Indonesia,2017,IOP Conference Series Earth and Environmental Science,conference-paper,S5a_title_task_no_ML,1,Xn,excluded: no ML or DL component,,0
m1061,https://openalex.org/W3041598374,10.1007/978-981-15-2485-1_66,First Break Picking to Low Signal to Noise Ratio of Microseismic Monitoring Based on the AIC and Characteristic Function: A Case of Gas Shale Fracturing,2020,Springer series in geomechanics and geoengineering,conference-paper,S5a_title_task_no_ML,0,Xn,excluded: no ML or DL component,,0
m1062,https://openalex.org/W2281899071,,Natural or Induced: Identifying Natural and Induced Swarms from Pre-production and Co-production Microseismic Catalogs at the Coso Geothermal Field,2015,,article,S5a_title_task_no_ML,1,Xn,excluded: no ML or DL component,,0
m1063,https://openalex.org/W4401015027,10.3390/rs16152742,Random Forest—Based Identification of Factors Influencing Ground Deformation Due to Mining Seismicity,2024,Remote Sensing,article,S5a_title_task_no_ML,1,Xt,excluded: task out of scope,,0
m1064,https://openalex.org/W2617494336,10.3997/2214-4609.201701259,Propagation of Velocity Uncertainties to Microseismic Locations Using a Competitive Particle Swarm Optimizer,2017,Proceedings,conference-paper,S5a_title_task_no_ML,1,Xn,excluded: no ML or DL component,,0
m1065,https://openalex.org/W4413350830,10.3390/geohazards6030047,Identifying Deep Seismogenic Sources in Southern Piedmont (North-Western Italy) via the New Tool TESLA for Microseismicity Analysis,2025,GeoHazards,article,S5a_title_task_no_ML,1,Xs,excluded: setting out of scope,,0
m1066,https://openalex.org/W4220782783,10.20944/preprints202203.0361.v1,"Monitoring the Microseismicity through a Dense Seismic Array and a Similarity Search Detection Technique: Application to the Gas-Storage Site of Collalto, North Italy",2022,Preprints.org,preprint,S5a_title_task_no_ML,1,Xn,excluded: no ML or DL component,,0
m1067,https://openalex.org/W4247229711,10.1121/1.4920584,Change-point detection for recursive Bayesian geoacoustic inversions,2015,The Journal of the Acoustical Society of America,conference-abstract,S5a_title_task_no_ML,1,Xs,excluded: setting out of scope,,0
m1068,https://openalex.org/W4402075325,10.1007/s42461-024-01055-6,A Novel Dynamic Recognition Method of Rock Burst Precursor Information Based on Adaptive Denoising and Object Detection,2024,Mining Metallurgy & Exploration,article,S5a_title_task_no_ML,0,Xt,excluded: task out of scope,,0
m1069,https://openalex.org/W2750323021,,Energy identification for microseismic and blasting vibration in rock mass within close range,2016,,article,S5a_title_task_no_ML,0,Xa,"excluded: insufficient information (conference abstract, or no abstract and no method named in the title)",,0
m1070,https://openalex.org/W4402553185,10.1007/s00603-024-04164-2,A Method for Coal Mine Seismic Network Detection Capability Calculation Based on Energy,2024,Rock Mechanics and Rock Engineering,article,S5a_title_task_no_ML,0,Xn,excluded: no ML or DL component,,0
m1071,https://openalex.org/W4388671888,10.1111/mice.13126,Geoacoustic and geophysical data‐driven seafloor sediment classification through machine learning algorithms with property‐centered oversampling techniques,2023,Computer-Aided Civil and Infrastructure Engineering,article,"S5a_title_task_no_ML; S5c_mining_seismicity_terms",1,Xs,excluded: setting out of scope,,0
m1072,https://openalex.org/W4322746258,10.1007/978-3-031-20463-0_2,"Mining-Induced Land Subsidence Detected by Persistent Scatterer InSAR: Case Study in Pniówek Coal Mine, Silesian Voivodeship, Poland",2023,Environmental science and engineering,conference-paper,S5a_title_task_no_ML,0,Xm,excluded: other sensing modality or regional networks only,,0
m1073,https://openalex.org/W2523691714,10.1007/s00024-016-1405-x,"The Mechanism of Microearthquakes Related to a Gas Storage Using Differently Constrained Source Models: A Case Study of the Háje Location, Czech Republic",2016,Pure and Applied Geophysics,article,S5a_title_task_no_ML,0,Xt,excluded: task out of scope,,0
m1074,https://openalex.org/W2423954899,10.1007/s00024-016-1326-8,"Detecting Significant Stress Drop Variations in Large Micro-Earthquake Datasets: A Comparison Between a Convergent Step-Over in the San Andreas Fault and the Ventura Thrust Fault System, Southern California",2016,Pure and Applied Geophysics,article,S5a_title_task_no_ML,0,Xt,excluded: task out of scope,,0
m1075,https://openalex.org/W4321511466,10.12962/j27745449.v3i1.439,THE EFFECT OF PICKING UNCERTAINTY WINDOW INTERVAL ON HYPOCENTER MICRO-EARTHQUAKE (MEQ) LOCATION USING GEIGER METHOD,2022,Journal of Marine-Earth Science and Technology,article,S5a_title_task_no_ML,1,Xn,excluded: no ML or DL component,,0
m1076,https://openalex.org/W3167895860,10.1007/s11770-020-0833-7,Time-reverse location of microseismic sources in viscoelastic orthotropic anisotropic medium based on attenuation compensation,2020,Applied Geophysics,article,S5a_title_task_no_ML,0,Xn,excluded: no ML or DL component,,0
m1077,https://openalex.org/W4399496743,10.1785/0320240011,Insights into Temporal Evolution of Induced Earthquakes in the Southern Delaware Basin Using Calibrated Relocations from the TXAR Catalog (2009–2016),2024,The Seismic Record,article,S5a_title_task_no_ML,1,Xn,excluded: no ML or DL component,,0
m1078,https://openalex.org/W2619136711,10.3997/2214-4609.201701261,Microseismic Event Localization via Least-squares Full Waveform Inversion with Group Sparsity Constraints,2017,Proceedings,conference-paper,S5a_title_task_no_ML,1,Xn,excluded: no ML or DL component,,0
m1079,https://openalex.org/W4411619686,10.26599/rsm.2024.9436607,Rock burst intensity grading prediction model based on automatic machine learning,2024,Rock and Soil Mechanics,article,"S5a_title_task_no_ML; S5c_mining_seismicity_terms",1,Xt,excluded: task out of scope,,0
m1080,https://openalex.org/W4402041772,10.1016/j.cageo.2024.105709,"Combining deep neural network and spatio-temporal clustering to automatically assess rockburst and seismic hazard – Case study from Marcel coal mine in Upper Silesian Basin, Poland",2024,Computers & Geosciences,article,S5a_title_task_no_ML,0,Xt,excluded: task out of scope,,0
m1081,https://openalex.org/W4406416154,10.1109/tgrs.2025.3529955,Identification of Weak Microseismic Signals in Hydraulic Fracturing Using 3D-Unet With ASPP Feature Fusion,2025,IEEE Transactions on Geoscience and Remote Sensing,article,S5a_title_task_no_ML,1,I,included,,1
m1082,https://openalex.org/W4415481161,10.1109/jstars.2025.3624231,An Automatic Workflow to Infer Focal Mechanisms of Microearthquakes: Application to Southern Italy,2025,IEEE Journal of Selected Topics in Applied Earth Observations and Remote Sensing,article,S5a_title_task_no_ML,1,Xs,excluded: setting out of scope,,0
m1083,https://openalex.org/W4400894139,10.54097/5xwgxa77,Recognition and Prediction of Precursory Feature Signals of Coal Mine Rock Burst Based on Random Forest and MK Trend Test,2024,Frontiers in Computing and Intelligent Systems,article,"S5a_title_task_no_ML; S5c_mining_seismicity_terms",1,Xt,excluded: task out of scope,,0
m1084,https://openalex.org/W4376141094,10.21203/rs.3.rs-2886562/v1,"A dense microearthquake catalog reveals the complex rupture of the extremely shallow M5.1 Sparta, North Carolina Earthquake",2023,Research Square,preprint,S5a_title_task_no_ML,1,Xs,excluded: setting out of scope,,0
m1085,https://openalex.org/W4400156891,10.1016/j.measurement.2024.115206,Intelligent identification and quantification method of rockburst behavior characteristics based on vision and 3D laser point cloud technology,2024,Measurement,article,S5a_title_task_no_ML,0,Xm,excluded: other sensing modality or regional networks only,,0
m1086,https://openalex.org/W4414366319,10.1016/j.enggeo.2025.108364,"Real-time geological hazard detection ahead of tunnel face using blast-induced seismic signals: A case study in Tashan Tunnel, China",2025,Engineering Geology,article,S5a_title_task_no_ML,0,Xt,excluded: task out of scope,,0
m1087,https://openalex.org/W3012527067,10.1088/1755-1315/440/5/052095,A Study on Enhancing the Accuracy of P Wave Detection based on Double-Filtering Algorithm for Microseismic Signals from Underground Mines,2020,IOP Conference Series Earth and Environmental Science,conference-paper,S5a_title_task_no_ML,1,Xn,excluded: no ML or DL component,,0
m1088,https://openalex.org/W4415490775,10.1007/s10064-025-04549-9,Research on the synergetic precursors identification of rockburst based on the critical slowing-down theory and the Mann–Kendall test,2025,Bulletin of Engineering Geology and the Environment,article,S5a_title_task_no_ML,0,Xt,excluded: task out of scope,,0
m1089,https://openalex.org/W4380623996,10.1155/2023/5299919,Prediction of Grade Classification of Rock Burst Based on PCA-SSA-PNN Architecture,2023,Geofluids,article,"S5a_title_task_no_ML; S5c_mining_seismicity_terms",1,Xt,excluded: task out of scope,,0
m1090,https://openalex.org/W3209871303,10.1088/1755-1315/861/6/062088,Prediction of rockburst classification using Support Vector Machine,2021,IOP Conference Series Earth and Environmental Science,conference-paper,"S5a_title_task_no_ML; S5c_mining_seismicity_terms",1,Xt,excluded: task out of scope,,0
m1091,https://openalex.org/W4387716530,10.1007/978-3-031-45611-4_8,On Using a Microearthquake Recognition System for an Early Warning System at Cotopaxi Volcano,2023,Communications in computer and information science,conference-paper,S5a_title_task_no_ML,0,Xs,excluded: setting out of scope,,0
m1092,https://openalex.org/W7141343592,10.1016/j.jappgeo.2026.106229,Application of borehole-to-roadway DC resistivity tomography in detecting mining-induced floor damage in coal seams,2026,Journal of Applied Geophysics,article,S5a_title_task_no_ML,0,Xm,excluded: other sensing modality or regional networks only,,0
m1093,https://openalex.org/W4402578316,10.1016/j.tecto.2024.230509,Spatially-varied crustal deformation indicating seismicity at faults intersection in the SE margin of the Tibetan Plateau: Evidence of S-wave splitting from microseismic identification,2024,Tectonophysics,article,S5a_title_task_no_ML,0,Xs,excluded: setting out of scope,,0
m1094,https://openalex.org/W3184518550,10.1145/3459955.3460605,An AETA Geoacoustic Signal Anomaly Detection Method Based on FindCBLOF,2021,,conference-paper,S5a_title_task_no_ML,1,Xs,excluded: setting out of scope,,0
m1095,https://openalex.org/W4401543869,10.15530/urtec-2024-4044190,Numerical Modeling of Shear Deformation Measurements from Distributed Fiber Optic Strain Sensing for Detection and Mitigation of Induced Seismicity,2024,,conference-paper,S5a_title_task_no_ML,0,Xs,excluded: setting out of scope,,0
m1096,https://openalex.org/W4300692772,10.13272/j.issn.1671-251x.2017050027,Application research of DHNN model in prediction of classification of rockburst intensity,2018,DOAJ (DOAJ: Directory of Open Access Journals),article,"S5a_title_task_no_ML; S5c_mining_seismicity_terms",1,Xt,excluded: task out of scope,,0
m1097,https://openalex.org/W7147670271,10.1109/access.2026.3679798,A Knowledge-Guided Graph Reasoning Framework for Multi-Modal Detection of Mining-Induced Land Degradation,2026,IEEE Access,article,S5a_title_task_no_ML,1,Xm,excluded: other sensing modality or regional networks only,,0
m1098,https://openalex.org/W3200052330,,Using Seismic Data to Identify Temporal Increases in Mining-Induced Stress,2020,ISRM International Symposium - EUROCK 2020,conference-paper,S5a_title_task_no_ML,0,Xt,excluded: task out of scope,,0
m1099,https://openalex.org/W4385705617,10.1016/j.jer.2023.08.004,Coal-rock drilling states recognition of drilling robot for rockburst prevention based on multi-sensor information fusion,2023,Journal of Engineering Research,article,"S5a_title_task_no_ML; S5c_mining_seismicity_terms",1,Xm,excluded: other sensing modality or regional networks only,,0
m1100,https://openalex.org/W4408527405,10.3390/app15063264,Signal Super Prediction and Rock Burst Precursor Recognition Framework Based on Guided Diffusion Model with Transformer,2025,Applied Sciences,article,"S5a_title_task_no_ML; S5c_mining_seismicity_terms",1,Xm,excluded: other sensing modality or regional networks only,,0
m1101,https://openalex.org/W4387612778,10.1063/5.0175290,Improved algorithm for detecting pulses in geoacoustic emission signals recorded by a combined receiver in Kamchatka,2023,AIP conference proceedings,conference-paper,S5a_title_task_no_ML,0,Xs,excluded: setting out of scope,,0
m1102,https://openalex.org/W4415653258,10.1016/j.ijrmms.2025.106322,A comprehensive method for risk assessment and intensity classification of rockburst induced by loading and unloading based on its entire process modelling,2025,International Journal of Rock Mechanics and Mining Sciences,article,S5a_title_task_no_ML,0,Xt,excluded: task out of scope,,0
m1103,https://openalex.org/W2948984518,,"Blast Induced Seismic Response at the Goldcorp Eleonore Mine: Identification, Delineation and Characterization",2018,UWA Profiles and Research Repository (UWA),conference-paper,S5a_title_task_no_ML,1,Xt,excluded: task out of scope,,0
m1104,https://openalex.org/W2734555766,10.21276/ijee.2017.10.0214,"Mining Induced LULC Change Detection Study Using Landsat Satellite Data in Joda-Barbil Region of Kenojhar District, Odisha, India",2017,International Journal of Earth Sciences and Engineering,article,S5a_title_task_no_ML,0,Xm,excluded: other sensing modality or regional networks only,,0
m1105,https://openalex.org/W7134976915,10.1016/j.ijrmms.2026.106492,An integrated spatiotemporal framework for identification and early warning of mining-induced fault activation,2026,International Journal of Rock Mechanics and Mining Sciences,article,S5a_title_task_no_ML,0,Xt,excluded: task out of scope,,0
m1106,https://openalex.org/W4413313352,10.3390/app15169045,Classification of Rockburst Intensity Grades: A Method Integrating k-Medoids-SMOTE and BSLO-RF,2025,Applied Sciences,article,"S5a_title_task_no_ML; S5c_mining_seismicity_terms",1,Xt,excluded: task out of scope,,0
m1107,https://openalex.org/W4410975380,10.1016/j.tust.2025.106646,Gamma Mixture Model-based Domain Adaptation for semi-supervised rockburst risk recognition,2025,Tunnelling and Underground Space Technology,article,"S5a_title_task_no_ML; S5c_mining_seismicity_terms",0,Xt,excluded: task out of scope,,0
m1108,https://openalex.org/W2781235283,10.1007/s10040-017-1699-5,The availability of hydrogeologic data associated with areas identified by the US Geological Survey as experiencing potentially induced seismicity resulting from subsurface injection,2017,Hydrogeology Journal,article,S5a_title_task_no_ML,0,Xs,excluded: setting out of scope,,0
m1109,https://openalex.org/W2747313745,10.1190/segam2017-17777808.1,Bayesian moment tensor inversion and uncertainty quantification for induced seismicity: Uncertainties from both the location and velocity model,2017,,conference-paper,S5a_title_task_no_ML,1,Xt,excluded: task out of scope,,0
m1110,https://openalex.org/W4411921320,10.1016/j.jappgeo.2025.105850,"Waveform features and automatic discrimination of deep and shallow microearthquakes in the Changning shale gas field, Southern Sichuan Basin, China",2025,Journal of Applied Geophysics,article,S5a_title_task_no_ML,0,Xa,"excluded: insufficient information (conference abstract, or no abstract and no method named in the title)",,0
m1111,https://openalex.org/W4403842909,10.1007/s00170-024-14627-z,Visual detection of drilling robot position for rockburst prevention in mining processing by a new image dehazing method,2024,The International Journal of Advanced Manufacturing Technology,article,S5a_title_task_no_ML,1,Xm,excluded: other sensing modality or regional networks only,,0
m1112,https://openalex.org/W7160202907,10.3390/app16094381,Machine Learning-Based Detection of Rockbursts Among Seismic Events in an Underground Coal Mine with Ultra-Thick Sandstone Strata,2026,Applied Sciences,article,"S5a_title_task_no_ML; S5c_mining_seismicity_terms",1,Xt,excluded: task out of scope,,0
m1113,https://openalex.org/W4287559760,10.13272/j.issn.1671-251x.17564,Research on automatic picking of microseismic first arrival,2020,DOAJ (DOAJ: Directory of Open Access Journals),article,S5a_title_task_no_ML,1,I,included,,1
m1114,https://openalex.org/W7169723870,10.3390/rs18142388,SAG-DeepLabV3+: An Enhanced Deep Learning Model for High-Precision Detection of Mining-Induced Ground Fissures from UAV Imagery,2026,Remote Sensing,article,S5a_title_task_no_ML,1,Xm,excluded: other sensing modality or regional networks only,,0
m1115,https://openalex.org/W3014206148,,A Study on Microseismic Location With Arrival Picking Methods and Source Location Algorithms,2018,ISRM International Symposium - 10th Asian Rock Mechanics Symposium,conference-paper,S5a_title_task_no_ML,0,Xn,excluded: no ML or DL component,,0
m1116,https://openalex.org/W4408367674,10.2139/ssrn.5175895,Identification Indexes for Potential Rockburst-Collapse Compound Hazard Zones in Deep-Buried Tunnels Based on Bq Value and Rock Mass Strength-Stress Ratio,2025,SSRN Electronic Journal,preprint,S5a_title_task_no_ML,0,Xt,excluded: task out of scope,,0
m1117,https://openalex.org/W3116355688,10.12677/csa.2020.1012234,Phase Arrivals Picking Method for Microseismic Signals with Small Dataset,2020,Computer Science and Application,article,S5a_title_task_no_ML,0,Xa,"excluded: insufficient information (conference abstract, or no abstract and no method named in the title)",,0
m1118,https://openalex.org/W2968349910,10.1190/segam2019-3215483.1,Global optimization of arrival picking for microseismic events,2019,,conference-paper,S5a_title_task_no_ML,1,Xn,excluded: no ML or DL component,,0
m1119,https://openalex.org/W3124294778,10.7474/tus.2019.29.4.243,Experimental Study on Microseismic Source Location by Dimensional Conditions and Arrival Picking Methods,2019,,article,S5a_title_task_no_ML,0,Xn,excluded: no ML or DL component,,0
m1120,https://openalex.org/W4415171262,10.2139/ssrn.5601911,Study on Automatic Arrival Time Picking Method for Microseismic Signals with Controlled Accuracy,2025,SSRN Electronic Journal,preprint,S5a_title_task_no_ML,0,Xa,"excluded: insufficient information (conference abstract, or no abstract and no method named in the title)",,0
m1121,https://openalex.org/W4414743705,10.48550/arxiv.2507.10850,HEIMDALL: a grapH-based sEIsMic Detector And Locator for microseismicity,2025,arXiv (Cornell University),preprint,S5a_title_task_no_ML,1,I,included,,1
m1122,https://openalex.org/W4412444721,10.22541/au.175260170.07175352/v1,HEIMDALL: a grapH-based sEIsMic Detector And Locator for microseismicity,2025,,preprint,S5a_title_task_no_ML,1,Xd,collapsed: second report of an included study,m1121,0
m1123,https://openalex.org/W2581942852,10.2172/1332471,Real-time Microseismic Processing for Induced Seismicity Hazard Detection,2016,,report,S5a_title_task_no_ML,1,Xn,excluded: no ML or DL component,,0
m1124,https://openalex.org/W7204094274,10.1016/j.jappgeo.2026.106473,PG-MDC: A physics-guided monotonic deep classifier for rockburst hazard-state classification from microseismic data,2026,Journal of Applied Geophysics,article,"S5a_title_task_no_ML; S5c_mining_seismicity_terms",0,Xt,excluded: task out of scope,,0
m1125,https://openalex.org/W3207688468,10.1109/igarss47720.2021.9553757,An Adaptive FCM-based Approach of First Arrival Time Picking for Microseismic Data,2021,,conference-paper,S5a_title_task_no_ML,1,I,included,,1
m1126,https://openalex.org/W2588134807,,A Study Of Microseismic Location Uncertainty,2015,,article,S5a_title_task_no_ML,0,Xn,excluded: no ML or DL component,,0
m1127,https://openalex.org/W2999912393,,Landslide micro-seismicity: description and classification of endogenous seismic sources,2018,EGUGA,article,S5a_title_task_no_ML,0,Xa,"excluded: insufficient information (conference abstract, or no abstract and no method named in the title)",,0
m1128,https://openalex.org/W3034819894,,Comparison of Detection and Location Capabilities of Surface Microseismic Monitoring Algorithms,2018,EGUGA,article,S5a_title_task_no_ML,0,Xa,"excluded: insufficient information (conference abstract, or no abstract and no method named in the title)",,0
m1129,https://openalex.org/W4205306397,10.3997/2214-4609.202131053,Towards Synthetically Trained Convolutional Neural Networks for Induced Earthquake Detection and Localization,2021,,conference-paper,S5a_title_task_no_ML,1,I,included,,1
m1130,https://openalex.org/W3173216691,,Low-SNR Microseismic Detection Using Direct P-Wave Arrival Polarization,2020,Seismological Society of Japan,article,S5a_title_task_no_ML,0,Xn,excluded: no ML or DL component,,0
m1131,https://openalex.org/W2289380568,10.15530/urtec-2015-2154714,Identifying the Effectiveness of Treatment Programs with Microseismicity,2015,,conference-paper,S5a_title_task_no_ML,0,Xt,excluded: task out of scope,,0
m1132,https://openalex.org/W4362015673,10.12677/pm.2023.133064,Application of Sparrow Search Algorithm in Microseismic Location,2023,Pure Mathematics,article,S5a_title_task_no_ML,0,Xn,excluded: no ML or DL component,,0
m1133,https://openalex.org/W4254830569,10.2118/178612-ms,Identifying the Effectiveness of Treatment Programs with Microseismicity,2015,Unconventional Resources Technology Conference,conference-paper,S5a_title_task_no_ML,0,Xt,excluded: task out of scope,,0
m1134,https://openalex.org/W7171828242,10.22541/essoar.15006776/v1,Probabilistic Microseismic Location using Joint DAS and Geophone Arrival Time Differences at Utah FORGE,2026,,preprint,S5a_title_task_no_ML,1,Xn,excluded: no ML or DL component,,0
m1135,https://openalex.org/W7131676457,10.3390/app16052234,Microseismic Event Identification and Localization in Vertical Wells Using Distributed Acoustic Sensing,2026,Applied Sciences,article,S5a_title_task_no_ML,1,I,included,,1
m1136,https://openalex.org/W7108320692,10.36922/jse025290036,Microseismic event picking and classification for hot dry rock hydraulic fracturing monitoring using SeisFormer,2025,Journal of seismic exploration,article,S5a_title_task_no_ML,1,I,included,,1
m1137,https://openalex.org/W7161850888,10.1016/j.jrmge.2026.02.027,Analysis of microseismicity localization uncertainty in deep tunnels,2026,Journal of Rock Mechanics and Geotechnical Engineering,article,S5a_title_task_no_ML,1,I,included,,1
m1138,https://openalex.org/W4415964563,10.1016/j.aiig.2026.100246,Explainable AI for microseismic event detection,2026,Artificial Intelligence in Geosciences,article,S5a_title_task_no_ML,1,I,included,,1
m1139,https://openalex.org/W3023242587,,Automatic determination of seismic phase arrival times for microearthquakes in local to regional distances,2017,EGUGA,article,S5a_title_task_no_ML,0,Xa,"excluded: insufficient information (conference abstract, or no abstract and no method named in the title)",,0
m1140,https://openalex.org/W2517294222,10.1190/segam2016-13873142.1,Micro-seismic source location with a single seismometer channel using coda wave interferometry,2016,,conference-paper,S5a_title_task_no_ML,1,Xn,excluded: no ML or DL component,,0
m1141,https://openalex.org/W4383647565,10.1007/978-3-031-35311-6_65,On the Reflected Waves Contribution into the Robustness of Microseismic Events Location,2023,Lecture notes in networks and systems,conference-paper,S5a_title_task_no_ML,0,Xn,excluded: no ML or DL component,,0
m1142,https://openalex.org/W7161118187,10.1016/j.jappgeo.2026.106319,Enhancing microseismic P-wave arrival detection: An FCM-AIC approach with an application to underground mines,2026,Journal of Applied Geophysics,article,S5a_title_task_no_ML,0,I,included,,1
m1143,https://openalex.org/W2321053468,10.1190/segam2015-5861908.1,Cross double-difference inversion method for microseismic location,2015,,conference-paper,S5a_title_task_no_ML,1,Xn,excluded: no ML or DL component,,0
m1144,https://openalex.org/W2740126004,,"Migration based detection and location of the microseismicity induced at Rittershoffen geothermal field (Alsace, France)",2015,,article,S5a_title_task_no_ML,0,Xn,excluded: no ML or DL component,,0
m1145,https://openalex.org/W7171975751,10.3724/1000-6915.jrme.2025.0792,Adaptive first-arrival picking method for microseismic signals in mines by integrating energy dissipation features and multi-scale complexity,2026,Chinese journal of rock mechanics and engineering,article,S5a_title_task_no_ML,0,Xl,excluded: full text not in English,,0
m1146,https://openalex.org/W3082890326,,Microseismic event identification method based on multi-channel,2019,,article,S5a_title_task_no_ML,0,Xa,"excluded: insufficient information (conference abstract, or no abstract and no method named in the title)",,0
m1147,https://openalex.org/W7117107430,10.13127/misc/102/16,Improving seismic catalogs and microseismicity imaging in the Montello area (NE Italy),2025,Istituto Nazionale di Geofisica e Vulcanologia (INGV),article,S5a_title_task_no_ML,0,Xs,excluded: setting out of scope,,0
m1148,https://openalex.org/W3176362664,,Microseismic monitoring of an unstable rock face: Preliminary event location,2018,IRIS UNIMORE (University of Modena and Reggio Emilia),conference-paper,S5a_title_task_no_ML,0,Xn,excluded: no ML or DL component,,0
m1149,https://openalex.org/W7167022291,10.3390/s26134163,Detection and Localization of Excavation-Disturbance-Related Near-Field Microseismic Events During TBM Tunneling,2026,Sensors,article,S5a_title_task_no_ML,1,Xn,excluded: no ML or DL component,,0
m1150,https://openalex.org/W3023602528,,Assessing the monitoring performance using a synthetic microseismic catalogue for hydraulic fracturing,2016,EGUGA,article,S5a_title_task_no_ML,0,Xa,"excluded: insufficient information (conference abstract, or no abstract and no method named in the title)",,0
m1151,https://openalex.org/W4318576507,10.2139/ssrn.4317777,Research on Microseismic Localization Algorithm with Global Search and Local Optimization,2023,SSRN Electronic Journal,preprint,S5a_title_task_no_ML,0,Xn,excluded: no ML or DL component,,0
m1152,https://openalex.org/W7162325914,10.3997/2214-4609.202510211,Application of Feature Mode Decomposition to Microseismic Signal Detection,2025,,conference-paper,S5a_title_task_no_ML,1,Xn,excluded: no ML or DL component,,0
m1153,https://openalex.org/W3040698021,,"Automated realtime detection of mining induced seismicity in the Ruhr coal mining district, Germany, using master waveforms",2016,EGUGA,article,S5a_title_task_no_ML,0,Xa,"excluded: insufficient information (conference abstract, or no abstract and no method named in the title)",,0
m1154,https://openalex.org/W4416765379,10.3390/app152312569,A Microseismic Location Method Based on BP-GA-GN Hybrid Algorithm,2025,Applied Sciences,article,"S5a_title_task_no_ML; S5c_mining_seismicity_terms",1,I,included,,1
m1155,https://openalex.org/W2325474205,10.1190/segam2015-5876000.1,Fast elastic full waveform inversion for microseismic location and focal mechanism,2015,,conference-paper,S5a_title_task_no_ML,1,Xn,excluded: no ML or DL component,,0
m1156,https://openalex.org/W4239058362,10.2118/178514-ms,Use of Automatic Moment Tensor Inversion in Real Time Microseismic Imaging,2015,Unconventional Resources Technology Conference,conference-paper,S5a_title_task_no_ML,0,Xt,excluded: task out of scope,,0
m1157,https://openalex.org/W2895586443,,Location and Source Mechanism of a Microseismic Event in a Mine Using a Single Seismogram,2017,,article,S5a_title_task_no_ML,0,Xn,excluded: no ML or DL component,,0
m1158,https://openalex.org/W2748982290,,Source location method for surface microseismic monitoring based on relative traveltime calculation,2016,Diqiu Wulixue Jinzhan,article,S5a_title_task_no_ML,0,Xn,excluded: no ML or DL component,,0
m1159,https://openalex.org/W3114256304,10.1190/bhgp2020-19.1,Bayesian inference for event location and velocity model calibration in downhole microseismic monitoring,2020,,conference-paper,S5a_title_task_no_ML,1,Xn,excluded: no ML or DL component,,0
m1160,https://openalex.org/W7203635294,10.3390/electronics15163642,MS-Mamba: A Lightweight State-Space Model for Microseismic Signal Identification,2026,Electronics,article,S5a_title_task_no_ML,1,I,included,,1
m1161,https://openalex.org/W7155196013,10.1007/s44475-026-00025-4,"Integrated spatial–spectral classification of natural and shale-gas-induced earthquakes in Chongqing, Southwest China",2026,Discover Hazards,article,S5a_title_task_no_ML,1,Xm,excluded: other sensing modality or regional networks only,,0
m1162,https://openalex.org/W2991520398,10.22564/16cisbgf2019.345,"Identification of Fragility in Unconventional Reservoirs, through the estimation of mineralogy in pre-stacked seismic data and micro-seismic events",2019,,conference-paper,S5a_title_task_no_ML,0,Xt,excluded: task out of scope,,0
m1163,https://openalex.org/W4412609581,10.1016/j.isatra.2025.07.034,Recursive-filtering-based microseismic event picking under wireless channel fading and measurement outliers,2025,ISA Transactions,article,S5a_title_task_no_ML,0,Xn,excluded: no ML or DL component,,0
m1164,https://openalex.org/W2514771918,10.1190/segam2016-13845755.1,An efficient repeating signal detector to detect and characterize induced seismicity,2016,,conference-paper,S5a_title_task_no_ML,1,I,included,,1
m1165,https://openalex.org/W7203912773,10.1063/5.0337629,Sediment characteristics identification of Mandalika coastal plains based on microseismic data,2026,AIP conference proceedings,conference-paper,S5a_title_task_no_ML,0,Xs,excluded: setting out of scope,,0
m1166,https://openalex.org/W4293170987,10.1007/978-3-031-15104-0_8,Seismic Detection Efficiency of a New Inexpensive MEMS Sensor Prototype: Application to Micro-seismicity and Distant Moderate Earthquakes,2022,Springer proceedings in earth and environmental sciences,conference-paper,S5a_title_task_no_ML,0,Xn,excluded: no ML or DL component,,0
m1167,https://openalex.org/W7117566681,10.13140/rg.2.2.24559.91047,Unobserved microseismicity may sustain earthquake cascades below detection thresholds,2025,IRIS Research product catalog (Sapienza University of Rome),conference-paper,S5a_title_task_no_ML,1,Xs,excluded: setting out of scope,,0
m1168,https://openalex.org/W4255192983,10.1190/segam2016-13850020.1,Simultaneous inversion of multiple microseismic data for event locations and velocity model with Bayesian inference,2016,,conference-paper,S5a_title_task_no_ML,1,Xn,excluded: no ML or DL component,,0
m1169,https://openalex.org/W2741559625,10.13140/rg.2.2.31425.45921,Pick vs Waveform based detection methods for induced seismicity monitoring,2017,,article,S5a_title_task_no_ML,0,Xn,excluded: no ML or DL component,,0
m1170,https://openalex.org/W3125480988,10.48072/2525-7579.rog.2020.003,Energy-stack: a fast and robust method for real-time microseismic event-detection,2020,Technical Papers ... Rio Oil & Gas,conference-paper,S5a_title_task_no_ML,0,Xn,excluded: no ML or DL component,,0
m1171,https://openalex.org/W4390449394,10.2139/ssrn.4679700,Recognition Model for Grouting-Induced Microseismic Signals Considering Data Enhancement and its Application,2023,SSRN Electronic Journal,preprint,S5a_title_task_no_ML,0,Xa,"excluded: insufficient information (conference abstract, or no abstract and no method named in the title)",,0
m1172,https://openalex.org/W7132416310,,Relative Microearthquake Locations at the Geysers,2016,Çanakkale Onsekiz Mart University AVESIS,conference-paper,S5a_title_task_no_ML,0,Xn,excluded: no ML or DL component,,0
m1173,https://openalex.org/W4409383929,10.2139/ssrn.5211745,IWTSE-MSDACF-AIC: c: A Study on a Coal Mine Microseismic P-Wave First Arrival Picking Method Based on Adaptive Characteristic Function and Multi-Denoising Strategy,2025,SSRN Electronic Journal,preprint,S5a_title_task_no_ML,0,Xn,excluded: no ML or DL component,,0
m1174,https://openalex.org/W3143612650,,Testing of Microseismic Location Algorithms on Unstable Rock Face: Mount San Martino (Northern Italy),2018,,article,S5a_title_task_no_ML,0,Xn,excluded: no ML or DL component,,0
m1175,https://openalex.org/W4256117944,10.5013/ijssst.a.16.05.12,Multiple Source of Microseismic Signal Classification by Adaptive Short-time Fourier Transform Method,2020,International Journal of Simulation Systems Science & Technology,article,S5a_title_task_no_ML,0,Xa,"excluded: insufficient information (conference abstract, or no abstract and no method named in the title)",,0
m1176,https://openalex.org/W3089958065,10.1190/segam2020-3426961.1,Bayesian inversion for elastic properties and microseismic event locations in HTI media: A physical modeling study,2020,,conference-paper,S5a_title_task_no_ML,1,Xn,excluded: no ML or DL component,,0
m1177,https://openalex.org/W7113094486,,"Earthquake catalogs related to ""Analysis of microseismicity framing M >2.5 earthquakes at The Geysers geothermal field, California""",2019,Publication Database GFZ (GFZ German Research Centre for Geosciences),other,S5a_title_task_no_ML,0,Xp,"excluded: secondary study (review, survey)",,0
m1178,https://openalex.org/W2327238750,10.1190/ice2016-6500893.1,Locating events using borehole Microseismic monitoring by inclusion of particle motion analysis: a case study from Indonesia,2016,,conference-abstract,S5a_title_task_no_ML,1,Xn,excluded: no ML or DL component,,0
m1179,https://openalex.org/W2596329000,10.3997/2214-4609.201601263,Fracture Zone Characterization by Quantitative Analysis of Reflected Phases from Microseismic Waveform data,2016,78th EAGE Conference and Exhibition 2016,conference-paper,S5a_title_task_no_ML,1,Xn,excluded: no ML or DL component,,0
m1180,https://openalex.org/W3200377121,10.13140/rg.2.2.20183.80806,Microseismic Guided Wave Eigenfunction Theory with Application to Event Depth Classification in the Eagle Ford Shale,2021,Digital Collections of Colorado (Colorado State University),article,S5a_title_task_no_ML,0,Xp,"excluded: secondary study (review, survey)",,0
m1181,https://openalex.org/W7202168898,10.13140/rg.2.2.11371.71203,Integrating Dense Microseismicity Catalogs and Local Earthquake Tomography: a preliminary 3D Imaging of the Tongoy-Puerto Aldea Region,2026,,article,S5a_title_task_no_ML,0,Xs,excluded: setting out of scope,,0
m1182,https://openalex.org/W7213533002,10.1371/journal.pone.0358562,Research on automatic segmentation method of microseismic monitoring signal under low signal-to-noise ratio conditions,2026,PLoS ONE,article,S5a_title_task_no_ML,1,I,included,,1
m1183,https://openalex.org/W4415749512,10.1007/s42461-025-01308-y,The Construction of Microseismic Spatio-Temporal Evolution Characteristic Indices and the Identification of Coal Burst Danger Areas,2025,Mining Metallurgy & Exploration,article,S5a_title_task_no_ML,0,Xt,excluded: task out of scope,,0
m1184,https://openalex.org/W4409305024,10.1007/s00603-025-04543-3,Enhanced Microseismic Event Localization in Coal Mines Using the EDDI-Based Cross-Correlation Stacking Method,2025,Rock Mechanics and Rock Engineering,article,S5a_title_task_no_ML,0,Xn,excluded: no ML or DL component,,0
m1185,https://openalex.org/W7201876611,10.1109/nems69704.2026.11633771,Design and Fabrication of a Multi-Spring Large-Mass MEMS Accelerometer for Microseismic Detection in Geological Exploration,2026,,conference-paper,S5a_title_task_no_ML,0,Xm,excluded: other sensing modality or regional networks only,,0
m1186,https://openalex.org/W4399991504,10.15121/2376139,"Utah FORGE Project 3-2417: DAS Microseismic Event Catalog from the 16A/16B Circulation Test, 2023",2024,OSTI OAI (U.S. Department of Energy Office of Scientific and Technical Information),article,S5a_title_task_no_ML,1,Xp,"excluded: secondary study (review, survey)",,0
m1187,https://openalex.org/W4404849375,10.1109/ica-acca62622.2024.10766838,A Machine Learning Approach for Classifying Micro-Earthquakes at Llaima Volcano,2024,,conference-paper,S5a_title_task_no_ML,1,Xs,excluded: setting out of scope,,0
m1188,https://openalex.org/W4402098429,10.2139/ssrn.4942163,Speech Features and Classification for Induced Microseismic Signals During Hydraulic Fracturing: Implication for Coalbed Methane Reservoir Stimulation,2024,SSRN Electronic Journal,preprint,S5a_title_task_no_ML,0,Xa,"excluded: insufficient information (conference abstract, or no abstract and no method named in the title)",,0
m1189,https://openalex.org/W7204659411,10.1007/s00024-026-04087-9,"Integrated Application of Microseismic Sounding and HVSR Methods for Subsurface Fault Detection in the North Tabriz Region, Iran",2026,Pure and Applied Geophysics,article,S5a_title_task_no_ML,0,Xs,excluded: setting out of scope,,0
m1190,https://openalex.org/W4352997166,10.2139/ssrn.4395059,Recursive Filtering for an Uncertain System with Wireless Switching Channels and Fading Measurements: A Microseismic Event Detection Method,2023,SSRN Electronic Journal,preprint,S5a_title_task_no_ML,0,Xn,excluded: no ML or DL component,,0
m1191,https://openalex.org/W4402267362,10.1063/5.0208263,Identification of ground movement based on geographic information systems in vulnerable landslide area of Tanggamus using microseismic methods,2024,AIP conference proceedings,conference-paper,S5a_title_task_no_ML,0,Xs,excluded: setting out of scope,,0
m1192,https://openalex.org/W7163515435,10.21203/rs.3.rs-9745948/v1,Rapid and Accurate Microseismic Source Location in 3D Heterogeneous Media with Precomputed Travel-Time Grid interpolation and Stochastic Regularization,2026,Research Square,preprint,S5a_title_task_no_ML,0,Xn,excluded: no ML or DL component,,0
m1193,https://openalex.org/W4388962433,10.1016/j.sysconle.2023.105692,Recursive filtering for an uncertain system with wireless switching channels and fading measurements: A microseismic event detection method,2023,Systems & Control Letters,article,S5a_title_task_no_ML,0,Xn,excluded: no ML or DL component,,0
m1194,https://openalex.org/W7163418862,10.21203/rs.3.rs-9698533/v1,Intelligent P-Wave First-Arrival Picking and Focal Mechanism Inversion for Mining-Induced Dynamic Hazard Assessment in Deep Coal Mines,2026,Research Square,preprint,"S5a_title_task_no_ML; S5c_mining_seismicity_terms",0,I,included,,1
m1195,https://openalex.org/W3034674418,,"Continuous micro-earthquake catalogue of the central Southern Alps, New Zealand",2017,EGUGA,article,S5a_title_task_no_ML,0,Xa,"excluded: insufficient information (conference abstract, or no abstract and no method named in the title)",,0
m1196,https://openalex.org/W2969419699,,Precursors of rock bursts in rock massive according to detailed seismological catalogue data,2016,,article,S5a_title_task_no_ML,0,Xt,excluded: task out of scope,,0
m1197,https://openalex.org/W3142870282,10.3997/1365-2397.fb2021028,A neural network approach for classifying events and blasts in real-time mining seismicity,2021,First Break,article,S5a_title_task_no_ML,1,I,included,,1
m1198,https://openalex.org/W2754136149,10.5593/sgem2017/13/s03.069,METHOD OF AUTOMATED DETECTION OF SEISMICALLY ACTIVE ZONES WITHIN THE MINE FIELD BY THE DATA OF INDUCED SEISMICITY,2017,International Multidisciplinary Scientific GeoConference SGEM ...,conference-paper,S5a_title_task_no_ML,0,Xt,excluded: task out of scope,,0
m1199,https://openalex.org/W7214367384,10.1038/s41598-026-73198-z,MRGAN: a multi-resolution residual generative adversarial network with wavelet decomposition and phase-aware loss for microseismic waveform denoising,2026,Scientific Reports,article,S5a_title_task_no_ML,0,Xt,excluded: task out of scope,,0
m1200,https://openalex.org/W2944522512,,Rock Burst and Slope Stability Prediction using Classification Analytical Model,2019,,article,S5a_title_task_no_ML,0,Xt,excluded: task out of scope,,0
m1201,https://openalex.org/W3025672604,,Systematic classification of seismicity patterns in microearthquake sequences of Switzerland,2019,EGUGA,article,S5a_title_task_no_ML,0,Xa,"excluded: insufficient information (conference abstract, or no abstract and no method named in the title)",,0
m1202,https://openalex.org/W3011886674,,Identifying induced seismicity in Oklahoma with certain statistical significance,2019,,article,S5a_title_task_no_ML,0,Xt,excluded: task out of scope,,0
m1203,https://openalex.org/W3006028276,,Detecting induced seismicity on various scales: Monitoring the Grimsel injections,2015,,article,S5a_title_task_no_ML,0,Xn,excluded: no ML or DL component,,0
m1204,https://openalex.org/W7201883457,10.1016/j.jappgeo.2026.106445,A multi-dimensional early warning model for coal and gas outburst risk based on microseismic monitoring with seismic velocity tomography-identified risk zones,2026,Journal of Applied Geophysics,article,S5a_title_task_no_ML,0,Xt,excluded: task out of scope,,0
m1205,https://openalex.org/W2911738409,10.32628/cseit195122,Effective Prediction for Rock Burst Dataset Using Classification Algorithms with Particle Swarm,2019,International Journal of Scientific Research in Computer Science Engineering and Information Technology,article,"S5a_title_task_no_ML; S5c_mining_seismicity_terms",1,Xt,excluded: task out of scope,,0
m1206,https://openalex.org/W4415478972,10.2172/2999498,Identification of Faults Susceptible to Induced Seismicity (Final Report),2023,,report,S5a_title_task_no_ML,0,Xp,"excluded: secondary study (review, survey)",,0
m1207,https://openalex.org/W3025056209,,Enhancing microearthquake detection through non-linear filtering,2018,EGUGA,article,S5a_title_task_no_ML,0,Xa,"excluded: insufficient information (conference abstract, or no abstract and no method named in the title)",,0
m1208,https://openalex.org/W4402260308,10.1109/igarss53475.2024.10642640,A Method of Detecting and Modeling Mining-Induced Deformation Areas in Interferograms,2024,,conference-paper,S5a_title_task_no_ML,1,Xm,excluded: other sensing modality or regional networks only,,0
m1209,https://openalex.org/W4410986732,10.1109/iscait64916.2025.11010793,Research on the identification of electromagnetic radiation and acoustic emission precursor signals of rock burst,2025,,conference-paper,"S5a_title_task_no_ML; S5c_mining_seismicity_terms",1,Xm,excluded: other sensing modality or regional networks only,,0
m1210,https://openalex.org/W4401485702,10.1007/s40098-024-01044-y,Study on Classification and Influencing Factors of Structure-Type Rockburst,2024,Indian geotechnical journal,article,S5a_title_task_no_ML,0,Xt,excluded: task out of scope,,0
m1211,https://openalex.org/W7143292001,10.1063/5.0321027,Deep learning method in micro-earthquake phase determination in geothermal field,2026,AIP conference proceedings,conference-paper,S5a_title_task_no_ML,0,Xd,collapsed: second report of an included study,m1212,0
m1212,https://openalex.org/W4409737126,10.1088/1755-1315/1486/1/012019,Deep learning method in micro-earthquake phase determination in geothermal field,2025,IOP Conference Series Earth and Environmental Science,conference-paper,S5a_title_task_no_ML,1,I,included,,1
m1213,https://openalex.org/W3136470714,,Toward real-time microearthquake event detection and location in anisotropic media using a multiscale approach for EGS collab experiments,2018,,article,S5a_title_task_no_ML,0,Xn,excluded: no ML or DL component,,0
m1214,https://openalex.org/W4200321789,10.1002/essoar.10509875.1,Deep Learning Versus One Neuron for the Problem of Micro-Earthquake Detection,2021,,preprint,S5a_title_task_no_ML,1,I,included,,1
m1215,https://openalex.org/W4415185806,10.31315/jpgt.v6i1.13437,The use of PhaseNet for Event Identification of Microearthquake Monitoring in Geothermal Field,2025,Journal of Petroleum and Geothermal Technology,article,S5a_title_task_no_ML,1,I,included,,1
m1216,https://openalex.org/W4403336920,10.2139/ssrn.4983837,Identifying Different Classes of Geoacoustic Events Using Machine Learning,2024,SSRN Electronic Journal,preprint,"S5a_title_task_no_ML; S5c_mining_seismicity_terms",0,Xd,collapsed: second report of an included study,m1029,0
m1217,https://openalex.org/W3091534804,10.1201/9781351181327-74,Multi-factor pattern recognition method of rockburst in coal mines,2018,,article,S5a_title_task_no_ML,0,Xt,excluded: task out of scope,,0
m1218,https://openalex.org/W7207631112,10.1007/s11770-026-1544-5,Tri-training-based automatic labeling model for mine seismic signals in label-scarce scenarios,2026,Applied Geophysics,article,"S5a_title_task_no_ML; S5c_mining_seismicity_terms",0,I,included,,1
m1219,https://openalex.org/W2754109916,10.5593/sgem2017/14/s05.032,MICROSEISMIC EVENT DETECTION USING DIFFERENT ALGORITHMS ON REAL DATA FROM PATCH ARRAY GEOPHONE GRID FROM EASTERN POMERANIA FRACTURING JOB,2017,International Multidisciplinary Scientific GeoConference SGEM ...,conference-paper,S5a_title_task_no_ML,0,Xa,"excluded: insufficient information (conference abstract, or no abstract and no method named in the title)",,0
m1220,https://openalex.org/W3110626717,10.1121/1.5146742,A classification approach to the characterization of seabed geoacoustic profiles via deep learning,2020,The Journal of the Acoustical Society of America,conference-abstract,"S5a_title_task_no_ML; S5c_mining_seismicity_terms",1,Xs,excluded: setting out of scope,,0
m1221,https://openalex.org/W7139060929,10.12677/me.2026.142038,Construction of a Microseismic Event Catalog Based on Short-Period Observations at Jingzhou-Santai Station and Analysis of Its Seismic Activity and Burstiness Characteristics—A Case Study of the Shendichuanke 1 Well,2026,Mine Engineering,article,S5a_title_task_no_ML,0,Xa,"excluded: insufficient information (conference abstract, or no abstract and no method named in the title)",,0
m1222,https://openalex.org/W2888590477,10.23940/ijpe.18.07.p6.14311438,Automated Collaborative Analysis System of Rockburst Mechanism based on Big Data,2018,International Journal of Performability Engineering,article,S5a_title_task_no_ML,1,Xt,excluded: task out of scope,,0
m1223,https://openalex.org/W4414211467,10.15233/gfz.2025.42.7,Microearthquake identification and seismicity analysis of the M4.7 Feidong earthquake sequence in Anhui,2025,Geofizika,article,S5a_title_task_no_ML,1,Xs,excluded: setting out of scope,,0
m1224,https://openalex.org/W4389358732,10.1130/abs/2023am-394536,USING EARTHQUAKE CATALOGS AND GEOLOGIC DATA TO ASSIST WITH CHARACTERIZING INDUCED SEISMICITY POTENTIAL FROM CCUS,2023,Abstracts with programs - Geological Society of America,conference-paper,S5a_title_task_no_ML,0,Xa,"excluded: insufficient information (conference abstract, or no abstract and no method named in the title)",,0
m1225,https://openalex.org/W4400309579,10.1121/10.0026940,Trans-dimensional joint inversion of modal amplitude and arrival- time data for geoacoustic properties in layered muddy sediments,2024,The Journal of the Acoustical Society of America,article,S5a_title_task_no_ML,1,Xs,excluded: setting out of scope,,0
m1226,https://openalex.org/W3089698804,10.1190/segam2020-3427552.1,"Realistic microearthquake magnitudes and locations from surface monitoring of hydrofacturing at Preston New Road, UK",2020,,conference-paper,S5a_title_task_no_ML,1,Xn,excluded: no ML or DL component,,0
m1227,https://openalex.org/W4394999212,10.1088/1742-6596/2738/1/012003,Rockburst classification based on cross reconstruction learning under small-sample condition,2024,Journal of Physics Conference Series,conference-paper,"S5a_title_task_no_ML; S5c_mining_seismicity_terms",1,Xt,excluded: task out of scope,,0
m1228,https://openalex.org/W3211088971,10.1130/abs/2021am-370729,ANALYSIS OF MICROEARTHQUAKES TO IDENTIFY WEAK POINTS IN THE SUBSURFACE AS OBSERVED FROM A SALT DOME STUDY,2021,Abstracts with programs - Geological Society of America,conference-paper,S5a_title_task_no_ML,0,Xa,"excluded: insufficient information (conference abstract, or no abstract and no method named in the title)",,0
m1229,https://openalex.org/W2914395722,,"One Decade of Induced Seismicity in Basel, Switzerland: A Consistent High-Resolution Catalog Obtained by Template Matching",2017,,article,S5a_title_task_no_ML,0,Xn,excluded: no ML or DL component,,0
m1230,https://openalex.org/W4411269153,10.2139/ssrn.5293121,Mechanisms and Dynamic Identification Method of Tbm Jamming Induced by Rockbursts with Applicability Verification,2025,SSRN Electronic Journal,preprint,"S5a_title_task_no_ML; S5c_mining_seismicity_terms",0,Xt,excluded: task out of scope,,0
m1231,https://openalex.org/W3089580475,10.1190/segam2020-3428222.1,Induced seismicity in the Dallas-Fort Worth Basin: Enhanced seismic catalogue and evaluation of fault slip potential,2020,,conference-paper,S5a_title_task_no_ML,1,Xm,excluded: other sensing modality or regional networks only,,0
m1232,https://openalex.org/W3088453668,,Static Load Detection and Comprehensive Prevention Technology of Rock Burst for Deep Shaft Section Coal Pillar,2019,,article,S5a_title_task_no_ML,0,Xt,excluded: task out of scope,,0
m1233,https://openalex.org/W4401966349,10.1007/978-981-99-9069-6_43,Prediction of Tunnel Rockburst Classification Using RVI Index Method and Analytic Hierarchy Process,2024,Environmental science and engineering,conference-paper,S5a_title_task_no_ML,0,Xt,excluded: task out of scope,,0
m1234,https://openalex.org/W7140193929,10.2139/ssrn.6466326,Detecting 2D mining-induced displacement in the West Mountain of Beijing using Time-series InSAR,2026,SSRN Electronic Journal,preprint,S5a_title_task_no_ML,0,Xm,excluded: other sensing modality or regional networks only,,0
m1235,https://openalex.org/W7163887532,10.1109/icgmrs70230.2026.11542513,YOLO-DDLKA: An Improved YOLOv8 Framework for Mining-Induced Surface Crack Detection,2026,,conference-paper,S5a_title_task_no_ML,1,Xm,excluded: other sensing modality or regional networks only,,0
m1236,https://openalex.org/W3032140735,,Forward Induced Seismic Hazard Assessment – FISHA application to the seismicity catalogue generated by a discrete element hydromechanical model,2015,Publication Database GFZ (GFZ German Research Centre for Geosciences),conference-paper,S5a_title_task_no_ML,0,Xt,excluded: task out of scope,,0
m1237,https://openalex.org/W7213897723,10.3390/math14183420,Model Applicability Across a Controlled Sample-Size–Class-Imbalance Space for Rockburst Classification,2026,Mathematics,article,"S5a_title_task_no_ML; S5c_mining_seismicity_terms",1,Xt,excluded: task out of scope,,0
m1238,https://openalex.org/W4403148005,,Declustering of induced seismicity catalogues: comparison of methods using seismicity associated with the 2000 stimulation at Soultz-sous-Forêts,2024,HAL (Le Centre pour la Communication Scientifique Directe),conference-paper,S5a_title_task_no_ML,1,Xt,excluded: task out of scope,,0
m1239,https://openalex.org/W2999145073,,Improved detection of induced seismicity using beamforming techniques: application to traffic light systems,2016,EGUGA,article,S5a_title_task_no_ML,0,Xa,"excluded: insufficient information (conference abstract, or no abstract and no method named in the title)",,0
m1240,https://openalex.org/W7169848189,10.3997/2214-4609.202620227,Synthetic Hard Rock Seismic Cube Generator Audited Against South Deep Mine Seismic Data for Fault Detection,2026,,conference-paper,S5a_title_task_no_ML,1,Xt,excluded: task out of scope,,0
m1241,https://openalex.org/W7208818387,10.1038/s41598-026-69793-9,Automated monitoring and geometric quantification of mining-induced ground fissures via UAV imagery based on MDE-UNet,2026,Scientific Reports,article,S5a_title_task_no_ML,1,Xm,excluded: other sensing modality or regional networks only,,0
m1242,https://openalex.org/W7125909206,10.1109/icpics66386.2025.11347291,A Non-Stationary Signal Classification Method Based on Time-Frequency Feature Fusion and Resampling and its Application in the Prediction of Rock Burst in Mines,2025,,conference-paper,"S5a_title_task_no_ML; S5c_mining_seismicity_terms",1,Xm,excluded: other sensing modality or regional networks only,,0
m1243,https://openalex.org/W7208784646,10.1016/j.enganabound.2026.107018,Equivalent DEM modelling of CO2 phase-change fracturing for rockburst-like ejection in tunnels,2026,Engineering Analysis with Boundary Elements,article,S5a_title_task_no_ML,0,Xs,excluded: setting out of scope,,0
m1244,https://openalex.org/W7203998841,10.1061/jccee5.cpeng-7540,From Imperfect Geotechnical Data to Accurate Prediction: Rockburst Classification Using the Pretrained Transformer TabPFN Model,2026,Journal of Computing in Civil Engineering,article,"S5a_title_task_no_ML; S5c_mining_seismicity_terms",1,Xt,excluded: task out of scope,,0
m1245,https://openalex.org/W4415995278,10.5614/j.eng.technol.sci.2025.57.6.6,Classifying Rockburst Events and Intensity in Underground Mines using Grey Wolf Optimization–Support Vector Machine and Extreme Gradient Boosting,2025,Journal of Engineering and Technological Sciences,article,"S5a_title_task_no_ML; S5c_mining_seismicity_terms",1,Xt,excluded: task out of scope,,0
m1246,https://openalex.org/W7163649176,10.1016/j.ijmst.2026.05.009,Preliminary damage detection and rockburst early warning for coal-rock composite based on PCA-DBSCAN,2026,International Journal of Mining Science and Technology,article,S5a_title_task_no_ML,1,Xt,excluded: task out of scope,,0
m1247,https://openalex.org/W7172419007,10.5445/ir/1000195943,Linking Coupled Reservoir Modeling to Dynamic Rupture Modeling: An Automated Workflow to Simulate Induced Seismicity in Faulted Geothermal Systems,2026,Repository KITopen (Karlsruhe Institute of Technology),article,S5a_title_task_no_ML,0,Xs,excluded: setting out of scope,,0
m1248,https://openalex.org/W4414533106,10.1121/10.0039256,Broadband modal phase speed estimation and geoacoustic inversion with sparse Bayesian learning using multi-range data,2025,The Journal of the Acoustical Society of America,article,S5a_title_task_no_ML,1,Xs,excluded: setting out of scope,,0
m1249,https://openalex.org/W4410478421,10.21203/rs.3.rs-6534316/v1,Research on UAV Aerial Imagery Detection Algorithm for Mining-Induced Surface Cracks Based on Improved YOLOv10,2025,Research Square,preprint,S5a_title_task_no_ML,0,Xm,excluded: other sensing modality or regional networks only,,0
m1250,https://openalex.org/W7164201028,10.1038/s41598-026-49721-7,Study on rockburst mechanism and risk identification for isolated working face in extra-thick coal seam fold zone,2026,Scientific Reports,article,"S5a_title_task_no_ML; S5c_mining_seismicity_terms",1,Xt,excluded: task out of scope,,0
m1251,https://openalex.org/W2539103396,10.1130/abs/2016am-285652,MAPPING SUBSURFACE LINEAMENTS AND PRESENT-DAY STRESSES IN SOUTHERN KANSAS: A NEW APPROACH FOR IDENTIFYING AREAS AT RISK FOR INJECTION-INDUCED SEISMICITY,2016,Abstracts with programs - Geological Society of America,conference-paper,S5a_title_task_no_ML,0,Xa,"excluded: insufficient information (conference abstract, or no abstract and no method named in the title)",,0
m1252,https://openalex.org/W4409631073,10.2139/ssrn.5225009,A Comprehensive Method for Risk Assessment and Intensity Classification of Rockburst Induced by Loading and Unloading Based on its Entire Process Modelling,2025,SSRN Electronic Journal,preprint,S5a_title_task_no_ML,0,Xt,excluded: task out of scope,,0
m1253,https://openalex.org/W4309399406,10.21203/rs.3.rs-2271212/v1,Detecting long-term effects of mining-induced ground deformation on plant patterns in semi-arid areas using a cellular automata model,2022,Research Square,preprint,S5a_title_task_no_ML,1,Xm,excluded: other sensing modality or regional networks only,,0
m1254,https://openalex.org/W4413757206,10.15530/urtec-2025-4266758,"Precursory Detection of Casing Deformation and Induced Seismicity in Unconventional Reservoirs, via Real-Time Surface Pressure Data Analytics",2025,,conference-paper,S5a_title_task_no_ML,0,Xt,excluded: task out of scope,,0
m1255,https://openalex.org/W4404319519,10.2139/ssrn.5019736,Evolution Laws of Mining-Induced Fractures in Overlying Strata of Inclined Extra-Thick Coal Seam and the Identification of Gas Migration and Enrichment Regions,2024,SSRN Electronic Journal,preprint,S5a_title_task_no_ML,0,Xt,excluded: task out of scope,,0
m1256,https://openalex.org/W4406058214,10.2139/ssrn.5082624,Deriving Mining-Induced 3d Displacement from Dual Insar Geometries Using Knowledge-Driven Phase Unwrapping and Facet Kernel,2025,SSRN Electronic Journal,preprint,S5a_title_task_no_ML,0,Xm,excluded: other sensing modality or regional networks only,,0
m1257,https://openalex.org/W7127991655,10.21203/rs.3.rs-8685480/v1,Research on the Mechanism of Rockburst Incubation and Risk Identification in Isolated Working Faces within the Axis Zone of Synclines in Extra-Thick Coal Seams,2026,Research Square,preprint,S5a_title_task_no_ML,0,Xt,excluded: task out of scope,,0
m1258,https://openalex.org/W4411359065,10.1109/jstars.2025.3580685,Two-Step Phase Unwrapping Coupled With Facet Kernel for Mining-Induced 3-D Displacements Retrieval From Dual InSAR Geometries,2025,IEEE Journal of Selected Topics in Applied Earth Observations and Remote Sensing,article,S5a_title_task_no_ML,1,Xm,excluded: other sensing modality or regional networks only,,0
m1259,https://openalex.org/W7163751956,10.13140/rg.2.2.17368.46083,CRITICAL RISK ASSESSMENT -CRA-M003 SPECIAL STATUS -FULL SPECTRUM -INDEPENDENT RESOURCE ALLOCATION Three Gorges Dam Full Spectrum Prometheus Platform Risk Assessment Rotational Mass Imbalance • Schumann Phase Correction • Reservoir-Induced Seismicity Dam Failure Hydraulic ELE • Bore Route Planning • Crustal Stress Field Perturbation Document ref CRA-M003 / v1.0 Inventor / Author,2026,,article,S5a_title_task_no_ML,0,Xp,"excluded: secondary study (review, survey)",,0
m1260,https://openalex.org/W4384206229,10.1038/s41467-023-39639-3,Earthquake focal mechanisms with distributed acoustic sensing,2023,Nature Communications,article,S5b_DAS_no_microseismic_term,1,Xt,excluded: task out of scope,,0
m1261,https://openalex.org/W4313519124,10.3390/en16010522,The Effectiveness of Distributed Acoustic Sensing (DAS) for Broken Rail Detection,2023,Energies,article,S5b_DAS_no_microseismic_term,1,Xs,excluded: setting out of scope,,0
m1262,https://openalex.org/W3208848206,10.1088/1755-1315/861/4/042034,Tunnel disturbance events monitoring and recognition with distributed acoustic sensing (DAS),2021,IOP Conference Series Earth and Environmental Science,conference-paper,S5b_DAS_no_microseismic_term,1,Xs,excluded: setting out of scope,,0
m1263,https://openalex.org/W3034066578,10.1190/geo2019-0597.1,SC-PSNET: A deep neural network for automatic P- and S-phase detection and arrival-time picker using 1C recordings,2020,Geophysics,article,S5b_DAS_no_microseismic_term,1,I,included,,1
m1264,https://openalex.org/W4229457786,10.1360/tb-2022-0155,Detecting aftershocks of the MS6.9 Menyuan earthquake and mapping blind faults by a distributed acoustic sensing array with an existing fiber-optic cable,2022,Chinese Science Bulletin (Chinese Version),article,S5b_DAS_no_microseismic_term,1,Xs,excluded: setting out of scope,,0
m1265,https://openalex.org/W4392251580,10.1109/tgrs.2024.3371052,DAS Vehicle Signal Extraction Using Machine Learning in Urban Traffic Monitoring,2024,IEEE Transactions on Geoscience and Remote Sensing,article,S5b_DAS_no_microseismic_term,1,Xs,excluded: setting out of scope,,0
m1266,https://openalex.org/W3162487738,10.1109/icassp39728.2021.9415049,Automatic Fine-Grained Localization of Utility Pole Landmarks on Distributed Acoustic Sensing Traces Based on Bilinear Resnets,2021,,conference-paper,S5b_DAS_no_microseismic_term,1,Xs,excluded: setting out of scope,,0
m1267,https://openalex.org/W4200615964,10.1002/9781119521808.ch10,Using Telecommunication Fiber Infrastructure for Earthquake Monitoring and Near‐Surface Characterization,2021,Geophysical monograph,other,S5b_DAS_no_microseismic_term,1,Xs,excluded: setting out of scope,,0
m1268,https://openalex.org/W4353016444,10.1038/s41598-023-31779-2,"Distributed dynamic strain sensing of very long period and long period events on telecom fiber-optic cables at Vulcano, Italy",2023,Scientific Reports,article,S5b_DAS_no_microseismic_term,1,Xs,excluded: setting out of scope,,0
m1269,https://openalex.org/W4389455418,10.2118/218389-pa,Oil-Water Flowing Experiments and Water-Cut Range Classification Approach Using Distributed Acoustic Sensing,2023,SPE Journal,article,S5b_DAS_no_microseismic_term,1,Xs,excluded: setting out of scope,,0
m1270,https://openalex.org/W4401918295,10.3390/w16172409,Intrusion Event Classification of a Drainage Tunnel Based on Principal Component Analysis and Neural Networking,2024,Water,article,S5b_DAS_no_microseismic_term,1,Xs,excluded: setting out of scope,,0
m1271,https://openalex.org/W4387496172,10.1785/0120230116,Wavefield Modeling and Analysis of Lightning Quakes Measured by a Distributed Acoustic Sensing Array,2023,Bulletin of the Seismological Society of America,article,S5b_DAS_no_microseismic_term,1,Xs,excluded: setting out of scope,,0
m1272,https://openalex.org/W3164250242,10.3390/app11114874,A Machine Learning-Based Seismic Data Compression and Interpretation Using a Novel Shifted-Matrix Decomposition Algorithm,2021,Applied Sciences,article,S5b_DAS_no_microseismic_term,1,Xt,excluded: task out of scope,,0
m1273,https://openalex.org/W4407114615,10.1093/gji/ggae459,Towards a widely applicable earthquake detection algorithm for fibreoptic and hybrid fibreoptic-seismometer networks,2025,Geophysical Journal International,article,S5b_DAS_no_microseismic_term,1,Xn,excluded: no ML or DL component,,0
m1274,https://openalex.org/W4413161777,10.1016/j.geoen.2025.214162,Sophisticated distributed acoustic sensing (DAS) for real-time monitoring and analysis of wellbore integrity,2025,Geoenergy Science and Engineering,article,S5b_DAS_no_microseismic_term,1,Xs,excluded: setting out of scope,,0
m1275,https://openalex.org/W4378230897,10.3997/2214-4609.202310393,Automation of Distributed Acoustic Sensing Passive Seismic Processing,2023,,conference-paper,S5b_DAS_no_microseismic_term,1,I,included,,1
m1276,https://openalex.org/W4386927881,10.1190/geo2023-0919-spseintro.1,Distributed acoustic sensing in geophysics — Introduction,2023,Geophysics,article,S5b_DAS_no_microseismic_term,1,Xp,"excluded: secondary study (review, survey)",,0
m1277,https://openalex.org/W2771220573,10.1109/oecc.2017.8114764,BOTDA system using artificial neural network,2017,,conference-abstract,S5b_DAS_no_microseismic_term,1,Xs,excluded: setting out of scope,,0
m1278,https://openalex.org/W4386191295,10.1093/gji/ggad333,Monitoring seismicity triggered by geothermal site shutdown with a surface DAS array at Brady Hot Springs,2023,Geophysical Journal International,article,S5b_DAS_no_microseismic_term,1,I,included,,1
m1279,https://openalex.org/W4322491885,10.1190/int-2022-0098.1,Imaging distributed acoustic sensing-to-geophone conversion data: A field application to CO2 sequestration data,2023,Interpretation,article,S5b_DAS_no_microseismic_term,1,Xn,excluded: no ML or DL component,,0
m1280,https://openalex.org/W3130877047,10.3997/2214-4609.202131024,Towards fast DAS passive seismic monitoring combining Compressive Sensing with a deep learning decoder,2021,,conference-paper,S5b_DAS_no_microseismic_term,1,Xt,excluded: task out of scope,,0
m1281,https://openalex.org/W4406794073,10.1109/tgrs.2025.3533597,Unsupervised Deep Learning for DAS-VSP Denoising Using Attention-Based Deep Image Prior,2025,IEEE Transactions on Geoscience and Remote Sensing,article,S5b_DAS_no_microseismic_term,1,Xt,excluded: task out of scope,,0
m1282,https://openalex.org/W4386441095,10.1007/s10712-023-09800-0,A Review of the Source Characteristics and Physical Mechanisms of Very Long Period (VLP) Seismic Signals at Active Volcanoes,2023,Surveys in Geophysics,article,S5b_DAS_no_microseismic_term,1,Xp,"excluded: secondary study (review, survey)",,0
m1283,https://openalex.org/W4313890988,10.3389/feart.2022.993465,Simultaneous reconstruction and denoising for DAS-VSP seismic data by RRU-net,2023,Frontiers in Earth Science,article,S5b_DAS_no_microseismic_term,1,Xt,excluded: task out of scope,,0
m1284,https://openalex.org/W4402050736,10.31223/x5zd7w,Towards a widely applicable earthquake detection algorithm for fibreoptic and hybrid fibreoptic-seismometer networks,2024,,preprint,S5b_DAS_no_microseismic_term,1,Xn,excluded: no ML or DL component,,0
m1285,https://openalex.org/W4390495501,10.1190/tle43010024.1,Real-time passive seismic monitoring using DAS — Today's solutions and remaining challenges,2024,The Leading Edge,article,S5b_DAS_no_microseismic_term,1,Xp,"excluded: secondary study (review, survey)",,0
m1286,https://openalex.org/W4414738344,10.1190/tle44100778.1,Engineering 4D seismic monitoring: A data-driven blueprint from the Devine hydrogen test site,2025,The Leading Edge,article,S5b_DAS_no_microseismic_term,1,Xn,excluded: no ML or DL component,,0
m1287,https://openalex.org/W2918624941,10.2118/0319-0086-jpt,Technology Focus: Seismic,2019,Journal of Petroleum Technology,article,S5b_DAS_no_microseismic_term,1,Xp,"excluded: secondary study (review, survey)",,0
m1288,https://openalex.org/W4285816527,10.1109/i2ct54291.2022.9824045,Strategic-cum-Domestic vehicular movement detection through Deep Learning approach using designed Fiber-Optic distributed vibration sensor,2022,2022 IEEE 7th International conference for Convergence in Technology (I2CT),conference-paper,S5b_DAS_no_microseismic_term,1,Xs,excluded: setting out of scope,,0
m1289,https://openalex.org/W7127042881,10.1038/s41598-026-37888-y,A novel deep-learning model to convert DAS strain to geophone particle velocity: application to PoroTomo data from the Brady geothermal field,2026,Scientific Reports,article,S5b_DAS_no_microseismic_term,1,Xt,excluded: task out of scope,,0
m1290,https://openalex.org/W4413221522,10.1111/1365-2478.70063,A Deep Learning–Based Dual Latent Space Method for the Estimation of Physical Flow Properties From Fibre‐Optic Measurements,2025,Geophysical Prospecting,article,S5b_DAS_no_microseismic_term,1,Xs,excluded: setting out of scope,,0
m1291,https://openalex.org/W3196869168,10.1190/segam2021-3594099.1,Seismic monitoring for CO2 sequestration: DAS + FWI + ML,2021,,conference-paper,S5b_DAS_no_microseismic_term,1,Xt,excluded: task out of scope,,0
m1292,https://openalex.org/W3207987013,10.1155/2021/4223858,Advancement of Hydraulic Fracture Diagnostics in Unconventional Formations,2021,Geofluids,article,S5b_DAS_no_microseismic_term,1,Xp,"excluded: secondary study (review, survey)",,0
m1293,https://openalex.org/W4392114210,10.1109/tim.2024.3369087,A Surveillance System for Urban Utility Tunnel Subject to Third-Party Threats Based on Fiber-Optic DAS and FPN-BiLSTM Network,2024,IEEE Transactions on Instrumentation and Measurement,article,S5b_DAS_no_microseismic_term,1,Xs,excluded: setting out of scope,,0
m1294,https://openalex.org/W7163337411,10.1038/s41467-026-72223-z,Rapid earthquake magnitude classification via P-wave strains from borehole strainmeters and Distributed Acoustic Sensing,2026,Nature Communications,article,S5b_DAS_no_microseismic_term,1,Xs,excluded: setting out of scope,,0
m1295,https://openalex.org/W7169117221,10.56952/arma-2026-0783,Deep Learning and Fiber-Optic Sensing for Earthquake Monitoring and Subsurface Imaging,2026,,conference-paper,S5b_DAS_no_microseismic_term,1,Xp,"excluded: secondary study (review, survey)",,0
m1296,https://openalex.org/W7167711682,10.63929/22020586.2025.1.001,Supervised Deep Learning for Passive Seismic Event Detection Using DAS: Methodology and Field Application,2025,ASEG Extended Abstracts,conference-abstract,S5b_DAS_no_microseismic_term,1,Xd,collapsed: second report of an included study,m494,0
m1297,https://openalex.org/W4386639484,10.3390/s23187810,Fiber Optic-Based Durability Monitoring in Smart Concrete: A State-of-Art Review,2023,Sensors,article,S5b_DAS_no_microseismic_term,1,Xs,excluded: setting out of scope,,0
m1298,https://openalex.org/W4410592160,10.1117/12.3065984,Distributed acoustic sensing in submarine optical fibers,2025,,conference-paper,S5b_DAS_no_microseismic_term,1,Xs,excluded: setting out of scope,,0
m1299,https://openalex.org/W2922558549,10.2523/iptc-19418-ms,Intelligent Oilfield - Cloud Based Big Data Service in Upstream Oil and Gas,2019,International Petroleum Technology Conference,conference-paper,S5b_DAS_no_microseismic_term,1,Xp,"excluded: secondary study (review, survey)",,0
m1300,https://openalex.org/W7131678171,10.3997/2214-4609.202636004,"Illuminating the Subsurface by using DAS, Machine-Learning and Crosswell Seismic Tomography",2026,,conference-paper,S5b_DAS_no_microseismic_term,1,Xt,excluded: task out of scope,,0
m1301,https://openalex.org/W4410292761,10.1117/12.3051072,Transfer learning using DAS for blasting event identification,2025,,conference-paper,S5b_DAS_no_microseismic_term,1,I,included,,1
m1302,https://openalex.org/W4399188309,10.3997/2214-4609.2024101028,A Deep Learning Approach for Passive Seismic Sources Locating and Subsurface Property Characterisation,2024,,conference-paper,S5b_DAS_no_microseismic_term,1,Xd,collapsed: second report of an included study,m494,0
m1303,https://openalex.org/W7171098582,10.3997/2214-4609.202620202,The GEOMETRIC Project: Earthwork Condition Monitoring using Distributed Acoustic Sensing (DAS),2026,,conference-paper,S5b_DAS_no_microseismic_term,1,Xs,excluded: setting out of scope,,0
m1304,https://openalex.org/W4412881973,10.1080/10589759.2025.2528931,Research status and prospect of intelligent wells reservoir monitoring technology,2025,Nondestructive Testing And Evaluation,article,S5b_DAS_no_microseismic_term,1,Xp,"excluded: secondary study (review, survey)",,0
m1305,https://openalex.org/W7140864608,10.1109/agers67633.2025.11446346,Framework for Real-Time Anomaly Detection in Carbon Capture and Storage using Distributed Acoustic Sensing Data,2025,,conference-paper,S5b_DAS_no_microseismic_term,1,Xt,excluded: task out of scope,,0
m1306,https://openalex.org/W4291753928,10.1190/image2022-3751282.1,"Time-lapse attenuation variations during CO2 injection using DAS VSP data from the CaMI Field Research Station, Alberta, Canada",2022,,conference-paper,S5b_DAS_no_microseismic_term,1,Xt,excluded: task out of scope,,0
m1307,https://openalex.org/W4415389730,10.4043/36028-ms,Well and Reservoir Surveillance Using Permanent Distributed Fiber Optic Sensing in Offshore Fields: A Literature Review of Actual Applications and Ongoing Research,2025,OTC Brasil,conference-paper,S5b_DAS_no_microseismic_term,1,Xp,"excluded: secondary study (review, survey)",,0
m1308,https://openalex.org/W4405431665,10.1190/image2024-4093371.1,Background noise suppression for DAS-VSP data using attention-based deep image prior,2024,,conference-paper,S5b_DAS_no_microseismic_term,1,Xt,excluded: task out of scope,,0
m1309,https://openalex.org/W4392054895,10.3997/2214-4609.202376038,Artificial Intelligence Based DAS Microseismic Source Mechanism Inversion,2023,,conference-paper,S5b_DAS_no_microseismic_term,1,Xt,excluded: task out of scope,,0
m1310,https://openalex.org/W4399186589,10.3997/2214-4609.202410885,Removing DAS Hardware Noise: a Comparison Between Traditional and Weakly Supervised Machine Learning Approaches,2024,,conference-paper,S5b_DAS_no_microseismic_term,1,Xt,excluded: task out of scope,,0
m1311,https://openalex.org/W7202298052,10.1088/1361-6501/ae989e,A study on prototypical networks for DAS acoustic event classification in railway trackside safety monitoring,2026,Measurement Science and Technology,article,S5b_DAS_no_microseismic_term,1,Xs,excluded: setting out of scope,,0
m1312,https://openalex.org/W4416771751,10.1109/tim.2025.3633374,A Semantic Representation Framework for Diverse DAS Noise Suppression Using Spatially Adaptive Discriminative GAN,2025,IEEE Transactions on Instrumentation and Measurement,article,S5b_DAS_no_microseismic_term,1,Xt,excluded: task out of scope,,0
m1313,https://openalex.org/W7162096190,10.1785/0220260046,Active-Source Environmental Seismology,2026,Seismological Research Letters,article,S5b_DAS_no_microseismic_term,1,Xp,"excluded: secondary study (review, survey)",,0
m1314,https://openalex.org/W4401480628,10.56952/arma-2024-0396,Monitoring the Propagating Process of Hydraulic Fracture with Fiber Optic Strain and Strain Rate Technology,2024,,conference-paper,S5b_DAS_no_microseismic_term,1,Xn,excluded: no ML or DL component,,0
m1315,https://openalex.org/W4405360377,10.1115/ipc2024-131772,Managing Scaleup: Installation of a Novel Integrity Monitoring System Through Challenging Terrain,2024,,conference-paper,S5b_DAS_no_microseismic_term,1,Xs,excluded: setting out of scope,,0
m1316,https://openalex.org/W4399186200,10.3997/2214-4609.202410954,Feasibility Study of Denoising Instrumental Noise of Raw SOV-DAS Data with Deep Learning,2024,,conference-paper,S5b_DAS_no_microseismic_term,1,Xt,excluded: task out of scope,,0
m1317,https://openalex.org/W4407012064,10.2118/0225-0090-jpt,Technology Focus: Seismic (February 2025),2025,Journal of Petroleum Technology,article,S5b_DAS_no_microseismic_term,1,Xp,"excluded: secondary study (review, survey)",,0
m1318,https://openalex.org/W4412416617,10.3997/2214-4609.202510518,An Example of Adaptive Seismic Monitoring of CCS using the SEAM CO2 Model,2025,,conference-paper,S5b_DAS_no_microseismic_term,1,Xn,excluded: no ML or DL component,,0
m1319,https://openalex.org/W4403657727,10.3997/2214-4609.202420193,Advanced Seismic Imaging Solutions for Nuclear Waste Repository Site Evaluation and Characterization,2024,,conference-paper,S5b_DAS_no_microseismic_term,1,Xp,"excluded: secondary study (review, survey)",,0
m1320,https://openalex.org/W4415139020,10.2118/228247-ms,A Hybrid Workflow for Fracture Geometry Characterization: Forward Propagation Modeling Integrated with In-Well DAS Data Interpretation,2025,SPE Annual Technical Conference and Exhibition,conference-paper,S5b_DAS_no_microseismic_term,1,Xn,excluded: no ML or DL component,,0
m1321,https://openalex.org/W7161032942,10.48550/arxiv.2605.10953,Parameter-Efficient Adaptation of Pre-Trained Vision Foundation Models for Active and Passive Seismic Data Denoising,2026,arXiv (Cornell University),preprint,S5b_DAS_no_microseismic_term,1,Xt,excluded: task out of scope,,0
m1322,https://openalex.org/W4415938852,10.2118/229024-ms,"Navigating the Depths in Offshore Andaman, Indonesia: Revolutionizing Deepwater Drilling with Seismic While Drilling and Fiber-Optic Technologies",2025,,conference-paper,S5b_DAS_no_microseismic_term,1,Xs,excluded: setting out of scope,,0
m1323,https://openalex.org/W7162468547,10.1016/j.iintel.2026.100214,AI-assisted fibre optic sensing frameworks for automated monitoring of railway infrastructure,2026,Journal of Infrastructure Intelligence and Resilience,article,S5b_DAS_no_microseismic_term,1,Xp,"excluded: secondary study (review, survey)",,0
m1324,https://openalex.org/W4415171728,10.2118/228063-ms,"Advanced Fracture Diagnostics in Utah FORGE Enhanced Geothermal Systems(EGS): Integrating Continuous Wavelet Transform(CWT), Microseismic, and Fiber-Optic Data for Enhanced Stimulation Insights",2025,SPE Annual Technical Conference and Exhibition,conference-paper,S5b_DAS_no_microseismic_term,1,Xt,excluded: task out of scope,,0
m1325,https://openalex.org/W4313304382,10.2118/1122-0076-jpt,Technology Focus: Hydraulic Fracturing Modeling (November 2022),2022,Journal of Petroleum Technology,article,S5b_DAS_no_microseismic_term,1,Xp,"excluded: secondary study (review, survey)",,0
m1326,https://openalex.org/W7123344579,10.2523/iptc-25177-ms,Enabling the Digital Well: Fiber Optic Sensing for Intelligent Well Integrity Diagnostics,2026,,conference-paper,S5b_DAS_no_microseismic_term,1,Xs,excluded: setting out of scope,,0
m1327,https://openalex.org/W7204485602,10.1016/j.jgp.2026.07.006,Elastic FWI-driven wavefield solutions leveraging multi-seismic acquisition for imaging complex carbonate environments: Insights from Southeast Asia,2026,Journal of Geophysical Prospecting,article,S5b_DAS_no_microseismic_term,1,Xs,excluded: setting out of scope,,0
m1328,https://openalex.org/W7118407825,10.2139/ssrn.6036678,A Cyber-Physical Framework for AI-Integrated Monitoring and Control of Carbon Capture and Storage Integrity: Conceptualisation and System Architecture,2026,SSRN Electronic Journal,preprint,S5b_DAS_no_microseismic_term,0,Xp,"excluded: secondary study (review, survey)",,0
m1329,https://openalex.org/W7136975128,10.1088/1742-6596/3178/1/012023,DAS-Based double-difference tomography of the NanAo offshore area: feasibility and initial result,2026,Journal of Physics Conference Series,conference-paper,S5b_DAS_no_microseismic_term,1,Xs,excluded: setting out of scope,,0
m1330,https://openalex.org/W4408782257,10.3720/japt.89.13,Continuous monitoring and modeling for safe CCS,2024,Journal of the Japanese Association for Petroleum Technology,article,S5b_DAS_no_microseismic_term,1,Xp,"excluded: secondary study (review, survey)",,0
m1331,https://openalex.org/W7169615922,10.58286/33948,Rockfall Monitoring for Highways Based on Distributed Fiber Optics and Model Merging,2026,e-Journal of Nondestructive Testing,article,S5b_DAS_no_microseismic_term,1,I,included,,1
m1332,https://openalex.org/W7171418756,10.1007/s12145-026-02189-5,Advanced cvPINN-TL-DFN reconstruction and multi-scale transfer learning of complex fracture networks in granite for enhanced geothermal systems applications,2026,Earth Science Informatics,article,S5b_DAS_no_microseismic_term,0,Xt,excluded: task out of scope,,0
m1333,https://openalex.org/W4409987756,10.1190/tle44050413a1.1,Uncertainty quantification in elastic full-waveform inversion as a means to access complementary aspects in DAS and accelerometer data,2025,The Leading Edge,article,S5b_DAS_no_microseismic_term,1,Xn,excluded: no ML or DL component,,0
m1334,https://openalex.org/W7213278676,10.3389/fenvs.2026.1919167,Lessons from the ADM Decatur CO2 leakage incident for the future development of carbon storage monitoring technologies,2026,Frontiers in Environmental Science,article,S5b_DAS_no_microseismic_term,1,Xp,"excluded: secondary study (review, survey)",,0
m1335,https://openalex.org/W4413325185,10.1117/12.3072852,Underground backfill pipeline leakage monitoring system based on DAS and ECAPA-TDNN,2025,,conference-paper,S5b_DAS_no_microseismic_term,1,Xs,excluded: setting out of scope,,0
m1336,https://openalex.org/W4413865383,10.2118/0925-0008-jpt,Technology Focus: Reservoir Surveillance (September 2025),2025,Journal of Petroleum Technology,article,S5b_DAS_no_microseismic_term,1,Xp,"excluded: secondary study (review, survey)",,0
m1337,https://openalex.org/W7211887358,10.46690/ager.2026.07.07,Mechanisms and diagnostic methods of fracture‑driven inter‑well interference in shale gas reservoirs,2026,ADVANCES IN GEO-ENERGY RESEARCH,article,S5b_DAS_no_microseismic_term,1,Xn,excluded: no ML or DL component,,0
m1338,https://openalex.org/W4410794524,10.2118/225721-ms,"Global Record Completion Including 12 Zone Intelligent Completion, Fiber Optic Sensing, and Chemical Tracers",2025,SPE/IADC Middle East Drilling Technology Conference and Exhibition,conference-paper,S5b_DAS_no_microseismic_term,1,Xs,excluded: setting out of scope,,0
m1339,https://openalex.org/W7135086954,10.1155/er/2226252,Research on the DAS Recognition Method for Blockages in Long‐Distance Downhole Backfilling Pipelines of Goaf Coal Gangue Slurry,2026,International Journal of Energy Research,article,S5b_DAS_no_microseismic_term,1,Xs,excluded: setting out of scope,,0
m1340,https://openalex.org/W4210364056,10.3390/math10030449,"Predictive Modeling of Short-Term Rockburst for the Stability of Subsurface Structures Using Machine Learning Approaches: t-SNE, K-Means Clustering and XGBoost",2022,Mathematics,article,S5c_mining_seismicity_terms,1,Xt,excluded: task out of scope,,0
m1341,https://openalex.org/W2757022822,10.1016/j.eng.2017.04.013,"Monitoring, Warning, and Control of Rockburst in Deep Metal Mines",2017,Engineering,article,S5c_mining_seismicity_terms,1,Xp,"excluded: secondary study (review, survey)",,0
m1342,https://openalex.org/W3008487040,10.1016/j.ijrmms.2020.104279,Rockburst assessment in deep geotechnical conditions using true-triaxial tests and data-driven approaches,2020,International Journal of Rock Mechanics and Mining Sciences,article,S5c_mining_seismicity_terms,0,Xt,excluded: task out of scope,,0
m1343,https://openalex.org/W3111590410,10.1029/2020jb020135,Predicting Global Marine Sediment Density Using the Random Forest Regressor Machine Learning Algorithm,2020,Journal of Geophysical Research Solid Earth,article,S5c_mining_seismicity_terms,1,Xs,excluded: setting out of scope,,0
m1344,https://openalex.org/W2806312888,10.1109/access.2018.2839754,Application of Cloud Model in Rock Burst Prediction and Performance Comparison with Three Machine Learning Algorithms,2018,IEEE Access,article,S5c_mining_seismicity_terms,1,Xt,excluded: task out of scope,,0
m1345,https://openalex.org/W4400238582,10.3390/app14135719,Deep Learning in Rockburst Intensity Level Prediction: Performance Evaluation and Comparison of the NGO-CNN-BiGRU-Attention Model,2024,Applied Sciences,article,S5c_mining_seismicity_terms,1,Xt,excluded: task out of scope,,0
m1346,https://openalex.org/W3215449352,10.1109/joe.2021.3110322,Seabed Classification Using a Convolutional Neural Network on Explosive Sounds,2021,IEEE Journal of Oceanic Engineering,article,S5c_mining_seismicity_terms,1,Xs,excluded: setting out of scope,,0
m1347,https://openalex.org/W3119457337,10.1007/s11053-020-09787-0,Strength of Stacking Technique of Ensemble Learning in Rockburst Prediction with Imbalanced Data: Comparison of Eight Single and Ensemble Models,2021,Natural Resources Research,article,S5c_mining_seismicity_terms,0,Xt,excluded: task out of scope,,0
m1348,https://openalex.org/W4391383754,10.1007/s00603-023-03715-3,Intelligent Dynamic Warning Method of Rockburst Risk and Level Based on Recurrent Neural Network,2024,Rock Mechanics and Rock Engineering,article,S5c_mining_seismicity_terms,0,Xt,excluded: task out of scope,,0
m1349,https://openalex.org/W4386387323,10.1007/s00603-023-03522-w,Short-Term Rockburst Damage Assessment in Burst-Prone Mines: An Explainable XGBOOST Hybrid Model with SCSO Algorithm,2023,Rock Mechanics and Rock Engineering,article,S5c_mining_seismicity_terms,0,Xt,excluded: task out of scope,,0
m1350,https://openalex.org/W4319077438,10.1007/s42461-022-00713-x,"Performance Evaluation of Rockburst Prediction Based on PSO-SVM, HHO-SVM, and MFO-SVM Hybrid Models",2023,Mining Metallurgy & Exploration,article,S5c_mining_seismicity_terms,0,Xt,excluded: task out of scope,,0
m1351,https://openalex.org/W4253084265,10.1007/s10706-021-01867-z,Enhancing Machine Learning Algorithms to Assess Rock Burst Phenomena,2021,Geotechnical and Geological Engineering,article,S5c_mining_seismicity_terms,0,Xt,excluded: task out of scope,,0
m1352,https://openalex.org/W3013446540,10.1121/10.0001728,Seabed classification using physics-based modeling and machine learning,2020,The Journal of the Acoustical Society of America,article,S5c_mining_seismicity_terms,1,Xs,excluded: setting out of scope,,0
m1353,https://openalex.org/W3205923397,10.1007/s10064-021-02460-7,Rockburst intensity evaluation by a novel systematic and evolved approach: machine learning booster and application,2021,Bulletin of Engineering Geology and the Environment,article,S5c_mining_seismicity_terms,0,Xt,excluded: task out of scope,,0
m1354,https://openalex.org/W4412434563,10.1016/j.jrmge.2025.06.008,Prediction of rockburst risk induced by mine tremor using ensemble learning techniques,2025,Journal of Rock Mechanics and Geotechnical Engineering,article,S5c_mining_seismicity_terms,1,Xt,excluded: task out of scope,,0
m1355,https://openalex.org/W2794113036,10.1016/j.tust.2017.10.009,Statistical assessment of rock burst potential and contributions of considered predictor variables in the task,2018,Tunnelling and Underground Space Technology,article,S5c_mining_seismicity_terms,0,Xt,excluded: task out of scope,,0
m1356,https://openalex.org/W3082831974,10.1007/s11069-020-04255-7,Short-term rockburst risk prediction using ensemble learning methods,2020,Natural Hazards,article,S5c_mining_seismicity_terms,0,Xt,excluded: task out of scope,,0
m1357,https://openalex.org/W3171365846,10.1155/2021/8248443,Prediction and Evaluation of Rockburst Based on Depth Neural Network,2021,Advances in Civil Engineering,article,S5c_mining_seismicity_terms,1,Xt,excluded: task out of scope,,0
m1358,https://openalex.org/W4220743481,10.1007/s11227-022-04424-4,Exploration on coal mining-induced rockburst prediction using Internet of things and deep neural network,2022,The Journal of Supercomputing,article,S5c_mining_seismicity_terms,0,Xt,excluded: task out of scope,,0
m1359,https://openalex.org/W4311034785,10.1007/s11356-022-24420-8,Intelligent prediction of rockburst in tunnels based on back propagation neural network integrated beetle antennae search algorithm,2022,Environmental Science and Pollution Research,article,S5c_mining_seismicity_terms,0,Xt,excluded: task out of scope,,0
m1360,https://openalex.org/W4390576963,10.1109/joe.2023.3331423,End-to-End Geoacoustic Inversion With Neural Networks in Shallow Water Using a Single Hydrophone,2024,IEEE Journal of Oceanic Engineering,article,S5c_mining_seismicity_terms,1,Xs,excluded: setting out of scope,,0
m1361,https://openalex.org/W2999062487,10.1007/s00366-019-00908-9,Investigating the effective parameters on the risk levels of rockburst phenomena by developing a hybrid heuristic algorithm,2020,Engineering With Computers,article,S5c_mining_seismicity_terms,0,Xt,excluded: task out of scope,,0
m1362,https://openalex.org/W3167769675,10.1109/access.2021.3089205,Rock-Burst Occurrence Prediction Based on Optimized Naïve Bayes Models,2021,IEEE Access,article,S5c_mining_seismicity_terms,1,Xt,excluded: task out of scope,,0
m1363,https://openalex.org/W2976351825,10.1007/978-3-030-32029-4_25,Rockburst Prediction Based on Particle Swarm Optimization and Machine Learning Algorithm,2019,Springer series in geomechanics and geoengineering,conference-paper,S5c_mining_seismicity_terms,0,Xt,excluded: task out of scope,,0
m1364,https://openalex.org/W4220673623,10.1121/10.0009850,Deep-learning geoacoustic inversion using multi-range vertical array data in shallow water,2022,The Journal of the Acoustical Society of America,article,S5c_mining_seismicity_terms,1,Xs,excluded: setting out of scope,,0
m1365,https://openalex.org/W3217054445,10.3390/math9222965,Rockburst Interpretation by a Data-Driven Approach: A Comparative Study,2021,Mathematics,article,S5c_mining_seismicity_terms,1,Xt,excluded: task out of scope,,0
m1366,https://openalex.org/W4367675034,10.1016/j.tust.2023.105180,Application of KM-SMOTE for rockburst intelligent prediction,2023,Tunnelling and Underground Space Technology,article,S5c_mining_seismicity_terms,0,Xt,excluded: task out of scope,,0
m1367,https://openalex.org/W4387836979,10.1007/s44295-023-00005-0,Advances and applications of machine learning in underwater acoustics,2023,Intelligent Marine Technology and Systems,article,S5c_mining_seismicity_terms,1,Xs,excluded: setting out of scope,,0
m1368,https://openalex.org/W4385437968,10.1016/j.tust.2023.105331,Analysis and prediction of rockburst intensity using improved D-S evidence theory based on multiple machine learning algorithms,2023,Tunnelling and Underground Space Technology,article,S5c_mining_seismicity_terms,0,Xt,excluded: task out of scope,,0
m1369,https://openalex.org/W3181690476,10.1155/2021/7968730,Rockburst Prediction Based on the KPCA‐APSO‐SVM Model and Its Engineering Application,2021,Shock and Vibration,article,S5c_mining_seismicity_terms,1,Xt,excluded: task out of scope,,0
m1370,https://openalex.org/W3138513757,10.1190/geo2020-0726.1,Electromagnetic radiation interference signal recognition in coal rock mining based on recurrent neural networks,2021,Geophysics,article,S5c_mining_seismicity_terms,1,Xm,excluded: other sensing modality or regional networks only,,0
m1371,https://openalex.org/W2941242975,10.1007/s00024-019-02197-1,Applying Machine Learning Approaches to Evaluating Rockburst Liability: A Comparation of Generative and Discriminative Models,2019,Pure and Applied Geophysics,article,S5c_mining_seismicity_terms,0,Xt,excluded: task out of scope,,0
m1372,https://openalex.org/W4389274989,10.1088/1361-6463/ad11bb,Thermal monitoring and deep learning approach for early warning prediction of rock burst in underground structures,2023,Journal of Physics D Applied Physics,article,S5c_mining_seismicity_terms,1,Xs,excluded: setting out of scope,,0
m1373,https://openalex.org/W4378980465,10.1088/1742-6596/2486/1/012068,A Convolutional Neural Network Combining Classification and Regression for Source Localization in Shallow Water,2023,Journal of Physics Conference Series,conference-paper,S5c_mining_seismicity_terms,1,Xs,excluded: setting out of scope,,0
m1374,https://openalex.org/W3190934349,10.1007/s12145-021-00658-7,Method for EMR and AE interference signal identification in coal rock mining based on recurrent neural networks,2021,Earth Science Informatics,article,S5c_mining_seismicity_terms,0,Xm,excluded: other sensing modality or regional networks only,,0
m1375,https://openalex.org/W2961148607,10.1016/j.jrmge.2019.03.002,Ground support design for dynamic loading conditions: A quantitative data-driven approach based on rockburst case studies,2019,Journal of Rock Mechanics and Geotechnical Engineering,article,S5c_mining_seismicity_terms,1,Xt,excluded: task out of scope,,0
m1376,https://openalex.org/W4402765457,10.1007/s11053-024-10412-7,A New Method of Rockburst Prediction for Categories with Sparse Data Using Improved XGBoost Algorithm,2024,Natural Resources Research,article,S5c_mining_seismicity_terms,0,Xt,excluded: task out of scope,,0
m1377,https://openalex.org/W4383163665,10.1016/j.engappai.2023.106591,AdaBoost-driven multi-parameter real-time warning of rock burst risk in coal mines,2023,Engineering Applications of Artificial Intelligence,article,S5c_mining_seismicity_terms,0,Xt,excluded: task out of scope,,0
m1378,https://openalex.org/W4323060439,10.1109/icicsp55539.2022.10050595,A Case Study of Geoacoustic Inversion Based on Convolutional Neural Network Using Vertical Array Data,2022,,conference-paper,S5c_mining_seismicity_terms,1,Xs,excluded: setting out of scope,,0
m1379,https://openalex.org/W3196074545,10.1121/10.0005936,Seabed classification from merchant ship-radiated noise using a physics-based ensemble of deep learning algorithms,2021,The Journal of the Acoustical Society of America,article,S5c_mining_seismicity_terms,1,Xs,excluded: setting out of scope,,0
m1380,https://openalex.org/W3134835193,10.1007/s10064-021-02173-x,Microseismicity-based method for the dynamic estimation of the potential rockburst scale during tunnel excavation,2021,Bulletin of Engineering Geology and the Environment,article,S5c_mining_seismicity_terms,0,Xt,excluded: task out of scope,,0
m1381,https://openalex.org/W4401706791,10.1007/s10462-024-10898-w,Application of artificial intelligence in coal mine ultra-deep roadway engineering—a review,2024,Artificial Intelligence Review,article,S5c_mining_seismicity_terms,1,Xp,"excluded: secondary study (review, survey)",,0
m1382,https://openalex.org/W4224921956,10.1007/s10064-022-02659-2,Intelligent prediction of rockburst based on Copula-MC oversampling architecture,2022,Bulletin of Engineering Geology and the Environment,article,S5c_mining_seismicity_terms,0,Xt,excluded: task out of scope,,0
m1383,https://openalex.org/W4393902900,10.1007/s00603-024-03847-0,A Transparent and Valid Framework for Rockburst Assessment: Unifying Interpretable Machine Learning and Conformal Prediction,2024,Rock Mechanics and Rock Engineering,article,S5c_mining_seismicity_terms,0,Xt,excluded: task out of scope,,0
m1384,https://openalex.org/W4382753157,10.1016/j.undsp.2023.05.003,Combined prediction of rockburst based on multiple factors and stacking ensemble algorithm,2023,Underground Space,article,S5c_mining_seismicity_terms,1,Xt,excluded: task out of scope,,0
m1385,https://openalex.org/W4416266253,10.1016/j.sue.2025.09.001,Rockburst prediction using machine learning: Comparative study of algorithms and features,2025,Smart Underground Engineering,article,S5c_mining_seismicity_terms,1,Xt,excluded: task out of scope,,0
m1386,https://openalex.org/W4412880527,10.1016/j.enggeo.2025.108245,Effects of structural plane on rockburst in tunnel: A review based on published cases,2025,Engineering Geology,article,S5c_mining_seismicity_terms,0,Xt,excluded: task out of scope,,0
m1387,https://openalex.org/W2753176137,10.1080/00949655.2017.1367000,Statistical analysis of rock-burst events in underground mines and excavations to present reasonable data-driven predictors,2017,Journal of Statistical Computation and Simulation,article,S5c_mining_seismicity_terms,1,Xt,excluded: task out of scope,,0
m1388,https://openalex.org/W4402213201,10.1016/j.tust.2024.106060,Rockburst early-warning method based on time series prediction of multiple acoustic emission parameters,2024,Tunnelling and Underground Space Technology,article,S5c_mining_seismicity_terms,0,Xt,excluded: task out of scope,,0
m1389,https://openalex.org/W4306873706,10.3389/fpubh.2022.1023890,Application of KNN-based isometric mapping and fuzzy c-means algorithm to predict short-term rockburst risk in deep underground projects,2022,Frontiers in Public Health,article,S5c_mining_seismicity_terms,1,Xt,excluded: task out of scope,,0
m1390,https://openalex.org/W4320499010,10.1121/10.0017118,Machine-learning-based simultaneous detection and ranging of impulsive baleen whale vocalizations using a single hydrophone,2023,The Journal of the Acoustical Society of America,article,S5c_mining_seismicity_terms,1,Xs,excluded: setting out of scope,,0
m1391,https://openalex.org/W3192053277,10.1007/s12665-021-09802-4,A novel tree-based algorithm for real-time prediction of rockburst risk using field microseismic monitoring,2021,Environmental Earth Sciences,article,S5c_mining_seismicity_terms,0,Xt,excluded: task out of scope,,0
m1392,https://openalex.org/W3084772968,10.1007/s11069-020-04304-1,Back-analysis for initial ground stress field at a diamond mine using machine learning approaches,2020,Natural Hazards,article,S5c_mining_seismicity_terms,0,Xt,excluded: task out of scope,,0
m1393,https://openalex.org/W4406159133,10.1007/s00603-024-04366-8,GFFMNet: Prediction Method for Coal Mine Seismic Focal Mechanisms Based on GCN,2025,Rock Mechanics and Rock Engineering,article,S5c_mining_seismicity_terms,0,Xt,excluded: task out of scope,,0
m1394,https://openalex.org/W4392912755,10.1007/s00603-024-03811-y,Rockburst Intensity Grade Prediction Based on Data Preprocessing Techniques and Multi-model Ensemble Learning Algorithms,2024,Rock Mechanics and Rock Engineering,article,S5c_mining_seismicity_terms,0,Xt,excluded: task out of scope,,0
m1395,https://openalex.org/W4410067790,10.1038/s41598-025-91518-7,Research on rock burst prediction based on an integrated model,2025,Scientific Reports,article,S5c_mining_seismicity_terms,1,Xt,excluded: task out of scope,,0
m1396,https://openalex.org/W4391600907,10.3390/s24041090,Multi-Method Technics and Deep Neural Networks Tools on Board ARGO USV for the Geoarchaeological and Geomorphological Mapping of Coastal Areas: The Case of Puteoli Roman Harbour,2024,Sensors,article,S5c_mining_seismicity_terms,1,Xs,excluded: setting out of scope,,0
m1397,https://openalex.org/W3004792408,10.1080/0951192x.2020.1718770,Discriminant analysis of mine quake type and intensity based on a deep neural network,2020,International Journal of Computer Integrated Manufacturing,article,S5c_mining_seismicity_terms,1,I,included,,1
m1398,https://openalex.org/W4413944354,10.3390/app15179567,Inversion Analysis of Stress Fields Based on the LSTM–Attention Neural Network,2025,Applied Sciences,article,S5c_mining_seismicity_terms,1,Xt,excluded: task out of scope,,0
m1399,https://openalex.org/W4381382638,10.1007/s00603-023-03388-y,Cluster Analysis of Moment Tensor Solutions and its Application to Rockburst Risk Assessment in Underground Coal Mines,2023,Rock Mechanics and Rock Engineering,article,S5c_mining_seismicity_terms,0,Xt,excluded: task out of scope,,0
m1400,https://openalex.org/W4416713204,10.1016/j.ghm.2025.11.003,Pseudo-prospective and prospective rock failure along with rockburst prediction based on acoustic emission,2025,Geohazard Mechanics,article,S5c_mining_seismicity_terms,1,Xt,excluded: task out of scope,,0
m1401,https://openalex.org/W4401028812,10.1063/5.0221722,Comprehensive early warning of rockburst hazards based on unsupervised learning,2024,Physics of Fluids,article,S5c_mining_seismicity_terms,1,Xt,excluded: task out of scope,,0
m1402,https://openalex.org/W4285292375,10.1007/978-981-16-9770-8_7,Prediction of Rockburst Using Supervised Machine Learning,2022,Lecture notes in civil engineering,conference-paper,S5c_mining_seismicity_terms,0,Xt,excluded: task out of scope,,0
m1403,https://openalex.org/W4292259171,10.3390/app12168226,Research on Rockburst Risk Level Prediction Method Based on LightGBM−TCN−RF,2022,Applied Sciences,article,S5c_mining_seismicity_terms,1,Xt,excluded: task out of scope,,0
m1404,https://openalex.org/W4313427624,10.3390/app13010513,A Novel Pressure Relief Hole Recognition Method of Drilling Robot Based on SinGAN and Improved Faster R-CNN,2022,Applied Sciences,article,S5c_mining_seismicity_terms,1,Xs,excluded: setting out of scope,,0
m1405,https://openalex.org/W4412450282,10.1016/j.tust.2025.106888,Enhancing tunnel safety with machine learning models for ground behavior prediction,2025,Tunnelling and Underground Space Technology,article,S5c_mining_seismicity_terms,1,Xt,excluded: task out of scope,,0
m1406,https://openalex.org/W4415246976,10.3390/app152011098,Research on Intelligent Early Warning System and Cloud Platform for Rockburst Monitoring,2025,Applied Sciences,article,S5c_mining_seismicity_terms,1,I,included,,1
m1407,https://openalex.org/W2938549598,10.15344/2456-351x/2018/158,Deep Underground Engineering and The Use of Artificial Intelligence Techniques,2018,International Journal of Earth & Environmental Sciences,article,S5c_mining_seismicity_terms,1,Xp,"excluded: secondary study (review, survey)",,0
m1408,https://openalex.org/W4391341234,10.1109/tii.2024.3353910,Risk Warning of Rock Burst Based on CSA Optimization,2024,IEEE Transactions on Industrial Informatics,article,S5c_mining_seismicity_terms,1,Xt,excluded: task out of scope,,0
m1409,https://openalex.org/W4407637161,10.1016/j.ijmst.2025.01.008,Applicability of existing criteria of rockburst tendency of sandstone in coal mines,2025,International Journal of Mining Science and Technology,article,S5c_mining_seismicity_terms,1,Xs,excluded: setting out of scope,,0
m1410,https://openalex.org/W4415043616,10.1016/j.jappgeo.2025.105982,Interpretability analysis of rockburst risk prediction in coal mines based on machine learning-SHAP,2025,Journal of Applied Geophysics,article,S5c_mining_seismicity_terms,0,Xt,excluded: task out of scope,,0
m1411,https://openalex.org/W4408298831,10.1016/j.jappgeo.2025.105687,Case study on pre-warning and protective measures against rockbursts utilizing the microseismic method in deep underground mining,2025,Journal of Applied Geophysics,article,S5c_mining_seismicity_terms,1,Xt,excluded: task out of scope,,0
m1412,https://openalex.org/W2763979317,10.15446/esrj.v21n3.65216,PNN-based Rockburst Prediction Model and Its Applications,2017,Earth Sciences Research Journal,article,S5c_mining_seismicity_terms,1,Xt,excluded: task out of scope,,0
m1413,https://openalex.org/W4408846459,10.1121/10.0036221,Ensemble approach to deep learning seabed classification using multichannel ship noise,2025,The Journal of the Acoustical Society of America,article,S5c_mining_seismicity_terms,1,Xs,excluded: setting out of scope,,0
m1414,https://openalex.org/W4226421997,10.1109/msn53354.2021.00066,One-Class Support Vector Machine with Particle Swarm Optimization for Geo-Acoustic Anomaly Detection,2021,"2021 17th International Conference on Mobility, Sensing and Networking (MSN)",conference-paper,S5c_mining_seismicity_terms,1,Xs,excluded: setting out of scope,,0
m1415,https://openalex.org/W4402265730,10.1093/gji/ggae316,"Classifying small earthquakes, explosions and collapses in the western United States using physics-based features and machine learning",2024,Geophysical Journal International,article,S5c_mining_seismicity_terms,1,Xm,excluded: other sensing modality or regional networks only,,0
m1416,https://openalex.org/W7160252186,10.1016/j.enganabound.2026.106801,A new method for predicting rockburst intensity levels under unbalanced sample data by integrating deep learning and ensemble learning,2026,Engineering Analysis with Boundary Elements,article,S5c_mining_seismicity_terms,0,Xt,excluded: task out of scope,,0
m1417,https://openalex.org/W4410189607,10.1038/s41598-025-99744-9,Analysis of key geological structures and rockburst prediction method,2025,Scientific Reports,article,S5c_mining_seismicity_terms,1,Xt,excluded: task out of scope,,0
m1418,https://openalex.org/W4415226375,10.1016/j.ijrmms.2025.106305,Relationship between rock brittleness and rockburst early warning time,2025,International Journal of Rock Mechanics and Mining Sciences,article,S5c_mining_seismicity_terms,0,Xt,excluded: task out of scope,,0
m1419,https://openalex.org/W4382560595,10.3390/app13137654,Rock Crack Types Identification by Machine Learning on the Sound Signal,2023,Applied Sciences,article,S5c_mining_seismicity_terms,1,Xs,excluded: setting out of scope,,0
m1420,https://openalex.org/W4411182544,10.1016/j.engappai.2025.111312,Rock burst early warning utilizing acoustic emission and electromagnetic radiation adaptive noise reduction and multi-image feature fusion: a case study,2025,Engineering Applications of Artificial Intelligence,article,S5c_mining_seismicity_terms,0,Xt,excluded: task out of scope,,0
m1421,https://openalex.org/W4417288066,10.1121/10.0041850,Physics-informed machine learning for matched field source-range estimation,2025,The Journal of the Acoustical Society of America,article,S5c_mining_seismicity_terms,1,Xs,excluded: setting out of scope,,0
m1422,https://openalex.org/W4416843791,10.1016/j.engfailanal.2025.110425,Bayesian ensemble learning for rockburst grade prediction in high Geo-Stress TBM tunnels with SHAP-Based interpretability,2025,Engineering Failure Analysis,article,S5c_mining_seismicity_terms,0,Xt,excluded: task out of scope,,0
m1423,https://openalex.org/W4293238282,10.1155/2022/6255119,Mine Ground Pressure Monitoring and Early Warning Based on Deep Learning Data Analysis,2022,Mobile Information Systems,article,S5c_mining_seismicity_terms,1,Xt,excluded: task out of scope,,0
m1424,https://openalex.org/W4404051205,10.20473/jipk.vi.55832,Seabed Geoacoustic Analysis Using Scientific Single Beam Echosounder,2024,Jurnal Ilmiah Perikanan dan Kelautan,article,S5c_mining_seismicity_terms,1,Xs,excluded: setting out of scope,,0
m1425,https://openalex.org/W2903854505,10.1155/2018/7813931,Probabilistic Prediction of Mine Dynamic Disaster Risk Based on Multiple Factor Pattern Recognition,2018,Advances in Civil Engineering,article,S5c_mining_seismicity_terms,1,Xt,excluded: task out of scope,,0
m1426,https://openalex.org/W4414622646,10.1007/s00603-025-04958-y,Model Interpretability and Intensity Prediction of Rockbursts Using a Method Innovation Based on the QGHSCSO-CatBoost Algorithm,2025,Rock Mechanics and Rock Engineering,article,S5c_mining_seismicity_terms,0,Xt,excluded: task out of scope,,0
m1427,https://openalex.org/W4386523980,10.56952/arma-2023-0482,Real-Time Seismic Wave Velocity Prediction for Accurate Source Location in Underground Mines Based on Machine Learning,2023,,conference-paper,S5c_mining_seismicity_terms,1,I,included,,1
m1428,https://openalex.org/W3203214344,10.2172/1817972,Forecasting Marine Sediment Properties with Geospatial Machine Learning,2021,,report,S5c_mining_seismicity_terms,1,Xs,excluded: setting out of scope,,0
m1429,https://openalex.org/W4386492805,10.1109/icnetic59568.2023.00167,Prediction of Mine Pressure Appearance Based on Deep Learning,2023,,conference-paper,S5c_mining_seismicity_terms,1,Xt,excluded: task out of scope,,0
m1430,https://openalex.org/W4410862610,10.3389/feart.2025.1601090,A prototype-based rockburst types and risk prediction algorithm considering intra-class variance and inter-class distance of microseismic data,2025,Frontiers in Earth Science,article,S5c_mining_seismicity_terms,1,Xt,excluded: task out of scope,,0
m1431,https://openalex.org/W4401481639,10.56952/arma-2024-0976,Machine Learning (ML) Model for Blasting and Seismic Event Classification on Chilean Copper Mines,2024,,conference-paper,S5c_mining_seismicity_terms,1,I,included,,1
m1432,https://openalex.org/W4413296436,10.1080/17499518.2025.2547367,Prediction method for rockburst risk using unsupervised clustering in small sample scenarios,2025,Georisk Assessment and Management of Risk for Engineered Systems and Geohazards,article,S5c_mining_seismicity_terms,1,Xt,excluded: task out of scope,,0
m1433,https://openalex.org/W4389949172,10.30686/1609-9192-2023-5s-58-64,Automation of seismic events classification during seismic monitoring at a coal mine using machine learning,2023,Mining Industry Journal (Gornay Promishlennost),article,S5c_mining_seismicity_terms,1,I,included,,1
m1434,https://openalex.org/W4409212599,10.1063/5.0266974,Intelligent recognition of electromagnetic radiation precursory signals of rock fracture based on random forest-adaptive boosting,2025,Physics of Fluids,article,S5c_mining_seismicity_terms,1,Xm,excluded: other sensing modality or regional networks only,,0
m1435,https://openalex.org/W7165666526,10.3390/buildings16122446,"Artificial Intelligence Algorithms in Tunnel Construction Risk Management: A Review of Research Trends, Application Scenarios and Bottlenecks",2026,Buildings,article,S5c_mining_seismicity_terms,1,Xp,"excluded: secondary study (review, survey)",,0
m1436,https://openalex.org/W4415619952,10.1038/s41598-025-89299-0,Comparative study of unbalanced mining disaster risk level prediction based on artificial intelligence algorithms,2025,Scientific Reports,article,S5c_mining_seismicity_terms,1,Xt,excluded: task out of scope,,0
m1437,https://openalex.org/W4302424521,10.21203/rs.3.rs-2128698/v1,Application of KNN-based Isometric Mapping and Fuzzy C-Means Algorithm to Predict Short-term Rockburst Risk in Deep Underground Projects,2022,Research Square,preprint,S5c_mining_seismicity_terms,1,Xt,excluded: task out of scope,,0
m1438,https://openalex.org/W4232319323,10.21203/rs.3.rs-188500/v1,A novel tree-based algorithm for real-time prediction of rockburst risk using field microseismic monitoring,2021,Research Square,preprint,S5c_mining_seismicity_terms,1,Xt,excluded: task out of scope,,0
m1439,https://openalex.org/W7154845213,10.1016/j.rockmb.2026.100343,A rockburst-induced open-type TBM jamming disaster prediction method based on operating data and class weight adaptive KNN algorithm,2026,Rock Mechanics Bulletin,article,S5c_mining_seismicity_terms,1,Xt,excluded: task out of scope,,0
m1440,https://openalex.org/W4415267620,10.3724/1000-6915.jrme.2024.0887,Precursory processes and short-term forecasting model of mode I and mode II single-crack failure in rocks,2025,Chinese journal of rock mechanics and engineering,article,S5c_mining_seismicity_terms,1,Xs,excluded: setting out of scope,,0
m1441,https://openalex.org/W3210406388,10.1109/icspcc52875.2021.9564765,Classification on Underwater Acoustic Propagation Model U sing Convolutional Neural Network,2021,,conference-paper,S5c_mining_seismicity_terms,1,Xs,excluded: setting out of scope,,0
m1442,https://openalex.org/W4385855759,10.21203/rs.3.rs-3224458/v1,Evaluation of Rock Burst Tendency in Western Hubei Based on BP Neural Network,2023,Research Square,preprint,S5c_mining_seismicity_terms,1,Xt,excluded: task out of scope,,0
m1443,https://openalex.org/W2809467446,10.1029/2017jc013638,Using Multibeam Backscatter Data to Investigate Sediment‐Acoustic Relationships,2018,Journal of Geophysical Research Oceans,article,S5c_mining_seismicity_terms,1,Xs,excluded: setting out of scope,,0
m1444,https://openalex.org/W4403864833,10.1109/icsece61636.2024.10729342,Research on the Prediction of Rockburst Risk in Deep Coal Mining Based on Random Forest and Support Vector Machine Models,2024,,conference-paper,S5c_mining_seismicity_terms,1,Xt,excluded: task out of scope,,0
m1445,https://openalex.org/W7126406852,10.1016/j.compgeo.2026.107930,Prediction of rock mass energy evolution during deep tunnel construction using static temporal fusion transformer and numerical surrogate model,2026,Computers and Geotechnics,article,S5c_mining_seismicity_terms,1,Xt,excluded: task out of scope,,0
m1446,https://openalex.org/W4293234894,10.1109/icgmrs55602.2022.9849330,A Neural Network Model-Based Inversion Method for Stratified Seafloor Geoacoustic Parameters in Shallow Water,2022,"2022 3rd International Conference on Geology, Mapping and Remote Sensing (ICGMRS)",conference-paper,S5c_mining_seismicity_terms,1,Xs,excluded: setting out of scope,,0
m1447,https://openalex.org/W7155054917,10.1109/icassp55912.2026.11463030,Physics-Informed Neural Networks for Ocean Acoustic Field Reconstruction and Source Localization,2026,,conference-paper,S5c_mining_seismicity_terms,1,Xs,excluded: setting out of scope,,0
m1448,https://openalex.org/W2987168067,10.3233/jifs-179514,Predictive analysis of impact hazard level of coal rock mass based on fuzzy inference network,2019,Journal of Intelligent & Fuzzy Systems,article,S5c_mining_seismicity_terms,1,Xt,excluded: task out of scope,,0
m1449,https://openalex.org/W3110161886,10.1121/1.5147584,Seabed classification using localized forward modeling and deep learning,2020,The Journal of the Acoustical Society of America,conference-abstract,S5c_mining_seismicity_terms,1,Xs,excluded: setting out of scope,,0
m1450,https://openalex.org/W4405755293,10.1109/icpics62053.2024.10796301,Prediction of Rockburst Hazard in Deep Coal Mining Based on Random Forest,2024,,conference-paper,S5c_mining_seismicity_terms,1,Xt,excluded: task out of scope,,0
m1451,https://openalex.org/W4417521485,10.1145/3778450.3778520,An Interpretable Machine Learning Method for Rockburst Risk Assessment,2025,,conference-paper,S5c_mining_seismicity_terms,1,Xt,excluded: task out of scope,,0
m1452,https://openalex.org/W4387006332,10.1109/icmiii58949.2023.00110,Research on Fine Identification Method of Tunnel Geological Digital Drilling Based on Artificial Neural Network,2023,,conference-paper,S5c_mining_seismicity_terms,1,Xs,excluded: setting out of scope,,0
m1453,https://openalex.org/W7164361735,10.1016/j.jappgeo.2026.106362,Physics-validated early warning of high-energy mine tremors: Fusing multi-domain Gutenberg–Richter precursors with dynamic–static stress modelling,2026,Journal of Applied Geophysics,article,S5c_mining_seismicity_terms,0,Xt,excluded: task out of scope,,0
m1454,https://openalex.org/W4407755694,10.1145/3701047.3701067,Comparative Analysis of Various Machine Learning Techniques for Rockburst Risk Prediction,2024,,conference-paper,S5c_mining_seismicity_terms,1,Xt,excluded: task out of scope,,0
m1455,https://openalex.org/W7204810053,10.20944/preprints202608.2111.v1,Estimation of the Computational Efficiency of Parallel Implementation of the Algorithm for Modeling a Location Source Based on an Ensemble of Physico-Informed Neural Networks,2026,Preprints.org,preprint,S5c_mining_seismicity_terms,1,Xs,excluded: setting out of scope,,0
m1456,https://openalex.org/W3111212008,10.1093/gji/ggaa572,The geometry of signal space: a case study of direct mapping between seismic signals and event distribution,2020,Geophysical Journal International,article,S5c_mining_seismicity_terms,1,Xn,excluded: no ML or DL component,,0
m1457,https://openalex.org/W2889533133,10.1142/s2591728518500470,Statistical Characterization of Acoustic Signals Using 1D Wavelet Transforms with Applications in Acoustical Oceanography,2018,Journal of Theoretical and Computational Acoustics,article,S5c_mining_seismicity_terms,1,Xs,excluded: setting out of scope,,0
m1458,https://openalex.org/W2963479334,10.1029/2018ea000545,Sound Velocity Predictive Model Based on Physical Properties,2019,Earth and Space Science,article,S5c_mining_seismicity_terms,1,Xs,excluded: setting out of scope,,0
m1459,https://openalex.org/W4403355517,10.54254/2755-2721/95/2024bj0059,Signal recognition and prediction system based on random forest model,2024,Applied and Computational Engineering,article,S5c_mining_seismicity_terms,1,Xt,excluded: task out of scope,,0
m1460,https://openalex.org/W7171670102,10.3390/pr14152450,Bayesian-Optimized Machine Learning Framework with SHAP Interpretation for Rockburst Intensity Prediction in Deep Underground Engineering,2026,Processes,article,S5c_mining_seismicity_terms,1,Xt,excluded: task out of scope,,0
m1461,https://openalex.org/W4399687859,10.3389/feart.2024.1378956,A coal bursting liability evaluation model based on fuzzy set theory and analysis of three influencing factors,2024,Frontiers in Earth Science,article,S5c_mining_seismicity_terms,1,Xt,excluded: task out of scope,,0
m1462,https://openalex.org/W3167060712,10.1121/10.0004687,Seabed classification from ship-radiated noise using an ensemble deep learning,2021,The Journal of the Acoustical Society of America,conference-abstract,S5c_mining_seismicity_terms,1,Xs,excluded: setting out of scope,,0
m1463,https://openalex.org/W7116961842,10.1093/iti/liaf032,A new method of rockburst prediction for imbalanced data categories using an improved XGBoost algorithm with enhanced interpretability,2025,Intelligent Transportation Infrastructure,article,S5c_mining_seismicity_terms,1,Xt,excluded: task out of scope,,0
m1464,https://openalex.org/W4403864582,10.1109/icsece61636.2024.10729572,Research on Risk Prediction of Deep Mining in Coal Mines Based on Neural Network and Stacking Integrated Learning Model,2024,,conference-paper,S5c_mining_seismicity_terms,1,Xt,excluded: task out of scope,,0
m1465,https://openalex.org/W4417201764,10.1109/tgrs.2025.3642313,Theory-Guided Seafloor Classification: Joint Acoustic Inversion and Data-Driven Modeling,2025,IEEE Transactions on Geoscience and Remote Sensing,article,S5c_mining_seismicity_terms,1,Xs,excluded: setting out of scope,,0
m1466,https://openalex.org/W3169922188,10.1145/3442442.3451145,A Kind of Prediction Based on SOM Neural Clustering and Combination Weighting Evaluation Method,2021,Companion Proceedings of the Web Conference 2021,conference-paper,S5c_mining_seismicity_terms,1,Xt,excluded: task out of scope,,0
m1467,https://openalex.org/W7211991218,10.1016/j.tust.2026.108099,Interpretable rockburst intensity prediction using a criterion–similarity decoupled fuzzy-regularized graph convolutional network,2026,Tunnelling and Underground Space Technology,article,S5c_mining_seismicity_terms,0,Xt,excluded: task out of scope,,0
m1468,https://openalex.org/W7213559762,10.1038/s44304-026-00272-x,Early warning of mine seismic events via spatiotemporal information transformation learning,2026,npj natural hazards.,article,S5c_mining_seismicity_terms,1,Xt,excluded: task out of scope,,0
m1469,https://openalex.org/W4405849632,10.1145/3703187.3703287,Advanced Mathematical Modeling for Predictive Analytics of Rock Burst Hazards in Deep Coal Mining Excavations,2024,,conference-paper,S5c_mining_seismicity_terms,1,Xt,excluded: task out of scope,,0
m1470,https://openalex.org/W4410615987,10.1016/j.jrmge.2025.02.023,Early warning system for risk assessment in geotechnical engineering using Kolmogorov-Arnold networks,2025,Journal of Rock Mechanics and Geotechnical Engineering,article,S5c_mining_seismicity_terms,1,Xt,excluded: task out of scope,,0
m1471,https://openalex.org/W4409723417,10.21203/rs.3.rs-5646882/v1,Analysis of Key Geological Structures and Rockburst Prediction Method,2025,Research Square,preprint,S5c_mining_seismicity_terms,0,Xt,excluded: task out of scope,,0
m1472,https://openalex.org/W3193317609,10.1002/essoar.10507746.1,Teleseismic Discrimination Using Deep Learning,2021,,preprint,S5c_mining_seismicity_terms,1,Xs,excluded: setting out of scope,,0
m1473,https://openalex.org/W4411101981,10.61784/wjer3024,OPTIMIZATION OF COAL MINE ROCKBURST EARLY WARNING SYSTEM,2025,World Journal of Engineering Research,article,S5c_mining_seismicity_terms,1,Xt,excluded: task out of scope,,0
m1474,https://openalex.org/W7160697537,10.1007/s11053-026-10680-5,Explainable Rockburst Prediction Under Class Imbalance: An MISSA-Stacking Ensemble Model,2026,Natural Resources Research,article,S5c_mining_seismicity_terms,0,Xt,excluded: task out of scope,,0
m1475,https://openalex.org/W7167071167,10.1007/s10064-026-05086-9,Experimental study on the fracture process and failure mechanism of impact rockburst,2026,Bulletin of Engineering Geology and the Environment,article,S5c_mining_seismicity_terms,0,Xt,excluded: task out of scope,,0
m1476,https://openalex.org/W7160943830,10.1121/10.0041495,Matched-field source-range estimation with physics-informed machine learning,2025,The Journal of the Acoustical Society of America,conference-abstract,S5c_mining_seismicity_terms,1,Xs,excluded: setting out of scope,,0
m1477,https://openalex.org/W7164398599,10.1007/s10596-026-10446-1,Novel rockburst evaluation model based on a KPCA-IF-BorderlineSMOTE-ENN preprocessing framework,2026,Computational Geosciences,article,S5c_mining_seismicity_terms,1,Xt,excluded: task out of scope,,0
m1478,https://openalex.org/W4416726984,10.23919/oceans59106.2025.11245018,Preliminary Study Toward Hybrid Machine Learning for Remote Seabed Characterization,2025,,conference-paper,S5c_mining_seismicity_terms,1,Xs,excluded: setting out of scope,,0
m1479,https://openalex.org/W4367151917,10.1121/10.0018152,Estimating seabed properties with a residual convolutional network,2023,The Journal of the Acoustical Society of America,conference-abstract,S5c_mining_seismicity_terms,1,Xs,excluded: setting out of scope,,0
m1480,https://openalex.org/W4312628786,10.1121/10.0015974,Simultaneous detection and ranging of baleen whale impulsive vocalizations using a temporal convolutional network,2022,The Journal of the Acoustical Society of America,conference-abstract,S5c_mining_seismicity_terms,1,Xs,excluded: setting out of scope,,0
m1481,https://openalex.org/W7212914297,10.3390/vibration9030058,Rockburst Intensity Prediction Using TabPFN with Ensemble Consistency-Based Data Quality Screening,2026,Vibration,article,S5c_mining_seismicity_terms,1,Xt,excluded: task out of scope,,0
m1482,https://openalex.org/W7167500370,10.3390/app16136790,Source-Invariant Ordinal Label Distribution Learning for Heterogeneous Rockburst Intensity Prediction,2026,Applied Sciences,article,S5c_mining_seismicity_terms,1,Xt,excluded: task out of scope,,0
m1483,https://openalex.org/W7203586367,10.1016/j.tust.2026.108033,Rockburst risk assessment in deep mining using ensemble models with Interpretable features,2026,Tunnelling and Underground Space Technology,article,S5c_mining_seismicity_terms,0,Xt,excluded: task out of scope,,0
m1484,https://openalex.org/W7162657152,10.1038/s41598-026-55077-9,An integrated approach to mining layout design for compound-hazards mines with coordinated rockburst and water inrush control,2026,Scientific Reports,article,S5c_mining_seismicity_terms,1,Xt,excluded: task out of scope,,0
m1485,https://openalex.org/W7172118659,10.36487/acg_repo/2645_47,"The benefits of unconstrained, data-driven velocity models for seismic processing in caving operations",2026,,conference-paper,S5c_mining_seismicity_terms,1,Xn,excluded: no ML or DL component,,0
m1486,https://openalex.org/W7133872986,10.21203/rs.3.rs-8948521/v1,An integrated approach to mining layout design for compound-hazards mines with coordinated rockburst and water inrush control,2026,Research Square,preprint,S5c_mining_seismicity_terms,0,Xt,excluded: task out of scope,,0
m1487,https://openalex.org/W4411600436,10.1371/journal.pone.0325966,Rockburst grade evaluation and parameter sensitivity analysis based on SSA-PNN framework: Considering rock mass strength,2025,PLoS ONE,article,S5c_mining_seismicity_terms,1,Xt,excluded: task out of scope,,0
m1488,https://openalex.org/W7162556125,10.1016/j.envres.2026.124830,A frame-difference-aware rockburst early warning method based on the spatiotemporal distribution of microseismicity in deep mines,2026,Environmental Research,article,S5c_mining_seismicity_terms,0,Xt,excluded: task out of scope,,0
m1489,https://openalex.org/W7163341380,10.1007/s00603-026-05647-0,Study on the Prediction and Variation Characteristics of Acoustic Emission Signals in the Rockburst Stage Based on an Improved Fish Swarm Optimization Algorithm,2026,Rock Mechanics and Rock Engineering,article,S5c_mining_seismicity_terms,0,Xt,excluded: task out of scope,,0
m1490,https://openalex.org/W4292609349,10.36487/acg_repo/2205_38,BCRisk applications for rill swell hazard analysis in PC1: case study at Cadia East Operations,2022,Caving 2022: Fifth International Conference on Block and Sublevel Caving,conference-paper,S5c_mining_seismicity_terms,1,Xt,excluded: task out of scope,,0
m1491,https://openalex.org/W4399802357,10.3390/math12121902,A Method for Evaluating the Data Integrity of Microseismic Monitoring Systems in Mines Based on a Gradient Boosting Algorithm,2024,Mathematics,article,S5c_mining_seismicity_terms,1,Xt,excluded: task out of scope,,0
m1492,https://openalex.org/W7155208970,10.1108/ec-07-2025-0843,Advanced displacement prediction of deep roadway roof with data fusion using machine-learning models: a comparative study,2026,Engineering Computations,article,S5c_mining_seismicity_terms,1,Xt,excluded: task out of scope,,0
m1493,https://openalex.org/W7167739627,10.62517/jsse.202608206,The Evolutionary Path of Dynamic Identification Algorithms for Safety Risks in Deep Coal Mines Based on Measurement While Drilling,2026,Journal of safety science and engineering.,article,S5c_mining_seismicity_terms,1,Xp,"excluded: secondary study (review, survey)",,0
m1494,https://openalex.org/W4413206022,10.1109/oceans58557.2025.11104697,A Learned Approach to Adaptive Sampling for Seabed Identification with Autonomous Vehicles,2025,,conference-paper,S5c_mining_seismicity_terms,1,Xs,excluded: setting out of scope,,0
m1495,https://openalex.org/W4414556883,10.1080/19475705.2025.2555726,Optimization of TBM tunnelling efficiency based on stacking ensemble learning,2025,Geomatics Natural Hazards and Risk,article,S5c_mining_seismicity_terms,1,Xt,excluded: task out of scope,,0
m1496,https://openalex.org/W7204202375,10.1121/10.0045258,Bayesian dictionary learning detection and impulse response deconvolution in an uncertain underwater environment,2026,The Journal of the Acoustical Society of America,article,S5c_mining_seismicity_terms,1,Xs,excluded: setting out of scope,,0
m1497,https://openalex.org/W4416891440,10.47297/wspciwsp2516-252779.20250905,Research on Risk Situation Assessment and Early Warning Model of Major Disasters in Coal Mine Based on Complex System Theory,2025,Creativity and Innovation,article,S5c_mining_seismicity_terms,1,Xt,excluded: task out of scope,,0
m1498,https://openalex.org/W4383267109,10.17580/gzh.2023.05.06,Dealing with geodynamic safety challenges in cooperation with a mining company: A case-study,2023,Gornyi Zhurnal,article,S5c_mining_seismicity_terms,1,Xt,excluded: task out of scope,,0
m1499,https://openalex.org/W7212132785,10.1016/j.ijmst.2026.09.001,Probability-compensated fracture energy density for high-magnitude acoustic emission warning in rock under shear loading,2026,International Journal of Mining Science and Technology,article,S5c_mining_seismicity_terms,1,Xs,excluded: setting out of scope,,0
m1500,https://openalex.org/W4409456722,10.17580/gzh.2025.03.01,Geomechanical monitoring for safe and efficient subsoil use: Methods and tools,2025,Gornyi Zhurnal,article,S5c_mining_seismicity_terms,1,Xp,"excluded: secondary study (review, survey)",,0
m1501,https://openalex.org/W4414093404,10.3390/app15189869,Spatiotemporal Evolution of the Failure Process of Sandstone Monitored Using Multi-Point Fiber Bragg Grating,2025,Applied Sciences,article,S5c_mining_seismicity_terms,1,Xs,excluded: setting out of scope,,0
m1502,https://openalex.org/W7162212264,10.1117/12.3115821,Processing strongly non-stationary AE/EMR signals based on the VMD–SWT–TEO adaptive time-frequency signal framework,2026,,conference-abstract,S5c_mining_seismicity_terms,1,Xm,excluded: other sensing modality or regional networks only,,0
m1503,https://openalex.org/W4287503953,10.13272/j.issn.1671-251x.2020070064,Design of synchronous acquisition device for mine delayed seismic source,2021,DOAJ (DOAJ: Directory of Open Access Journals),article,S5c_mining_seismicity_terms,1,Xn,excluded: no ML or DL component,,0
m1504,https://openalex.org/W4411895343,10.1007/s10950-025-10308-w,High-resolution temporal variations in rock elasticity at kiruna mine (block #30 to #34) using full 4D passive seismic tomography,2025,Journal of Seismology,article,S5c_mining_seismicity_terms,1,Xn,excluded: no ML or DL component,,0
m1505,https://openalex.org/W4414847594,10.1029/2024ea004064,Generation and Evaluation of Synthetic Low‐Magnitude Earthquake Data Using Auxiliary Classifier GAN,2025,Earth and Space Science,article,"S4_forward_citation; S5_rule_recheck",1,Xs,excluded: setting out of scope,,0
